participant_id,question_id,question_text,condition_number,condition_label,Topic,n_sentences,n_unit_sentences,participant_topic_proportion,topic_name,topic_label
1,Q1,Como se sente agora?,3,Control,-1,0,1,0.0,-1_será_será alguém_alguém_família,Unassigned or mixed content
1,Q1,Como se sente agora?,3,Control,0,0,1,0.0,0_tranquila_calma_relaxada_sinto,Calm and relaxation
1,Q1,Como se sente agora?,3,Control,1,0,1,0.0,1_pessoas_cuidado_doentes_todas,Compassionate and professional care
1,Q1,Como se sente agora?,3,Control,2,0,1,0.0,2_mim_diferente_diferença_bocadinho,Subjective emotional and experiential effects
1,Q1,Como se sente agora?,3,Control,3,0,1,0.0,3_cirurgia_vai_fazer_pode depressa,Surgical concerns and coping
1,Q1,Como se sente agora?,3,Control,4,0,1,0.0,4_cima_ir_sítio_abaixo,Movement and sense of place
1,Q1,Como se sente agora?,3,Control,5,0,1,0.0,5_água_natureza_ar_mar,Nature imagery and sensory responses
1,Q1,Como se sente agora?,3,Control,6,0,1,0.0,6_tempo_espera_tempo espera_agora,Waiting experience
1,Q1,Como se sente agora?,3,Control,7,0,1,0.0,7_manter_correu_positiva_manter positiva,Positive appraisal and optimism
1,Q1,Como se sente agora?,3,Control,8,0,1,0.0,8_cinco_estrelas_cinco estrelas_mesma,No perceived change and brief appraisals
1,Q1,Como se sente agora?,3,Control,9,1,1,1.0,9_ansiedade_ansiosa_bocadinho_nervosismo,Anxiety and nervousness
1,Q1,Como se sente agora?,3,Control,10,0,1,0.0,10_sinto_sinto sinto_estável sinto_desde cheguei,Feeling well and stable
1,Q1,Como se sente agora?,3,Control,11,0,1,0.0,11_acolhida_acolhimento_acolhida acolhida_sentir,Feeling welcomed
2,Q1,Como se sente agora?,2,VR Only,-1,0,1,0.0,-1_será_será alguém_alguém_família,Unassigned or mixed content
2,Q1,Como se sente agora?,2,VR Only,0,1,1,1.0,0_tranquila_calma_relaxada_sinto,Calm and relaxation
2,Q1,Como se sente agora?,2,VR Only,1,0,1,0.0,1_pessoas_cuidado_doentes_todas,Compassionate and professional care
2,Q1,Como se sente agora?,2,VR Only,2,0,1,0.0,2_mim_diferente_diferença_bocadinho,Subjective emotional and experiential effects
2,Q1,Como se sente agora?,2,VR Only,3,0,1,0.0,3_cirurgia_vai_fazer_pode depressa,Surgical concerns and coping
2,Q1,Como se sente agora?,2,VR Only,4,0,1,0.0,4_cima_ir_sítio_abaixo,Movement and sense of place
2,Q1,Como se sente agora?,2,VR Only,5,0,1,0.0,5_água_natureza_ar_mar,Nature imagery and sensory responses
2,Q1,Como se sente agora?,2,VR Only,6,0,1,0.0,6_tempo_espera_tempo espera_agora,Waiting experience
2,Q1,Como se sente agora?,2,VR Only,7,0,1,0.0,7_manter_correu_positiva_manter positiva,Positive appraisal and optimism
2,Q1,Como se sente agora?,2,VR Only,8,0,1,0.0,8_cinco_estrelas_cinco estrelas_mesma,No perceived change and brief appraisals
2,Q1,Como se sente agora?,2,VR Only,9,0,1,0.0,9_ansiedade_ansiosa_bocadinho_nervosismo,Anxiety and nervousness
2,Q1,Como se sente agora?,2,VR Only,10,0,1,0.0,10_sinto_sinto sinto_estável sinto_desde cheguei,Feeling well and stable
2,Q1,Como se sente agora?,2,VR Only,11,0,1,0.0,11_acolhida_acolhimento_acolhida acolhida_sentir,Feeling welcomed
3,Q1,Como se sente agora?,1,VR Art,-1,0,3,0.0,-1_será_será alguém_alguém_família,Unassigned or mixed content
3,Q1,Como se sente agora?,1,VR Art,0,3,3,1.0,0_tranquila_calma_relaxada_sinto,Calm and relaxation
3,Q1,Como se sente agora?,1,VR Art,1,0,3,0.0,1_pessoas_cuidado_doentes_todas,Compassionate and professional care
3,Q1,Como se sente agora?,1,VR Art,2,0,3,0.0,2_mim_diferente_diferença_bocadinho,Subjective emotional and experiential effects
3,Q1,Como se sente agora?,1,VR Art,3,0,3,0.0,3_cirurgia_vai_fazer_pode depressa,Surgical concerns and coping
3,Q1,Como se sente agora?,1,VR Art,4,0,3,0.0,4_cima_ir_sítio_abaixo,Movement and sense of place
3,Q1,Como se sente agora?,1,VR Art,5,0,3,0.0,5_água_natureza_ar_mar,Nature imagery and sensory responses
3,Q1,Como se sente agora?,1,VR Art,6,0,3,0.0,6_tempo_espera_tempo espera_agora,Waiting experience
3,Q1,Como se sente agora?,1,VR Art,7,0,3,0.0,7_manter_correu_positiva_manter positiva,Positive appraisal and optimism
3,Q1,Como se sente agora?,1,VR Art,8,0,3,0.0,8_cinco_estrelas_cinco estrelas_mesma,No perceived change and brief appraisals
3,Q1,Como se sente agora?,1,VR Art,9,0,3,0.0,9_ansiedade_ansiosa_bocadinho_nervosismo,Anxiety and nervousness
3,Q1,Como se sente agora?,1,VR Art,10,0,3,0.0,10_sinto_sinto sinto_estável sinto_desde cheguei,Feeling well and stable
3,Q1,Como se sente agora?,1,VR Art,11,0,3,0.0,11_acolhida_acolhimento_acolhida acolhida_sentir,Feeling welcomed
4,Q1,Como se sente agora?,3,Control,-1,0,2,0.0,-1_será_será alguém_alguém_família,Unassigned or mixed content
4,Q1,Como se sente agora?,3,Control,0,2,2,1.0,0_tranquila_calma_relaxada_sinto,Calm and relaxation
4,Q1,Como se sente agora?,3,Control,1,0,2,0.0,1_pessoas_cuidado_doentes_todas,Compassionate and professional care
4,Q1,Como se sente agora?,3,Control,2,0,2,0.0,2_mim_diferente_diferença_bocadinho,Subjective emotional and experiential effects
4,Q1,Como se sente agora?,3,Control,3,0,2,0.0,3_cirurgia_vai_fazer_pode depressa,Surgical concerns and coping
4,Q1,Como se sente agora?,3,Control,4,0,2,0.0,4_cima_ir_sítio_abaixo,Movement and sense of place
4,Q1,Como se sente agora?,3,Control,5,0,2,0.0,5_água_natureza_ar_mar,Nature imagery and sensory responses
4,Q1,Como se sente agora?,3,Control,6,0,2,0.0,6_tempo_espera_tempo espera_agora,Waiting experience
4,Q1,Como se sente agora?,3,Control,7,0,2,0.0,7_manter_correu_positiva_manter positiva,Positive appraisal and optimism
4,Q1,Como se sente agora?,3,Control,8,0,2,0.0,8_cinco_estrelas_cinco estrelas_mesma,No perceived change and brief appraisals
4,Q1,Como se sente agora?,3,Control,9,0,2,0.0,9_ansiedade_ansiosa_bocadinho_nervosismo,Anxiety and nervousness
4,Q1,Como se sente agora?,3,Control,10,0,2,0.0,10_sinto_sinto sinto_estável sinto_desde cheguei,Feeling well and stable
4,Q1,Como se sente agora?,3,Control,11,0,2,0.0,11_acolhida_acolhimento_acolhida acolhida_sentir,Feeling welcomed
5,Q1,Como se sente agora?,2,VR Only,-1,0,4,0.0,-1_será_será alguém_alguém_família,Unassigned or mixed content
5,Q1,Como se sente agora?,2,VR Only,0,3,4,0.75,0_tranquila_calma_relaxada_sinto,Calm and relaxation
5,Q1,Como se sente agora?,2,VR Only,1,0,4,0.0,1_pessoas_cuidado_doentes_todas,Compassionate and professional care
5,Q1,Como se sente agora?,2,VR Only,2,0,4,0.0,2_mim_diferente_diferença_bocadinho,Subjective emotional and experiential effects
5,Q1,Como se sente agora?,2,VR Only,3,0,4,0.0,3_cirurgia_vai_fazer_pode depressa,Surgical concerns and coping
5,Q1,Como se sente agora?,2,VR Only,4,0,4,0.0,4_cima_ir_sítio_abaixo,Movement and sense of place
5,Q1,Como se sente agora?,2,VR Only,5,1,4,0.25,5_água_natureza_ar_mar,Nature imagery and sensory responses
5,Q1,Como se sente agora?,2,VR Only,6,0,4,0.0,6_tempo_espera_tempo espera_agora,Waiting experience
5,Q1,Como se sente agora?,2,VR Only,7,0,4,0.0,7_manter_correu_positiva_manter positiva,Positive appraisal and optimism
5,Q1,Como se sente agora?,2,VR Only,8,0,4,0.0,8_cinco_estrelas_cinco estrelas_mesma,No perceived change and brief appraisals
5,Q1,Como se sente agora?,2,VR Only,9,0,4,0.0,9_ansiedade_ansiosa_bocadinho_nervosismo,Anxiety and nervousness
5,Q1,Como se sente agora?,2,VR Only,10,0,4,0.0,10_sinto_sinto sinto_estável sinto_desde cheguei,Feeling well and stable
5,Q1,Como se sente agora?,2,VR Only,11,0,4,0.0,11_acolhida_acolhimento_acolhida acolhida_sentir,Feeling welcomed
7,Q1,Como se sente agora?,2,VR Only,-1,0,9,0.0,-1_será_será alguém_alguém_família,Unassigned or mixed content
7,Q1,Como se sente agora?,2,VR Only,0,0,9,0.0,0_tranquila_calma_relaxada_sinto,Calm and relaxation
7,Q1,Como se sente agora?,2,VR Only,1,0,9,0.0,1_pessoas_cuidado_doentes_todas,Compassionate and professional care
7,Q1,Como se sente agora?,2,VR Only,2,8,9,0.8888888888888888,2_mim_diferente_diferença_bocadinho,Subjective emotional and experiential effects
7,Q1,Como se sente agora?,2,VR Only,3,0,9,0.0,3_cirurgia_vai_fazer_pode depressa,Surgical concerns and coping
7,Q1,Como se sente agora?,2,VR Only,4,0,9,0.0,4_cima_ir_sítio_abaixo,Movement and sense of place
7,Q1,Como se sente agora?,2,VR Only,5,1,9,0.1111111111111111,5_água_natureza_ar_mar,Nature imagery and sensory responses
7,Q1,Como se sente agora?,2,VR Only,6,0,9,0.0,6_tempo_espera_tempo espera_agora,Waiting experience
7,Q1,Como se sente agora?,2,VR Only,7,0,9,0.0,7_manter_correu_positiva_manter positiva,Positive appraisal and optimism
7,Q1,Como se sente agora?,2,VR Only,8,0,9,0.0,8_cinco_estrelas_cinco estrelas_mesma,No perceived change and brief appraisals
7,Q1,Como se sente agora?,2,VR Only,9,0,9,0.0,9_ansiedade_ansiosa_bocadinho_nervosismo,Anxiety and nervousness
7,Q1,Como se sente agora?,2,VR Only,10,0,9,0.0,10_sinto_sinto sinto_estável sinto_desde cheguei,Feeling well and stable
7,Q1,Como se sente agora?,2,VR Only,11,0,9,0.0,11_acolhida_acolhimento_acolhida acolhida_sentir,Feeling welcomed
9,Q1,Como se sente agora?,3,Control,-1,0,7,0.0,-1_será_será alguém_alguém_família,Unassigned or mixed content
9,Q1,Como se sente agora?,3,Control,0,0,7,0.0,0_tranquila_calma_relaxada_sinto,Calm and relaxation
9,Q1,Como se sente agora?,3,Control,1,0,7,0.0,1_pessoas_cuidado_doentes_todas,Compassionate and professional care
9,Q1,Como se sente agora?,3,Control,2,1,7,0.1428571428571428,2_mim_diferente_diferença_bocadinho,Subjective emotional and experiential effects
9,Q1,Como se sente agora?,3,Control,3,4,7,0.5714285714285714,3_cirurgia_vai_fazer_pode depressa,Surgical concerns and coping
9,Q1,Como se sente agora?,3,Control,4,0,7,0.0,4_cima_ir_sítio_abaixo,Movement and sense of place
9,Q1,Como se sente agora?,3,Control,5,0,7,0.0,5_água_natureza_ar_mar,Nature imagery and sensory responses
9,Q1,Como se sente agora?,3,Control,6,0,7,0.0,6_tempo_espera_tempo espera_agora,Waiting experience
9,Q1,Como se sente agora?,3,Control,7,0,7,0.0,7_manter_correu_positiva_manter positiva,Positive appraisal and optimism
9,Q1,Como se sente agora?,3,Control,8,2,7,0.2857142857142857,8_cinco_estrelas_cinco estrelas_mesma,No perceived change and brief appraisals
9,Q1,Como se sente agora?,3,Control,9,0,7,0.0,9_ansiedade_ansiosa_bocadinho_nervosismo,Anxiety and nervousness
9,Q1,Como se sente agora?,3,Control,10,0,7,0.0,10_sinto_sinto sinto_estável sinto_desde cheguei,Feeling well and stable
9,Q1,Como se sente agora?,3,Control,11,0,7,0.0,11_acolhida_acolhimento_acolhida acolhida_sentir,Feeling welcomed
12,Q1,Como se sente agora?,1,VR Art,-1,0,7,0.0,-1_será_será alguém_alguém_família,Unassigned or mixed content
12,Q1,Como se sente agora?,1,VR Art,0,2,7,0.2857142857142857,0_tranquila_calma_relaxada_sinto,Calm and relaxation
12,Q1,Como se sente agora?,1,VR Art,1,0,7,0.0,1_pessoas_cuidado_doentes_todas,Compassionate and professional care
12,Q1,Como se sente agora?,1,VR Art,2,0,7,0.0,2_mim_diferente_diferença_bocadinho,Subjective emotional and experiential effects
12,Q1,Como se sente agora?,1,VR Art,3,1,7,0.1428571428571428,3_cirurgia_vai_fazer_pode depressa,Surgical concerns and coping
12,Q1,Como se sente agora?,1,VR Art,4,0,7,0.0,4_cima_ir_sítio_abaixo,Movement and sense of place
12,Q1,Como se sente agora?,1,VR Art,5,0,7,0.0,5_água_natureza_ar_mar,Nature imagery and sensory responses
12,Q1,Como se sente agora?,1,VR Art,6,4,7,0.5714285714285714,6_tempo_espera_tempo espera_agora,Waiting experience
12,Q1,Como se sente agora?,1,VR Art,7,0,7,0.0,7_manter_correu_positiva_manter positiva,Positive appraisal and optimism
12,Q1,Como se sente agora?,1,VR Art,8,0,7,0.0,8_cinco_estrelas_cinco estrelas_mesma,No perceived change and brief appraisals
12,Q1,Como se sente agora?,1,VR Art,9,0,7,0.0,9_ansiedade_ansiosa_bocadinho_nervosismo,Anxiety and nervousness
12,Q1,Como se sente agora?,1,VR Art,10,0,7,0.0,10_sinto_sinto sinto_estável sinto_desde cheguei,Feeling well and stable
12,Q1,Como se sente agora?,1,VR Art,11,0,7,0.0,11_acolhida_acolhimento_acolhida acolhida_sentir,Feeling welcomed
13,Q1,Como se sente agora?,3,Control,-1,0,1,0.0,-1_será_será alguém_alguém_família,Unassigned or mixed content
13,Q1,Como se sente agora?,3,Control,0,1,1,1.0,0_tranquila_calma_relaxada_sinto,Calm and relaxation
13,Q1,Como se sente agora?,3,Control,1,0,1,0.0,1_pessoas_cuidado_doentes_todas,Compassionate and professional care
13,Q1,Como se sente agora?,3,Control,2,0,1,0.0,2_mim_diferente_diferença_bocadinho,Subjective emotional and experiential effects
13,Q1,Como se sente agora?,3,Control,3,0,1,0.0,3_cirurgia_vai_fazer_pode depressa,Surgical concerns and coping
13,Q1,Como se sente agora?,3,Control,4,0,1,0.0,4_cima_ir_sítio_abaixo,Movement and sense of place
13,Q1,Como se sente agora?,3,Control,5,0,1,0.0,5_água_natureza_ar_mar,Nature imagery and sensory responses
13,Q1,Como se sente agora?,3,Control,6,0,1,0.0,6_tempo_espera_tempo espera_agora,Waiting experience
13,Q1,Como se sente agora?,3,Control,7,0,1,0.0,7_manter_correu_positiva_manter positiva,Positive appraisal and optimism
13,Q1,Como se sente agora?,3,Control,8,0,1,0.0,8_cinco_estrelas_cinco estrelas_mesma,No perceived change and brief appraisals
13,Q1,Como se sente agora?,3,Control,9,0,1,0.0,9_ansiedade_ansiosa_bocadinho_nervosismo,Anxiety and nervousness
13,Q1,Como se sente agora?,3,Control,10,0,1,0.0,10_sinto_sinto sinto_estável sinto_desde cheguei,Feeling well and stable
13,Q1,Como se sente agora?,3,Control,11,0,1,0.0,11_acolhida_acolhimento_acolhida acolhida_sentir,Feeling welcomed
14,Q1,Como se sente agora?,1,VR Art,-1,0,2,0.0,-1_será_será alguém_alguém_família,Unassigned or mixed content
14,Q1,Como se sente agora?,1,VR Art,0,2,2,1.0,0_tranquila_calma_relaxada_sinto,Calm and relaxation
14,Q1,Como se sente agora?,1,VR Art,1,0,2,0.0,1_pessoas_cuidado_doentes_todas,Compassionate and professional care
14,Q1,Como se sente agora?,1,VR Art,2,0,2,0.0,2_mim_diferente_diferença_bocadinho,Subjective emotional and experiential effects
14,Q1,Como se sente agora?,1,VR Art,3,0,2,0.0,3_cirurgia_vai_fazer_pode depressa,Surgical concerns and coping
14,Q1,Como se sente agora?,1,VR Art,4,0,2,0.0,4_cima_ir_sítio_abaixo,Movement and sense of place
14,Q1,Como se sente agora?,1,VR Art,5,0,2,0.0,5_água_natureza_ar_mar,Nature imagery and sensory responses
14,Q1,Como se sente agora?,1,VR Art,6,0,2,0.0,6_tempo_espera_tempo espera_agora,Waiting experience
14,Q1,Como se sente agora?,1,VR Art,7,0,2,0.0,7_manter_correu_positiva_manter positiva,Positive appraisal and optimism
14,Q1,Como se sente agora?,1,VR Art,8,0,2,0.0,8_cinco_estrelas_cinco estrelas_mesma,No perceived change and brief appraisals
14,Q1,Como se sente agora?,1,VR Art,9,0,2,0.0,9_ansiedade_ansiosa_bocadinho_nervosismo,Anxiety and nervousness
14,Q1,Como se sente agora?,1,VR Art,10,0,2,0.0,10_sinto_sinto sinto_estável sinto_desde cheguei,Feeling well and stable
14,Q1,Como se sente agora?,1,VR Art,11,0,2,0.0,11_acolhida_acolhimento_acolhida acolhida_sentir,Feeling welcomed
15,Q1,Como se sente agora?,2,VR Only,-1,0,1,0.0,-1_será_será alguém_alguém_família,Unassigned or mixed content
15,Q1,Como se sente agora?,2,VR Only,0,0,1,0.0,0_tranquila_calma_relaxada_sinto,Calm and relaxation
15,Q1,Como se sente agora?,2,VR Only,1,0,1,0.0,1_pessoas_cuidado_doentes_todas,Compassionate and professional care
15,Q1,Como se sente agora?,2,VR Only,2,0,1,0.0,2_mim_diferente_diferença_bocadinho,Subjective emotional and experiential effects
15,Q1,Como se sente agora?,2,VR Only,3,0,1,0.0,3_cirurgia_vai_fazer_pode depressa,Surgical concerns and coping
15,Q1,Como se sente agora?,2,VR Only,4,0,1,0.0,4_cima_ir_sítio_abaixo,Movement and sense of place
15,Q1,Como se sente agora?,2,VR Only,5,0,1,0.0,5_água_natureza_ar_mar,Nature imagery and sensory responses
15,Q1,Como se sente agora?,2,VR Only,6,0,1,0.0,6_tempo_espera_tempo espera_agora,Waiting experience
15,Q1,Como se sente agora?,2,VR Only,7,0,1,0.0,7_manter_correu_positiva_manter positiva,Positive appraisal and optimism
15,Q1,Como se sente agora?,2,VR Only,8,0,1,0.0,8_cinco_estrelas_cinco estrelas_mesma,No perceived change and brief appraisals
15,Q1,Como se sente agora?,2,VR Only,9,0,1,0.0,9_ansiedade_ansiosa_bocadinho_nervosismo,Anxiety and nervousness
15,Q1,Como se sente agora?,2,VR Only,10,1,1,1.0,10_sinto_sinto sinto_estável sinto_desde cheguei,Feeling well and stable
15,Q1,Como se sente agora?,2,VR Only,11,0,1,0.0,11_acolhida_acolhimento_acolhida acolhida_sentir,Feeling welcomed
17,Q1,Como se sente agora?,1,VR Art,-1,0,1,0.0,-1_será_será alguém_alguém_família,Unassigned or mixed content
17,Q1,Como se sente agora?,1,VR Art,0,1,1,1.0,0_tranquila_calma_relaxada_sinto,Calm and relaxation
17,Q1,Como se sente agora?,1,VR Art,1,0,1,0.0,1_pessoas_cuidado_doentes_todas,Compassionate and professional care
17,Q1,Como se sente agora?,1,VR Art,2,0,1,0.0,2_mim_diferente_diferença_bocadinho,Subjective emotional and experiential effects
17,Q1,Como se sente agora?,1,VR Art,3,0,1,0.0,3_cirurgia_vai_fazer_pode depressa,Surgical concerns and coping
17,Q1,Como se sente agora?,1,VR Art,4,0,1,0.0,4_cima_ir_sítio_abaixo,Movement and sense of place
17,Q1,Como se sente agora?,1,VR Art,5,0,1,0.0,5_água_natureza_ar_mar,Nature imagery and sensory responses
17,Q1,Como se sente agora?,1,VR Art,6,0,1,0.0,6_tempo_espera_tempo espera_agora,Waiting experience
17,Q1,Como se sente agora?,1,VR Art,7,0,1,0.0,7_manter_correu_positiva_manter positiva,Positive appraisal and optimism
17,Q1,Como se sente agora?,1,VR Art,8,0,1,0.0,8_cinco_estrelas_cinco estrelas_mesma,No perceived change and brief appraisals
17,Q1,Como se sente agora?,1,VR Art,9,0,1,0.0,9_ansiedade_ansiosa_bocadinho_nervosismo,Anxiety and nervousness
17,Q1,Como se sente agora?,1,VR Art,10,0,1,0.0,10_sinto_sinto sinto_estável sinto_desde cheguei,Feeling well and stable
17,Q1,Como se sente agora?,1,VR Art,11,0,1,0.0,11_acolhida_acolhimento_acolhida acolhida_sentir,Feeling welcomed
18,Q1,Como se sente agora?,2,VR Only,-1,0,3,0.0,-1_será_será alguém_alguém_família,Unassigned or mixed content
18,Q1,Como se sente agora?,2,VR Only,0,2,3,0.6666666666666666,0_tranquila_calma_relaxada_sinto,Calm and relaxation
18,Q1,Como se sente agora?,2,VR Only,1,0,3,0.0,1_pessoas_cuidado_doentes_todas,Compassionate and professional care
18,Q1,Como se sente agora?,2,VR Only,2,0,3,0.0,2_mim_diferente_diferença_bocadinho,Subjective emotional and experiential effects
18,Q1,Como se sente agora?,2,VR Only,3,0,3,0.0,3_cirurgia_vai_fazer_pode depressa,Surgical concerns and coping
18,Q1,Como se sente agora?,2,VR Only,4,0,3,0.0,4_cima_ir_sítio_abaixo,Movement and sense of place
18,Q1,Como se sente agora?,2,VR Only,5,0,3,0.0,5_água_natureza_ar_mar,Nature imagery and sensory responses
18,Q1,Como se sente agora?,2,VR Only,6,0,3,0.0,6_tempo_espera_tempo espera_agora,Waiting experience
18,Q1,Como se sente agora?,2,VR Only,7,0,3,0.0,7_manter_correu_positiva_manter positiva,Positive appraisal and optimism
18,Q1,Como se sente agora?,2,VR Only,8,1,3,0.3333333333333333,8_cinco_estrelas_cinco estrelas_mesma,No perceived change and brief appraisals
18,Q1,Como se sente agora?,2,VR Only,9,0,3,0.0,9_ansiedade_ansiosa_bocadinho_nervosismo,Anxiety and nervousness
18,Q1,Como se sente agora?,2,VR Only,10,0,3,0.0,10_sinto_sinto sinto_estável sinto_desde cheguei,Feeling well and stable
18,Q1,Como se sente agora?,2,VR Only,11,0,3,0.0,11_acolhida_acolhimento_acolhida acolhida_sentir,Feeling welcomed
19,Q1,Como se sente agora?,2,VR Only,-1,0,6,0.0,-1_será_será alguém_alguém_família,Unassigned or mixed content
19,Q1,Como se sente agora?,2,VR Only,0,3,6,0.5,0_tranquila_calma_relaxada_sinto,Calm and relaxation
19,Q1,Como se sente agora?,2,VR Only,1,0,6,0.0,1_pessoas_cuidado_doentes_todas,Compassionate and professional care
19,Q1,Como se sente agora?,2,VR Only,2,1,6,0.1666666666666666,2_mim_diferente_diferença_bocadinho,Subjective emotional and experiential effects
19,Q1,Como se sente agora?,2,VR Only,3,0,6,0.0,3_cirurgia_vai_fazer_pode depressa,Surgical concerns and coping
19,Q1,Como se sente agora?,2,VR Only,4,0,6,0.0,4_cima_ir_sítio_abaixo,Movement and sense of place
19,Q1,Como se sente agora?,2,VR Only,5,2,6,0.3333333333333333,5_água_natureza_ar_mar,Nature imagery and sensory responses
19,Q1,Como se sente agora?,2,VR Only,6,0,6,0.0,6_tempo_espera_tempo espera_agora,Waiting experience
19,Q1,Como se sente agora?,2,VR Only,7,0,6,0.0,7_manter_correu_positiva_manter positiva,Positive appraisal and optimism
19,Q1,Como se sente agora?,2,VR Only,8,0,6,0.0,8_cinco_estrelas_cinco estrelas_mesma,No perceived change and brief appraisals
19,Q1,Como se sente agora?,2,VR Only,9,0,6,0.0,9_ansiedade_ansiosa_bocadinho_nervosismo,Anxiety and nervousness
19,Q1,Como se sente agora?,2,VR Only,10,0,6,0.0,10_sinto_sinto sinto_estável sinto_desde cheguei,Feeling well and stable
19,Q1,Como se sente agora?,2,VR Only,11,0,6,0.0,11_acolhida_acolhimento_acolhida acolhida_sentir,Feeling welcomed
20,Q1,Como se sente agora?,3,Control,-1,0,1,0.0,-1_será_será alguém_alguém_família,Unassigned or mixed content
20,Q1,Como se sente agora?,3,Control,0,1,1,1.0,0_tranquila_calma_relaxada_sinto,Calm and relaxation
20,Q1,Como se sente agora?,3,Control,1,0,1,0.0,1_pessoas_cuidado_doentes_todas,Compassionate and professional care
20,Q1,Como se sente agora?,3,Control,2,0,1,0.0,2_mim_diferente_diferença_bocadinho,Subjective emotional and experiential effects
20,Q1,Como se sente agora?,3,Control,3,0,1,0.0,3_cirurgia_vai_fazer_pode depressa,Surgical concerns and coping
20,Q1,Como se sente agora?,3,Control,4,0,1,0.0,4_cima_ir_sítio_abaixo,Movement and sense of place
20,Q1,Como se sente agora?,3,Control,5,0,1,0.0,5_água_natureza_ar_mar,Nature imagery and sensory responses
20,Q1,Como se sente agora?,3,Control,6,0,1,0.0,6_tempo_espera_tempo espera_agora,Waiting experience
20,Q1,Como se sente agora?,3,Control,7,0,1,0.0,7_manter_correu_positiva_manter positiva,Positive appraisal and optimism
20,Q1,Como se sente agora?,3,Control,8,0,1,0.0,8_cinco_estrelas_cinco estrelas_mesma,No perceived change and brief appraisals
20,Q1,Como se sente agora?,3,Control,9,0,1,0.0,9_ansiedade_ansiosa_bocadinho_nervosismo,Anxiety and nervousness
20,Q1,Como se sente agora?,3,Control,10,0,1,0.0,10_sinto_sinto sinto_estável sinto_desde cheguei,Feeling well and stable
20,Q1,Como se sente agora?,3,Control,11,0,1,0.0,11_acolhida_acolhimento_acolhida acolhida_sentir,Feeling welcomed
21,Q1,Como se sente agora?,1,VR Art,-1,0,1,0.0,-1_será_será alguém_alguém_família,Unassigned or mixed content
21,Q1,Como se sente agora?,1,VR Art,0,0,1,0.0,0_tranquila_calma_relaxada_sinto,Calm and relaxation
21,Q1,Como se sente agora?,1,VR Art,1,0,1,0.0,1_pessoas_cuidado_doentes_todas,Compassionate and professional care
21,Q1,Como se sente agora?,1,VR Art,2,0,1,0.0,2_mim_diferente_diferença_bocadinho,Subjective emotional and experiential effects
21,Q1,Como se sente agora?,1,VR Art,3,1,1,1.0,3_cirurgia_vai_fazer_pode depressa,Surgical concerns and coping
21,Q1,Como se sente agora?,1,VR Art,4,0,1,0.0,4_cima_ir_sítio_abaixo,Movement and sense of place
21,Q1,Como se sente agora?,1,VR Art,5,0,1,0.0,5_água_natureza_ar_mar,Nature imagery and sensory responses
21,Q1,Como se sente agora?,1,VR Art,6,0,1,0.0,6_tempo_espera_tempo espera_agora,Waiting experience
21,Q1,Como se sente agora?,1,VR Art,7,0,1,0.0,7_manter_correu_positiva_manter positiva,Positive appraisal and optimism
21,Q1,Como se sente agora?,1,VR Art,8,0,1,0.0,8_cinco_estrelas_cinco estrelas_mesma,No perceived change and brief appraisals
21,Q1,Como se sente agora?,1,VR Art,9,0,1,0.0,9_ansiedade_ansiosa_bocadinho_nervosismo,Anxiety and nervousness
21,Q1,Como se sente agora?,1,VR Art,10,0,1,0.0,10_sinto_sinto sinto_estável sinto_desde cheguei,Feeling well and stable
21,Q1,Como se sente agora?,1,VR Art,11,0,1,0.0,11_acolhida_acolhimento_acolhida acolhida_sentir,Feeling welcomed
22,Q1,Como se sente agora?,3,Control,-1,1,14,0.0714285714285714,-1_será_será alguém_alguém_família,Unassigned or mixed content
22,Q1,Como se sente agora?,3,Control,0,1,14,0.0714285714285714,0_tranquila_calma_relaxada_sinto,Calm and relaxation
22,Q1,Como se sente agora?,3,Control,1,1,14,0.0714285714285714,1_pessoas_cuidado_doentes_todas,Compassionate and professional care
22,Q1,Como se sente agora?,3,Control,2,3,14,0.2142857142857142,2_mim_diferente_diferença_bocadinho,Subjective emotional and experiential effects
22,Q1,Como se sente agora?,3,Control,3,0,14,0.0,3_cirurgia_vai_fazer_pode depressa,Surgical concerns and coping
22,Q1,Como se sente agora?,3,Control,4,0,14,0.0,4_cima_ir_sítio_abaixo,Movement and sense of place
22,Q1,Como se sente agora?,3,Control,5,0,14,0.0,5_água_natureza_ar_mar,Nature imagery and sensory responses
22,Q1,Como se sente agora?,3,Control,6,6,14,0.4285714285714285,6_tempo_espera_tempo espera_agora,Waiting experience
22,Q1,Como se sente agora?,3,Control,7,1,14,0.0714285714285714,7_manter_correu_positiva_manter positiva,Positive appraisal and optimism
22,Q1,Como se sente agora?,3,Control,8,1,14,0.0714285714285714,8_cinco_estrelas_cinco estrelas_mesma,No perceived change and brief appraisals
22,Q1,Como se sente agora?,3,Control,9,0,14,0.0,9_ansiedade_ansiosa_bocadinho_nervosismo,Anxiety and nervousness
22,Q1,Como se sente agora?,3,Control,10,0,14,0.0,10_sinto_sinto sinto_estável sinto_desde cheguei,Feeling well and stable
22,Q1,Como se sente agora?,3,Control,11,0,14,0.0,11_acolhida_acolhimento_acolhida acolhida_sentir,Feeling welcomed
24,Q1,Como se sente agora?,1,VR Art,-1,0,1,0.0,-1_será_será alguém_alguém_família,Unassigned or mixed content
24,Q1,Como se sente agora?,1,VR Art,0,0,1,0.0,0_tranquila_calma_relaxada_sinto,Calm and relaxation
24,Q1,Como se sente agora?,1,VR Art,1,0,1,0.0,1_pessoas_cuidado_doentes_todas,Compassionate and professional care
24,Q1,Como se sente agora?,1,VR Art,2,0,1,0.0,2_mim_diferente_diferença_bocadinho,Subjective emotional and experiential effects
24,Q1,Como se sente agora?,1,VR Art,3,0,1,0.0,3_cirurgia_vai_fazer_pode depressa,Surgical concerns and coping
24,Q1,Como se sente agora?,1,VR Art,4,0,1,0.0,4_cima_ir_sítio_abaixo,Movement and sense of place
24,Q1,Como se sente agora?,1,VR Art,5,1,1,1.0,5_água_natureza_ar_mar,Nature imagery and sensory responses
24,Q1,Como se sente agora?,1,VR Art,6,0,1,0.0,6_tempo_espera_tempo espera_agora,Waiting experience
24,Q1,Como se sente agora?,1,VR Art,7,0,1,0.0,7_manter_correu_positiva_manter positiva,Positive appraisal and optimism
24,Q1,Como se sente agora?,1,VR Art,8,0,1,0.0,8_cinco_estrelas_cinco estrelas_mesma,No perceived change and brief appraisals
24,Q1,Como se sente agora?,1,VR Art,9,0,1,0.0,9_ansiedade_ansiosa_bocadinho_nervosismo,Anxiety and nervousness
24,Q1,Como se sente agora?,1,VR Art,10,0,1,0.0,10_sinto_sinto sinto_estável sinto_desde cheguei,Feeling well and stable
24,Q1,Como se sente agora?,1,VR Art,11,0,1,0.0,11_acolhida_acolhimento_acolhida acolhida_sentir,Feeling welcomed
25,Q1,Como se sente agora?,2,VR Only,-1,0,1,0.0,-1_será_será alguém_alguém_família,Unassigned or mixed content
25,Q1,Como se sente agora?,2,VR Only,0,1,1,1.0,0_tranquila_calma_relaxada_sinto,Calm and relaxation
25,Q1,Como se sente agora?,2,VR Only,1,0,1,0.0,1_pessoas_cuidado_doentes_todas,Compassionate and professional care
25,Q1,Como se sente agora?,2,VR Only,2,0,1,0.0,2_mim_diferente_diferença_bocadinho,Subjective emotional and experiential effects
25,Q1,Como se sente agora?,2,VR Only,3,0,1,0.0,3_cirurgia_vai_fazer_pode depressa,Surgical concerns and coping
25,Q1,Como se sente agora?,2,VR Only,4,0,1,0.0,4_cima_ir_sítio_abaixo,Movement and sense of place
25,Q1,Como se sente agora?,2,VR Only,5,0,1,0.0,5_água_natureza_ar_mar,Nature imagery and sensory responses
25,Q1,Como se sente agora?,2,VR Only,6,0,1,0.0,6_tempo_espera_tempo espera_agora,Waiting experience
25,Q1,Como se sente agora?,2,VR Only,7,0,1,0.0,7_manter_correu_positiva_manter positiva,Positive appraisal and optimism
25,Q1,Como se sente agora?,2,VR Only,8,0,1,0.0,8_cinco_estrelas_cinco estrelas_mesma,No perceived change and brief appraisals
25,Q1,Como se sente agora?,2,VR Only,9,0,1,0.0,9_ansiedade_ansiosa_bocadinho_nervosismo,Anxiety and nervousness
25,Q1,Como se sente agora?,2,VR Only,10,0,1,0.0,10_sinto_sinto sinto_estável sinto_desde cheguei,Feeling well and stable
25,Q1,Como se sente agora?,2,VR Only,11,0,1,0.0,11_acolhida_acolhimento_acolhida acolhida_sentir,Feeling welcomed
26,Q1,Como se sente agora?,3,Control,-1,0,3,0.0,-1_será_será alguém_alguém_família,Unassigned or mixed content
26,Q1,Como se sente agora?,3,Control,0,2,3,0.6666666666666666,0_tranquila_calma_relaxada_sinto,Calm and relaxation
26,Q1,Como se sente agora?,3,Control,1,0,3,0.0,1_pessoas_cuidado_doentes_todas,Compassionate and professional care
26,Q1,Como se sente agora?,3,Control,2,0,3,0.0,2_mim_diferente_diferença_bocadinho,Subjective emotional and experiential effects
26,Q1,Como se sente agora?,3,Control,3,0,3,0.0,3_cirurgia_vai_fazer_pode depressa,Surgical concerns and coping
26,Q1,Como se sente agora?,3,Control,4,0,3,0.0,4_cima_ir_sítio_abaixo,Movement and sense of place
26,Q1,Como se sente agora?,3,Control,5,0,3,0.0,5_água_natureza_ar_mar,Nature imagery and sensory responses
26,Q1,Como se sente agora?,3,Control,6,0,3,0.0,6_tempo_espera_tempo espera_agora,Waiting experience
26,Q1,Como se sente agora?,3,Control,7,0,3,0.0,7_manter_correu_positiva_manter positiva,Positive appraisal and optimism
26,Q1,Como se sente agora?,3,Control,8,0,3,0.0,8_cinco_estrelas_cinco estrelas_mesma,No perceived change and brief appraisals
26,Q1,Como se sente agora?,3,Control,9,1,3,0.3333333333333333,9_ansiedade_ansiosa_bocadinho_nervosismo,Anxiety and nervousness
26,Q1,Como se sente agora?,3,Control,10,0,3,0.0,10_sinto_sinto sinto_estável sinto_desde cheguei,Feeling well and stable
26,Q1,Como se sente agora?,3,Control,11,0,3,0.0,11_acolhida_acolhimento_acolhida acolhida_sentir,Feeling welcomed
27,Q1,Como se sente agora?,1,VR Art,-1,0,1,0.0,-1_será_será alguém_alguém_família,Unassigned or mixed content
27,Q1,Como se sente agora?,1,VR Art,0,1,1,1.0,0_tranquila_calma_relaxada_sinto,Calm and relaxation
27,Q1,Como se sente agora?,1,VR Art,1,0,1,0.0,1_pessoas_cuidado_doentes_todas,Compassionate and professional care
27,Q1,Como se sente agora?,1,VR Art,2,0,1,0.0,2_mim_diferente_diferença_bocadinho,Subjective emotional and experiential effects
27,Q1,Como se sente agora?,1,VR Art,3,0,1,0.0,3_cirurgia_vai_fazer_pode depressa,Surgical concerns and coping
27,Q1,Como se sente agora?,1,VR Art,4,0,1,0.0,4_cima_ir_sítio_abaixo,Movement and sense of place
27,Q1,Como se sente agora?,1,VR Art,5,0,1,0.0,5_água_natureza_ar_mar,Nature imagery and sensory responses
27,Q1,Como se sente agora?,1,VR Art,6,0,1,0.0,6_tempo_espera_tempo espera_agora,Waiting experience
27,Q1,Como se sente agora?,1,VR Art,7,0,1,0.0,7_manter_correu_positiva_manter positiva,Positive appraisal and optimism
27,Q1,Como se sente agora?,1,VR Art,8,0,1,0.0,8_cinco_estrelas_cinco estrelas_mesma,No perceived change and brief appraisals
27,Q1,Como se sente agora?,1,VR Art,9,0,1,0.0,9_ansiedade_ansiosa_bocadinho_nervosismo,Anxiety and nervousness
27,Q1,Como se sente agora?,1,VR Art,10,0,1,0.0,10_sinto_sinto sinto_estável sinto_desde cheguei,Feeling well and stable
27,Q1,Como se sente agora?,1,VR Art,11,0,1,0.0,11_acolhida_acolhimento_acolhida acolhida_sentir,Feeling welcomed
28,Q1,Como se sente agora?,2,VR Only,-1,0,1,0.0,-1_será_será alguém_alguém_família,Unassigned or mixed content
28,Q1,Como se sente agora?,2,VR Only,0,0,1,0.0,0_tranquila_calma_relaxada_sinto,Calm and relaxation
28,Q1,Como se sente agora?,2,VR Only,1,0,1,0.0,1_pessoas_cuidado_doentes_todas,Compassionate and professional care
28,Q1,Como se sente agora?,2,VR Only,2,0,1,0.0,2_mim_diferente_diferença_bocadinho,Subjective emotional and experiential effects
28,Q1,Como se sente agora?,2,VR Only,3,0,1,0.0,3_cirurgia_vai_fazer_pode depressa,Surgical concerns and coping
28,Q1,Como se sente agora?,2,VR Only,4,0,1,0.0,4_cima_ir_sítio_abaixo,Movement and sense of place
28,Q1,Como se sente agora?,2,VR Only,5,0,1,0.0,5_água_natureza_ar_mar,Nature imagery and sensory responses
28,Q1,Como se sente agora?,2,VR Only,6,1,1,1.0,6_tempo_espera_tempo espera_agora,Waiting experience
28,Q1,Como se sente agora?,2,VR Only,7,0,1,0.0,7_manter_correu_positiva_manter positiva,Positive appraisal and optimism
28,Q1,Como se sente agora?,2,VR Only,8,0,1,0.0,8_cinco_estrelas_cinco estrelas_mesma,No perceived change and brief appraisals
28,Q1,Como se sente agora?,2,VR Only,9,0,1,0.0,9_ansiedade_ansiosa_bocadinho_nervosismo,Anxiety and nervousness
28,Q1,Como se sente agora?,2,VR Only,10,0,1,0.0,10_sinto_sinto sinto_estável sinto_desde cheguei,Feeling well and stable
28,Q1,Como se sente agora?,2,VR Only,11,0,1,0.0,11_acolhida_acolhimento_acolhida acolhida_sentir,Feeling welcomed
29,Q1,Como se sente agora?,3,Control,-1,0,1,0.0,-1_será_será alguém_alguém_família,Unassigned or mixed content
29,Q1,Como se sente agora?,3,Control,0,0,1,0.0,0_tranquila_calma_relaxada_sinto,Calm and relaxation
29,Q1,Como se sente agora?,3,Control,1,0,1,0.0,1_pessoas_cuidado_doentes_todas,Compassionate and professional care
29,Q1,Como se sente agora?,3,Control,2,0,1,0.0,2_mim_diferente_diferença_bocadinho,Subjective emotional and experiential effects
29,Q1,Como se sente agora?,3,Control,3,0,1,0.0,3_cirurgia_vai_fazer_pode depressa,Surgical concerns and coping
29,Q1,Como se sente agora?,3,Control,4,0,1,0.0,4_cima_ir_sítio_abaixo,Movement and sense of place
29,Q1,Como se sente agora?,3,Control,5,0,1,0.0,5_água_natureza_ar_mar,Nature imagery and sensory responses
29,Q1,Como se sente agora?,3,Control,6,0,1,0.0,6_tempo_espera_tempo espera_agora,Waiting experience
29,Q1,Como se sente agora?,3,Control,7,1,1,1.0,7_manter_correu_positiva_manter positiva,Positive appraisal and optimism
29,Q1,Como se sente agora?,3,Control,8,0,1,0.0,8_cinco_estrelas_cinco estrelas_mesma,No perceived change and brief appraisals
29,Q1,Como se sente agora?,3,Control,9,0,1,0.0,9_ansiedade_ansiosa_bocadinho_nervosismo,Anxiety and nervousness
29,Q1,Como se sente agora?,3,Control,10,0,1,0.0,10_sinto_sinto sinto_estável sinto_desde cheguei,Feeling well and stable
29,Q1,Como se sente agora?,3,Control,11,0,1,0.0,11_acolhida_acolhimento_acolhida acolhida_sentir,Feeling welcomed
31,Q1,Como se sente agora?,1,VR Art,-1,0,1,0.0,-1_será_será alguém_alguém_família,Unassigned or mixed content
31,Q1,Como se sente agora?,1,VR Art,0,0,1,0.0,0_tranquila_calma_relaxada_sinto,Calm and relaxation
31,Q1,Como se sente agora?,1,VR Art,1,0,1,0.0,1_pessoas_cuidado_doentes_todas,Compassionate and professional care
31,Q1,Como se sente agora?,1,VR Art,2,0,1,0.0,2_mim_diferente_diferença_bocadinho,Subjective emotional and experiential effects
31,Q1,Como se sente agora?,1,VR Art,3,0,1,0.0,3_cirurgia_vai_fazer_pode depressa,Surgical concerns and coping
31,Q1,Como se sente agora?,1,VR Art,4,0,1,0.0,4_cima_ir_sítio_abaixo,Movement and sense of place
31,Q1,Como se sente agora?,1,VR Art,5,0,1,0.0,5_água_natureza_ar_mar,Nature imagery and sensory responses
31,Q1,Como se sente agora?,1,VR Art,6,0,1,0.0,6_tempo_espera_tempo espera_agora,Waiting experience
31,Q1,Como se sente agora?,1,VR Art,7,0,1,0.0,7_manter_correu_positiva_manter positiva,Positive appraisal and optimism
31,Q1,Como se sente agora?,1,VR Art,8,0,1,0.0,8_cinco_estrelas_cinco estrelas_mesma,No perceived change and brief appraisals
31,Q1,Como se sente agora?,1,VR Art,9,0,1,0.0,9_ansiedade_ansiosa_bocadinho_nervosismo,Anxiety and nervousness
31,Q1,Como se sente agora?,1,VR Art,10,1,1,1.0,10_sinto_sinto sinto_estável sinto_desde cheguei,Feeling well and stable
31,Q1,Como se sente agora?,1,VR Art,11,0,1,0.0,11_acolhida_acolhimento_acolhida acolhida_sentir,Feeling welcomed
32,Q1,Como se sente agora?,2,VR Only,-1,0,2,0.0,-1_será_será alguém_alguém_família,Unassigned or mixed content
32,Q1,Como se sente agora?,2,VR Only,0,0,2,0.0,0_tranquila_calma_relaxada_sinto,Calm and relaxation
32,Q1,Como se sente agora?,2,VR Only,1,0,2,0.0,1_pessoas_cuidado_doentes_todas,Compassionate and professional care
32,Q1,Como se sente agora?,2,VR Only,2,0,2,0.0,2_mim_diferente_diferença_bocadinho,Subjective emotional and experiential effects
32,Q1,Como se sente agora?,2,VR Only,3,0,2,0.0,3_cirurgia_vai_fazer_pode depressa,Surgical concerns and coping
32,Q1,Como se sente agora?,2,VR Only,4,0,2,0.0,4_cima_ir_sítio_abaixo,Movement and sense of place
32,Q1,Como se sente agora?,2,VR Only,5,1,2,0.5,5_água_natureza_ar_mar,Nature imagery and sensory responses
32,Q1,Como se sente agora?,2,VR Only,6,0,2,0.0,6_tempo_espera_tempo espera_agora,Waiting experience
32,Q1,Como se sente agora?,2,VR Only,7,0,2,0.0,7_manter_correu_positiva_manter positiva,Positive appraisal and optimism
32,Q1,Como se sente agora?,2,VR Only,8,0,2,0.0,8_cinco_estrelas_cinco estrelas_mesma,No perceived change and brief appraisals
32,Q1,Como se sente agora?,2,VR Only,9,1,2,0.5,9_ansiedade_ansiosa_bocadinho_nervosismo,Anxiety and nervousness
32,Q1,Como se sente agora?,2,VR Only,10,0,2,0.0,10_sinto_sinto sinto_estável sinto_desde cheguei,Feeling well and stable
32,Q1,Como se sente agora?,2,VR Only,11,0,2,0.0,11_acolhida_acolhimento_acolhida acolhida_sentir,Feeling welcomed
34,Q1,Como se sente agora?,3,Control,-1,0,11,0.0,-1_será_será alguém_alguém_família,Unassigned or mixed content
34,Q1,Como se sente agora?,3,Control,0,2,11,0.1818181818181818,0_tranquila_calma_relaxada_sinto,Calm and relaxation
34,Q1,Como se sente agora?,3,Control,1,3,11,0.2727272727272727,1_pessoas_cuidado_doentes_todas,Compassionate and professional care
34,Q1,Como se sente agora?,3,Control,2,2,11,0.1818181818181818,2_mim_diferente_diferença_bocadinho,Subjective emotional and experiential effects
34,Q1,Como se sente agora?,3,Control,3,0,11,0.0,3_cirurgia_vai_fazer_pode depressa,Surgical concerns and coping
34,Q1,Como se sente agora?,3,Control,4,1,11,0.0909090909090909,4_cima_ir_sítio_abaixo,Movement and sense of place
34,Q1,Como se sente agora?,3,Control,5,2,11,0.1818181818181818,5_água_natureza_ar_mar,Nature imagery and sensory responses
34,Q1,Como se sente agora?,3,Control,6,0,11,0.0,6_tempo_espera_tempo espera_agora,Waiting experience
34,Q1,Como se sente agora?,3,Control,7,1,11,0.0909090909090909,7_manter_correu_positiva_manter positiva,Positive appraisal and optimism
34,Q1,Como se sente agora?,3,Control,8,0,11,0.0,8_cinco_estrelas_cinco estrelas_mesma,No perceived change and brief appraisals
34,Q1,Como se sente agora?,3,Control,9,0,11,0.0,9_ansiedade_ansiosa_bocadinho_nervosismo,Anxiety and nervousness
34,Q1,Como se sente agora?,3,Control,10,0,11,0.0,10_sinto_sinto sinto_estável sinto_desde cheguei,Feeling well and stable
34,Q1,Como se sente agora?,3,Control,11,0,11,0.0,11_acolhida_acolhimento_acolhida acolhida_sentir,Feeling welcomed
35,Q1,Como se sente agora?,1,VR Art,-1,0,7,0.0,-1_será_será alguém_alguém_família,Unassigned or mixed content
35,Q1,Como se sente agora?,1,VR Art,0,3,7,0.4285714285714285,0_tranquila_calma_relaxada_sinto,Calm and relaxation
35,Q1,Como se sente agora?,1,VR Art,1,0,7,0.0,1_pessoas_cuidado_doentes_todas,Compassionate and professional care
35,Q1,Como se sente agora?,1,VR Art,2,1,7,0.1428571428571428,2_mim_diferente_diferença_bocadinho,Subjective emotional and experiential effects
35,Q1,Como se sente agora?,1,VR Art,3,0,7,0.0,3_cirurgia_vai_fazer_pode depressa,Surgical concerns and coping
35,Q1,Como se sente agora?,1,VR Art,4,1,7,0.1428571428571428,4_cima_ir_sítio_abaixo,Movement and sense of place
35,Q1,Como se sente agora?,1,VR Art,5,1,7,0.1428571428571428,5_água_natureza_ar_mar,Nature imagery and sensory responses
35,Q1,Como se sente agora?,1,VR Art,6,0,7,0.0,6_tempo_espera_tempo espera_agora,Waiting experience
35,Q1,Como se sente agora?,1,VR Art,7,0,7,0.0,7_manter_correu_positiva_manter positiva,Positive appraisal and optimism
35,Q1,Como se sente agora?,1,VR Art,8,0,7,0.0,8_cinco_estrelas_cinco estrelas_mesma,No perceived change and brief appraisals
35,Q1,Como se sente agora?,1,VR Art,9,0,7,0.0,9_ansiedade_ansiosa_bocadinho_nervosismo,Anxiety and nervousness
35,Q1,Como se sente agora?,1,VR Art,10,1,7,0.1428571428571428,10_sinto_sinto sinto_estável sinto_desde cheguei,Feeling well and stable
35,Q1,Como se sente agora?,1,VR Art,11,0,7,0.0,11_acolhida_acolhimento_acolhida acolhida_sentir,Feeling welcomed
36,Q1,Como se sente agora?,3,Control,-1,0,1,0.0,-1_será_será alguém_alguém_família,Unassigned or mixed content
36,Q1,Como se sente agora?,3,Control,0,1,1,1.0,0_tranquila_calma_relaxada_sinto,Calm and relaxation
36,Q1,Como se sente agora?,3,Control,1,0,1,0.0,1_pessoas_cuidado_doentes_todas,Compassionate and professional care
36,Q1,Como se sente agora?,3,Control,2,0,1,0.0,2_mim_diferente_diferença_bocadinho,Subjective emotional and experiential effects
36,Q1,Como se sente agora?,3,Control,3,0,1,0.0,3_cirurgia_vai_fazer_pode depressa,Surgical concerns and coping
36,Q1,Como se sente agora?,3,Control,4,0,1,0.0,4_cima_ir_sítio_abaixo,Movement and sense of place
36,Q1,Como se sente agora?,3,Control,5,0,1,0.0,5_água_natureza_ar_mar,Nature imagery and sensory responses
36,Q1,Como se sente agora?,3,Control,6,0,1,0.0,6_tempo_espera_tempo espera_agora,Waiting experience
36,Q1,Como se sente agora?,3,Control,7,0,1,0.0,7_manter_correu_positiva_manter positiva,Positive appraisal and optimism
36,Q1,Como se sente agora?,3,Control,8,0,1,0.0,8_cinco_estrelas_cinco estrelas_mesma,No perceived change and brief appraisals
36,Q1,Como se sente agora?,3,Control,9,0,1,0.0,9_ansiedade_ansiosa_bocadinho_nervosismo,Anxiety and nervousness
36,Q1,Como se sente agora?,3,Control,10,0,1,0.0,10_sinto_sinto sinto_estável sinto_desde cheguei,Feeling well and stable
36,Q1,Como se sente agora?,3,Control,11,0,1,0.0,11_acolhida_acolhimento_acolhida acolhida_sentir,Feeling welcomed
37,Q1,Como se sente agora?,2,VR Only,-1,0,1,0.0,-1_será_será alguém_alguém_família,Unassigned or mixed content
37,Q1,Como se sente agora?,2,VR Only,0,1,1,1.0,0_tranquila_calma_relaxada_sinto,Calm and relaxation
37,Q1,Como se sente agora?,2,VR Only,1,0,1,0.0,1_pessoas_cuidado_doentes_todas,Compassionate and professional care
37,Q1,Como se sente agora?,2,VR Only,2,0,1,0.0,2_mim_diferente_diferença_bocadinho,Subjective emotional and experiential effects
37,Q1,Como se sente agora?,2,VR Only,3,0,1,0.0,3_cirurgia_vai_fazer_pode depressa,Surgical concerns and coping
37,Q1,Como se sente agora?,2,VR Only,4,0,1,0.0,4_cima_ir_sítio_abaixo,Movement and sense of place
37,Q1,Como se sente agora?,2,VR Only,5,0,1,0.0,5_água_natureza_ar_mar,Nature imagery and sensory responses
37,Q1,Como se sente agora?,2,VR Only,6,0,1,0.0,6_tempo_espera_tempo espera_agora,Waiting experience
37,Q1,Como se sente agora?,2,VR Only,7,0,1,0.0,7_manter_correu_positiva_manter positiva,Positive appraisal and optimism
37,Q1,Como se sente agora?,2,VR Only,8,0,1,0.0,8_cinco_estrelas_cinco estrelas_mesma,No perceived change and brief appraisals
37,Q1,Como se sente agora?,2,VR Only,9,0,1,0.0,9_ansiedade_ansiosa_bocadinho_nervosismo,Anxiety and nervousness
37,Q1,Como se sente agora?,2,VR Only,10,0,1,0.0,10_sinto_sinto sinto_estável sinto_desde cheguei,Feeling well and stable
37,Q1,Como se sente agora?,2,VR Only,11,0,1,0.0,11_acolhida_acolhimento_acolhida acolhida_sentir,Feeling welcomed
38,Q1,Como se sente agora?,1,VR Art,-1,0,5,0.0,-1_será_será alguém_alguém_família,Unassigned or mixed content
38,Q1,Como se sente agora?,1,VR Art,0,1,5,0.2,0_tranquila_calma_relaxada_sinto,Calm and relaxation
38,Q1,Como se sente agora?,1,VR Art,1,0,5,0.0,1_pessoas_cuidado_doentes_todas,Compassionate and professional care
38,Q1,Como se sente agora?,1,VR Art,2,0,5,0.0,2_mim_diferente_diferença_bocadinho,Subjective emotional and experiential effects
38,Q1,Como se sente agora?,1,VR Art,3,0,5,0.0,3_cirurgia_vai_fazer_pode depressa,Surgical concerns and coping
38,Q1,Como se sente agora?,1,VR Art,4,2,5,0.4,4_cima_ir_sítio_abaixo,Movement and sense of place
38,Q1,Como se sente agora?,1,VR Art,5,2,5,0.4,5_água_natureza_ar_mar,Nature imagery and sensory responses
38,Q1,Como se sente agora?,1,VR Art,6,0,5,0.0,6_tempo_espera_tempo espera_agora,Waiting experience
38,Q1,Como se sente agora?,1,VR Art,7,0,5,0.0,7_manter_correu_positiva_manter positiva,Positive appraisal and optimism
38,Q1,Como se sente agora?,1,VR Art,8,0,5,0.0,8_cinco_estrelas_cinco estrelas_mesma,No perceived change and brief appraisals
38,Q1,Como se sente agora?,1,VR Art,9,0,5,0.0,9_ansiedade_ansiosa_bocadinho_nervosismo,Anxiety and nervousness
38,Q1,Como se sente agora?,1,VR Art,10,0,5,0.0,10_sinto_sinto sinto_estável sinto_desde cheguei,Feeling well and stable
38,Q1,Como se sente agora?,1,VR Art,11,0,5,0.0,11_acolhida_acolhimento_acolhida acolhida_sentir,Feeling welcomed
39,Q1,Como se sente agora?,3,Control,-1,0,4,0.0,-1_será_será alguém_alguém_família,Unassigned or mixed content
39,Q1,Como se sente agora?,3,Control,0,1,4,0.25,0_tranquila_calma_relaxada_sinto,Calm and relaxation
39,Q1,Como se sente agora?,3,Control,1,0,4,0.0,1_pessoas_cuidado_doentes_todas,Compassionate and professional care
39,Q1,Como se sente agora?,3,Control,2,0,4,0.0,2_mim_diferente_diferença_bocadinho,Subjective emotional and experiential effects
39,Q1,Como se sente agora?,3,Control,3,0,4,0.0,3_cirurgia_vai_fazer_pode depressa,Surgical concerns and coping
39,Q1,Como se sente agora?,3,Control,4,3,4,0.75,4_cima_ir_sítio_abaixo,Movement and sense of place
39,Q1,Como se sente agora?,3,Control,5,0,4,0.0,5_água_natureza_ar_mar,Nature imagery and sensory responses
39,Q1,Como se sente agora?,3,Control,6,0,4,0.0,6_tempo_espera_tempo espera_agora,Waiting experience
39,Q1,Como se sente agora?,3,Control,7,0,4,0.0,7_manter_correu_positiva_manter positiva,Positive appraisal and optimism
39,Q1,Como se sente agora?,3,Control,8,0,4,0.0,8_cinco_estrelas_cinco estrelas_mesma,No perceived change and brief appraisals
39,Q1,Como se sente agora?,3,Control,9,0,4,0.0,9_ansiedade_ansiosa_bocadinho_nervosismo,Anxiety and nervousness
39,Q1,Como se sente agora?,3,Control,10,0,4,0.0,10_sinto_sinto sinto_estável sinto_desde cheguei,Feeling well and stable
39,Q1,Como se sente agora?,3,Control,11,0,4,0.0,11_acolhida_acolhimento_acolhida acolhida_sentir,Feeling welcomed
40,Q1,Como se sente agora?,2,VR Only,-1,0,1,0.0,-1_será_será alguém_alguém_família,Unassigned or mixed content
40,Q1,Como se sente agora?,2,VR Only,0,0,1,0.0,0_tranquila_calma_relaxada_sinto,Calm and relaxation
40,Q1,Como se sente agora?,2,VR Only,1,0,1,0.0,1_pessoas_cuidado_doentes_todas,Compassionate and professional care
40,Q1,Como se sente agora?,2,VR Only,2,0,1,0.0,2_mim_diferente_diferença_bocadinho,Subjective emotional and experiential effects
40,Q1,Como se sente agora?,2,VR Only,3,0,1,0.0,3_cirurgia_vai_fazer_pode depressa,Surgical concerns and coping
40,Q1,Como se sente agora?,2,VR Only,4,0,1,0.0,4_cima_ir_sítio_abaixo,Movement and sense of place
40,Q1,Como se sente agora?,2,VR Only,5,0,1,0.0,5_água_natureza_ar_mar,Nature imagery and sensory responses
40,Q1,Como se sente agora?,2,VR Only,6,0,1,0.0,6_tempo_espera_tempo espera_agora,Waiting experience
40,Q1,Como se sente agora?,2,VR Only,7,0,1,0.0,7_manter_correu_positiva_manter positiva,Positive appraisal and optimism
40,Q1,Como se sente agora?,2,VR Only,8,0,1,0.0,8_cinco_estrelas_cinco estrelas_mesma,No perceived change and brief appraisals
40,Q1,Como se sente agora?,2,VR Only,9,0,1,0.0,9_ansiedade_ansiosa_bocadinho_nervosismo,Anxiety and nervousness
40,Q1,Como se sente agora?,2,VR Only,10,1,1,1.0,10_sinto_sinto sinto_estável sinto_desde cheguei,Feeling well and stable
40,Q1,Como se sente agora?,2,VR Only,11,0,1,0.0,11_acolhida_acolhimento_acolhida acolhida_sentir,Feeling welcomed
41,Q1,Como se sente agora?,1,VR Art,-1,0,6,0.0,-1_será_será alguém_alguém_família,Unassigned or mixed content
41,Q1,Como se sente agora?,1,VR Art,0,3,6,0.5,0_tranquila_calma_relaxada_sinto,Calm and relaxation
41,Q1,Como se sente agora?,1,VR Art,1,0,6,0.0,1_pessoas_cuidado_doentes_todas,Compassionate and professional care
41,Q1,Como se sente agora?,1,VR Art,2,0,6,0.0,2_mim_diferente_diferença_bocadinho,Subjective emotional and experiential effects
41,Q1,Como se sente agora?,1,VR Art,3,0,6,0.0,3_cirurgia_vai_fazer_pode depressa,Surgical concerns and coping
41,Q1,Como se sente agora?,1,VR Art,4,1,6,0.1666666666666666,4_cima_ir_sítio_abaixo,Movement and sense of place
41,Q1,Como se sente agora?,1,VR Art,5,2,6,0.3333333333333333,5_água_natureza_ar_mar,Nature imagery and sensory responses
41,Q1,Como se sente agora?,1,VR Art,6,0,6,0.0,6_tempo_espera_tempo espera_agora,Waiting experience
41,Q1,Como se sente agora?,1,VR Art,7,0,6,0.0,7_manter_correu_positiva_manter positiva,Positive appraisal and optimism
41,Q1,Como se sente agora?,1,VR Art,8,0,6,0.0,8_cinco_estrelas_cinco estrelas_mesma,No perceived change and brief appraisals
41,Q1,Como se sente agora?,1,VR Art,9,0,6,0.0,9_ansiedade_ansiosa_bocadinho_nervosismo,Anxiety and nervousness
41,Q1,Como se sente agora?,1,VR Art,10,0,6,0.0,10_sinto_sinto sinto_estável sinto_desde cheguei,Feeling well and stable
41,Q1,Como se sente agora?,1,VR Art,11,0,6,0.0,11_acolhida_acolhimento_acolhida acolhida_sentir,Feeling welcomed
42,Q1,Como se sente agora?,3,Control,-1,0,9,0.0,-1_será_será alguém_alguém_família,Unassigned or mixed content
42,Q1,Como se sente agora?,3,Control,0,1,9,0.1111111111111111,0_tranquila_calma_relaxada_sinto,Calm and relaxation
42,Q1,Como se sente agora?,3,Control,1,0,9,0.0,1_pessoas_cuidado_doentes_todas,Compassionate and professional care
42,Q1,Como se sente agora?,3,Control,2,0,9,0.0,2_mim_diferente_diferença_bocadinho,Subjective emotional and experiential effects
42,Q1,Como se sente agora?,3,Control,3,1,9,0.1111111111111111,3_cirurgia_vai_fazer_pode depressa,Surgical concerns and coping
42,Q1,Como se sente agora?,3,Control,4,3,9,0.3333333333333333,4_cima_ir_sítio_abaixo,Movement and sense of place
42,Q1,Como se sente agora?,3,Control,5,0,9,0.0,5_água_natureza_ar_mar,Nature imagery and sensory responses
42,Q1,Como se sente agora?,3,Control,6,0,9,0.0,6_tempo_espera_tempo espera_agora,Waiting experience
42,Q1,Como se sente agora?,3,Control,7,2,9,0.2222222222222222,7_manter_correu_positiva_manter positiva,Positive appraisal and optimism
42,Q1,Como se sente agora?,3,Control,8,0,9,0.0,8_cinco_estrelas_cinco estrelas_mesma,No perceived change and brief appraisals
42,Q1,Como se sente agora?,3,Control,9,0,9,0.0,9_ansiedade_ansiosa_bocadinho_nervosismo,Anxiety and nervousness
42,Q1,Como se sente agora?,3,Control,10,2,9,0.2222222222222222,10_sinto_sinto sinto_estável sinto_desde cheguei,Feeling well and stable
42,Q1,Como se sente agora?,3,Control,11,0,9,0.0,11_acolhida_acolhimento_acolhida acolhida_sentir,Feeling welcomed
43,Q1,Como se sente agora?,2,VR Only,-1,0,3,0.0,-1_será_será alguém_alguém_família,Unassigned or mixed content
43,Q1,Como se sente agora?,2,VR Only,0,3,3,1.0,0_tranquila_calma_relaxada_sinto,Calm and relaxation
43,Q1,Como se sente agora?,2,VR Only,1,0,3,0.0,1_pessoas_cuidado_doentes_todas,Compassionate and professional care
43,Q1,Como se sente agora?,2,VR Only,2,0,3,0.0,2_mim_diferente_diferença_bocadinho,Subjective emotional and experiential effects
43,Q1,Como se sente agora?,2,VR Only,3,0,3,0.0,3_cirurgia_vai_fazer_pode depressa,Surgical concerns and coping
43,Q1,Como se sente agora?,2,VR Only,4,0,3,0.0,4_cima_ir_sítio_abaixo,Movement and sense of place
43,Q1,Como se sente agora?,2,VR Only,5,0,3,0.0,5_água_natureza_ar_mar,Nature imagery and sensory responses
43,Q1,Como se sente agora?,2,VR Only,6,0,3,0.0,6_tempo_espera_tempo espera_agora,Waiting experience
43,Q1,Como se sente agora?,2,VR Only,7,0,3,0.0,7_manter_correu_positiva_manter positiva,Positive appraisal and optimism
43,Q1,Como se sente agora?,2,VR Only,8,0,3,0.0,8_cinco_estrelas_cinco estrelas_mesma,No perceived change and brief appraisals
43,Q1,Como se sente agora?,2,VR Only,9,0,3,0.0,9_ansiedade_ansiosa_bocadinho_nervosismo,Anxiety and nervousness
43,Q1,Como se sente agora?,2,VR Only,10,0,3,0.0,10_sinto_sinto sinto_estável sinto_desde cheguei,Feeling well and stable
43,Q1,Como se sente agora?,2,VR Only,11,0,3,0.0,11_acolhida_acolhimento_acolhida acolhida_sentir,Feeling welcomed
44,Q1,Como se sente agora?,1,VR Art,-1,0,2,0.0,-1_será_será alguém_alguém_família,Unassigned or mixed content
44,Q1,Como se sente agora?,1,VR Art,0,1,2,0.5,0_tranquila_calma_relaxada_sinto,Calm and relaxation
44,Q1,Como se sente agora?,1,VR Art,1,0,2,0.0,1_pessoas_cuidado_doentes_todas,Compassionate and professional care
44,Q1,Como se sente agora?,1,VR Art,2,0,2,0.0,2_mim_diferente_diferença_bocadinho,Subjective emotional and experiential effects
44,Q1,Como se sente agora?,1,VR Art,3,1,2,0.5,3_cirurgia_vai_fazer_pode depressa,Surgical concerns and coping
44,Q1,Como se sente agora?,1,VR Art,4,0,2,0.0,4_cima_ir_sítio_abaixo,Movement and sense of place
44,Q1,Como se sente agora?,1,VR Art,5,0,2,0.0,5_água_natureza_ar_mar,Nature imagery and sensory responses
44,Q1,Como se sente agora?,1,VR Art,6,0,2,0.0,6_tempo_espera_tempo espera_agora,Waiting experience
44,Q1,Como se sente agora?,1,VR Art,7,0,2,0.0,7_manter_correu_positiva_manter positiva,Positive appraisal and optimism
44,Q1,Como se sente agora?,1,VR Art,8,0,2,0.0,8_cinco_estrelas_cinco estrelas_mesma,No perceived change and brief appraisals
44,Q1,Como se sente agora?,1,VR Art,9,0,2,0.0,9_ansiedade_ansiosa_bocadinho_nervosismo,Anxiety and nervousness
44,Q1,Como se sente agora?,1,VR Art,10,0,2,0.0,10_sinto_sinto sinto_estável sinto_desde cheguei,Feeling well and stable
44,Q1,Como se sente agora?,1,VR Art,11,0,2,0.0,11_acolhida_acolhimento_acolhida acolhida_sentir,Feeling welcomed
45,Q1,Como se sente agora?,3,Control,-1,0,3,0.0,-1_será_será alguém_alguém_família,Unassigned or mixed content
45,Q1,Como se sente agora?,3,Control,0,0,3,0.0,0_tranquila_calma_relaxada_sinto,Calm and relaxation
45,Q1,Como se sente agora?,3,Control,1,0,3,0.0,1_pessoas_cuidado_doentes_todas,Compassionate and professional care
45,Q1,Como se sente agora?,3,Control,2,0,3,0.0,2_mim_diferente_diferença_bocadinho,Subjective emotional and experiential effects
45,Q1,Como se sente agora?,3,Control,3,1,3,0.3333333333333333,3_cirurgia_vai_fazer_pode depressa,Surgical concerns and coping
45,Q1,Como se sente agora?,3,Control,4,0,3,0.0,4_cima_ir_sítio_abaixo,Movement and sense of place
45,Q1,Como se sente agora?,3,Control,5,0,3,0.0,5_água_natureza_ar_mar,Nature imagery and sensory responses
45,Q1,Como se sente agora?,3,Control,6,0,3,0.0,6_tempo_espera_tempo espera_agora,Waiting experience
45,Q1,Como se sente agora?,3,Control,7,1,3,0.3333333333333333,7_manter_correu_positiva_manter positiva,Positive appraisal and optimism
45,Q1,Como se sente agora?,3,Control,8,0,3,0.0,8_cinco_estrelas_cinco estrelas_mesma,No perceived change and brief appraisals
45,Q1,Como se sente agora?,3,Control,9,1,3,0.3333333333333333,9_ansiedade_ansiosa_bocadinho_nervosismo,Anxiety and nervousness
45,Q1,Como se sente agora?,3,Control,10,0,3,0.0,10_sinto_sinto sinto_estável sinto_desde cheguei,Feeling well and stable
45,Q1,Como se sente agora?,3,Control,11,0,3,0.0,11_acolhida_acolhimento_acolhida acolhida_sentir,Feeling welcomed
46,Q1,Como se sente agora?,2,VR Only,-1,0,2,0.0,-1_será_será alguém_alguém_família,Unassigned or mixed content
46,Q1,Como se sente agora?,2,VR Only,0,1,2,0.5,0_tranquila_calma_relaxada_sinto,Calm and relaxation
46,Q1,Como se sente agora?,2,VR Only,1,0,2,0.0,1_pessoas_cuidado_doentes_todas,Compassionate and professional care
46,Q1,Como se sente agora?,2,VR Only,2,0,2,0.0,2_mim_diferente_diferença_bocadinho,Subjective emotional and experiential effects
46,Q1,Como se sente agora?,2,VR Only,3,0,2,0.0,3_cirurgia_vai_fazer_pode depressa,Surgical concerns and coping
46,Q1,Como se sente agora?,2,VR Only,4,0,2,0.0,4_cima_ir_sítio_abaixo,Movement and sense of place
46,Q1,Como se sente agora?,2,VR Only,5,0,2,0.0,5_água_natureza_ar_mar,Nature imagery and sensory responses
46,Q1,Como se sente agora?,2,VR Only,6,0,2,0.0,6_tempo_espera_tempo espera_agora,Waiting experience
46,Q1,Como se sente agora?,2,VR Only,7,0,2,0.0,7_manter_correu_positiva_manter positiva,Positive appraisal and optimism
46,Q1,Como se sente agora?,2,VR Only,8,0,2,0.0,8_cinco_estrelas_cinco estrelas_mesma,No perceived change and brief appraisals
46,Q1,Como se sente agora?,2,VR Only,9,0,2,0.0,9_ansiedade_ansiosa_bocadinho_nervosismo,Anxiety and nervousness
46,Q1,Como se sente agora?,2,VR Only,10,1,2,0.5,10_sinto_sinto sinto_estável sinto_desde cheguei,Feeling well and stable
46,Q1,Como se sente agora?,2,VR Only,11,0,2,0.0,11_acolhida_acolhimento_acolhida acolhida_sentir,Feeling welcomed
50,Q1,Como se sente agora?,1,VR Art,-1,0,8,0.0,-1_será_será alguém_alguém_família,Unassigned or mixed content
50,Q1,Como se sente agora?,1,VR Art,0,2,8,0.25,0_tranquila_calma_relaxada_sinto,Calm and relaxation
50,Q1,Como se sente agora?,1,VR Art,1,0,8,0.0,1_pessoas_cuidado_doentes_todas,Compassionate and professional care
50,Q1,Como se sente agora?,1,VR Art,2,1,8,0.125,2_mim_diferente_diferença_bocadinho,Subjective emotional and experiential effects
50,Q1,Como se sente agora?,1,VR Art,3,0,8,0.0,3_cirurgia_vai_fazer_pode depressa,Surgical concerns and coping
50,Q1,Como se sente agora?,1,VR Art,4,2,8,0.25,4_cima_ir_sítio_abaixo,Movement and sense of place
50,Q1,Como se sente agora?,1,VR Art,5,3,8,0.375,5_água_natureza_ar_mar,Nature imagery and sensory responses
50,Q1,Como se sente agora?,1,VR Art,6,0,8,0.0,6_tempo_espera_tempo espera_agora,Waiting experience
50,Q1,Como se sente agora?,1,VR Art,7,0,8,0.0,7_manter_correu_positiva_manter positiva,Positive appraisal and optimism
50,Q1,Como se sente agora?,1,VR Art,8,0,8,0.0,8_cinco_estrelas_cinco estrelas_mesma,No perceived change and brief appraisals
50,Q1,Como se sente agora?,1,VR Art,9,0,8,0.0,9_ansiedade_ansiosa_bocadinho_nervosismo,Anxiety and nervousness
50,Q1,Como se sente agora?,1,VR Art,10,0,8,0.0,10_sinto_sinto sinto_estável sinto_desde cheguei,Feeling well and stable
50,Q1,Como se sente agora?,1,VR Art,11,0,8,0.0,11_acolhida_acolhimento_acolhida acolhida_sentir,Feeling welcomed
51,Q1,Como se sente agora?,3,Control,-1,0,7,0.0,-1_será_será alguém_alguém_família,Unassigned or mixed content
51,Q1,Como se sente agora?,3,Control,0,0,7,0.0,0_tranquila_calma_relaxada_sinto,Calm and relaxation
51,Q1,Como se sente agora?,3,Control,1,1,7,0.1428571428571428,1_pessoas_cuidado_doentes_todas,Compassionate and professional care
51,Q1,Como se sente agora?,3,Control,2,1,7,0.1428571428571428,2_mim_diferente_diferença_bocadinho,Subjective emotional and experiential effects
51,Q1,Como se sente agora?,3,Control,3,3,7,0.4285714285714285,3_cirurgia_vai_fazer_pode depressa,Surgical concerns and coping
51,Q1,Como se sente agora?,3,Control,4,2,7,0.2857142857142857,4_cima_ir_sítio_abaixo,Movement and sense of place
51,Q1,Como se sente agora?,3,Control,5,0,7,0.0,5_água_natureza_ar_mar,Nature imagery and sensory responses
51,Q1,Como se sente agora?,3,Control,6,0,7,0.0,6_tempo_espera_tempo espera_agora,Waiting experience
51,Q1,Como se sente agora?,3,Control,7,0,7,0.0,7_manter_correu_positiva_manter positiva,Positive appraisal and optimism
51,Q1,Como se sente agora?,3,Control,8,0,7,0.0,8_cinco_estrelas_cinco estrelas_mesma,No perceived change and brief appraisals
51,Q1,Como se sente agora?,3,Control,9,0,7,0.0,9_ansiedade_ansiosa_bocadinho_nervosismo,Anxiety and nervousness
51,Q1,Como se sente agora?,3,Control,10,0,7,0.0,10_sinto_sinto sinto_estável sinto_desde cheguei,Feeling well and stable
51,Q1,Como se sente agora?,3,Control,11,0,7,0.0,11_acolhida_acolhimento_acolhida acolhida_sentir,Feeling welcomed
52,Q1,Como se sente agora?,2,VR Only,-1,0,5,0.0,-1_será_será alguém_alguém_família,Unassigned or mixed content
52,Q1,Como se sente agora?,2,VR Only,0,0,5,0.0,0_tranquila_calma_relaxada_sinto,Calm and relaxation
52,Q1,Como se sente agora?,2,VR Only,1,0,5,0.0,1_pessoas_cuidado_doentes_todas,Compassionate and professional care
52,Q1,Como se sente agora?,2,VR Only,2,1,5,0.2,2_mim_diferente_diferença_bocadinho,Subjective emotional and experiential effects
52,Q1,Como se sente agora?,2,VR Only,3,1,5,0.2,3_cirurgia_vai_fazer_pode depressa,Surgical concerns and coping
52,Q1,Como se sente agora?,2,VR Only,4,0,5,0.0,4_cima_ir_sítio_abaixo,Movement and sense of place
52,Q1,Como se sente agora?,2,VR Only,5,0,5,0.0,5_água_natureza_ar_mar,Nature imagery and sensory responses
52,Q1,Como se sente agora?,2,VR Only,6,0,5,0.0,6_tempo_espera_tempo espera_agora,Waiting experience
52,Q1,Como se sente agora?,2,VR Only,7,0,5,0.0,7_manter_correu_positiva_manter positiva,Positive appraisal and optimism
52,Q1,Como se sente agora?,2,VR Only,8,1,5,0.2,8_cinco_estrelas_cinco estrelas_mesma,No perceived change and brief appraisals
52,Q1,Como se sente agora?,2,VR Only,9,1,5,0.2,9_ansiedade_ansiosa_bocadinho_nervosismo,Anxiety and nervousness
52,Q1,Como se sente agora?,2,VR Only,10,1,5,0.2,10_sinto_sinto sinto_estável sinto_desde cheguei,Feeling well and stable
52,Q1,Como se sente agora?,2,VR Only,11,0,5,0.0,11_acolhida_acolhimento_acolhida acolhida_sentir,Feeling welcomed
53,Q1,Como se sente agora?,1,VR Art,-1,0,2,0.0,-1_será_será alguém_alguém_família,Unassigned or mixed content
53,Q1,Como se sente agora?,1,VR Art,0,2,2,1.0,0_tranquila_calma_relaxada_sinto,Calm and relaxation
53,Q1,Como se sente agora?,1,VR Art,1,0,2,0.0,1_pessoas_cuidado_doentes_todas,Compassionate and professional care
53,Q1,Como se sente agora?,1,VR Art,2,0,2,0.0,2_mim_diferente_diferença_bocadinho,Subjective emotional and experiential effects
53,Q1,Como se sente agora?,1,VR Art,3,0,2,0.0,3_cirurgia_vai_fazer_pode depressa,Surgical concerns and coping
53,Q1,Como se sente agora?,1,VR Art,4,0,2,0.0,4_cima_ir_sítio_abaixo,Movement and sense of place
53,Q1,Como se sente agora?,1,VR Art,5,0,2,0.0,5_água_natureza_ar_mar,Nature imagery and sensory responses
53,Q1,Como se sente agora?,1,VR Art,6,0,2,0.0,6_tempo_espera_tempo espera_agora,Waiting experience
53,Q1,Como se sente agora?,1,VR Art,7,0,2,0.0,7_manter_correu_positiva_manter positiva,Positive appraisal and optimism
53,Q1,Como se sente agora?,1,VR Art,8,0,2,0.0,8_cinco_estrelas_cinco estrelas_mesma,No perceived change and brief appraisals
53,Q1,Como se sente agora?,1,VR Art,9,0,2,0.0,9_ansiedade_ansiosa_bocadinho_nervosismo,Anxiety and nervousness
53,Q1,Como se sente agora?,1,VR Art,10,0,2,0.0,10_sinto_sinto sinto_estável sinto_desde cheguei,Feeling well and stable
53,Q1,Como se sente agora?,1,VR Art,11,0,2,0.0,11_acolhida_acolhimento_acolhida acolhida_sentir,Feeling welcomed
54,Q1,Como se sente agora?,2,VR Only,-1,0,2,0.0,-1_será_será alguém_alguém_família,Unassigned or mixed content
54,Q1,Como se sente agora?,2,VR Only,0,1,2,0.5,0_tranquila_calma_relaxada_sinto,Calm and relaxation
54,Q1,Como se sente agora?,2,VR Only,1,0,2,0.0,1_pessoas_cuidado_doentes_todas,Compassionate and professional care
54,Q1,Como se sente agora?,2,VR Only,2,0,2,0.0,2_mim_diferente_diferença_bocadinho,Subjective emotional and experiential effects
54,Q1,Como se sente agora?,2,VR Only,3,0,2,0.0,3_cirurgia_vai_fazer_pode depressa,Surgical concerns and coping
54,Q1,Como se sente agora?,2,VR Only,4,0,2,0.0,4_cima_ir_sítio_abaixo,Movement and sense of place
54,Q1,Como se sente agora?,2,VR Only,5,0,2,0.0,5_água_natureza_ar_mar,Nature imagery and sensory responses
54,Q1,Como se sente agora?,2,VR Only,6,0,2,0.0,6_tempo_espera_tempo espera_agora,Waiting experience
54,Q1,Como se sente agora?,2,VR Only,7,1,2,0.5,7_manter_correu_positiva_manter positiva,Positive appraisal and optimism
54,Q1,Como se sente agora?,2,VR Only,8,0,2,0.0,8_cinco_estrelas_cinco estrelas_mesma,No perceived change and brief appraisals
54,Q1,Como se sente agora?,2,VR Only,9,0,2,0.0,9_ansiedade_ansiosa_bocadinho_nervosismo,Anxiety and nervousness
54,Q1,Como se sente agora?,2,VR Only,10,0,2,0.0,10_sinto_sinto sinto_estável sinto_desde cheguei,Feeling well and stable
54,Q1,Como se sente agora?,2,VR Only,11,0,2,0.0,11_acolhida_acolhimento_acolhida acolhida_sentir,Feeling welcomed
56,Q1,Como se sente agora?,1,VR Art,-1,0,1,0.0,-1_será_será alguém_alguém_família,Unassigned or mixed content
56,Q1,Como se sente agora?,1,VR Art,0,1,1,1.0,0_tranquila_calma_relaxada_sinto,Calm and relaxation
56,Q1,Como se sente agora?,1,VR Art,1,0,1,0.0,1_pessoas_cuidado_doentes_todas,Compassionate and professional care
56,Q1,Como se sente agora?,1,VR Art,2,0,1,0.0,2_mim_diferente_diferença_bocadinho,Subjective emotional and experiential effects
56,Q1,Como se sente agora?,1,VR Art,3,0,1,0.0,3_cirurgia_vai_fazer_pode depressa,Surgical concerns and coping
56,Q1,Como se sente agora?,1,VR Art,4,0,1,0.0,4_cima_ir_sítio_abaixo,Movement and sense of place
56,Q1,Como se sente agora?,1,VR Art,5,0,1,0.0,5_água_natureza_ar_mar,Nature imagery and sensory responses
56,Q1,Como se sente agora?,1,VR Art,6,0,1,0.0,6_tempo_espera_tempo espera_agora,Waiting experience
56,Q1,Como se sente agora?,1,VR Art,7,0,1,0.0,7_manter_correu_positiva_manter positiva,Positive appraisal and optimism
56,Q1,Como se sente agora?,1,VR Art,8,0,1,0.0,8_cinco_estrelas_cinco estrelas_mesma,No perceived change and brief appraisals
56,Q1,Como se sente agora?,1,VR Art,9,0,1,0.0,9_ansiedade_ansiosa_bocadinho_nervosismo,Anxiety and nervousness
56,Q1,Como se sente agora?,1,VR Art,10,0,1,0.0,10_sinto_sinto sinto_estável sinto_desde cheguei,Feeling well and stable
56,Q1,Como se sente agora?,1,VR Art,11,0,1,0.0,11_acolhida_acolhimento_acolhida acolhida_sentir,Feeling welcomed
57,Q1,Como se sente agora?,2,VR Only,-1,0,1,0.0,-1_será_será alguém_alguém_família,Unassigned or mixed content
57,Q1,Como se sente agora?,2,VR Only,0,0,1,0.0,0_tranquila_calma_relaxada_sinto,Calm and relaxation
57,Q1,Como se sente agora?,2,VR Only,1,0,1,0.0,1_pessoas_cuidado_doentes_todas,Compassionate and professional care
57,Q1,Como se sente agora?,2,VR Only,2,0,1,0.0,2_mim_diferente_diferença_bocadinho,Subjective emotional and experiential effects
57,Q1,Como se sente agora?,2,VR Only,3,0,1,0.0,3_cirurgia_vai_fazer_pode depressa,Surgical concerns and coping
57,Q1,Como se sente agora?,2,VR Only,4,0,1,0.0,4_cima_ir_sítio_abaixo,Movement and sense of place
57,Q1,Como se sente agora?,2,VR Only,5,0,1,0.0,5_água_natureza_ar_mar,Nature imagery and sensory responses
57,Q1,Como se sente agora?,2,VR Only,6,0,1,0.0,6_tempo_espera_tempo espera_agora,Waiting experience
57,Q1,Como se sente agora?,2,VR Only,7,0,1,0.0,7_manter_correu_positiva_manter positiva,Positive appraisal and optimism
57,Q1,Como se sente agora?,2,VR Only,8,0,1,0.0,8_cinco_estrelas_cinco estrelas_mesma,No perceived change and brief appraisals
57,Q1,Como se sente agora?,2,VR Only,9,0,1,0.0,9_ansiedade_ansiosa_bocadinho_nervosismo,Anxiety and nervousness
57,Q1,Como se sente agora?,2,VR Only,10,1,1,1.0,10_sinto_sinto sinto_estável sinto_desde cheguei,Feeling well and stable
57,Q1,Como se sente agora?,2,VR Only,11,0,1,0.0,11_acolhida_acolhimento_acolhida acolhida_sentir,Feeling welcomed
58,Q1,Como se sente agora?,3,Control,-1,0,4,0.0,-1_será_será alguém_alguém_família,Unassigned or mixed content
58,Q1,Como se sente agora?,3,Control,0,0,4,0.0,0_tranquila_calma_relaxada_sinto,Calm and relaxation
58,Q1,Como se sente agora?,3,Control,1,0,4,0.0,1_pessoas_cuidado_doentes_todas,Compassionate and professional care
58,Q1,Como se sente agora?,3,Control,2,0,4,0.0,2_mim_diferente_diferença_bocadinho,Subjective emotional and experiential effects
58,Q1,Como se sente agora?,3,Control,3,1,4,0.25,3_cirurgia_vai_fazer_pode depressa,Surgical concerns and coping
58,Q1,Como se sente agora?,3,Control,4,0,4,0.0,4_cima_ir_sítio_abaixo,Movement and sense of place
58,Q1,Como se sente agora?,3,Control,5,0,4,0.0,5_água_natureza_ar_mar,Nature imagery and sensory responses
58,Q1,Como se sente agora?,3,Control,6,0,4,0.0,6_tempo_espera_tempo espera_agora,Waiting experience
58,Q1,Como se sente agora?,3,Control,7,0,4,0.0,7_manter_correu_positiva_manter positiva,Positive appraisal and optimism
58,Q1,Como se sente agora?,3,Control,8,1,4,0.25,8_cinco_estrelas_cinco estrelas_mesma,No perceived change and brief appraisals
58,Q1,Como se sente agora?,3,Control,9,2,4,0.5,9_ansiedade_ansiosa_bocadinho_nervosismo,Anxiety and nervousness
58,Q1,Como se sente agora?,3,Control,10,0,4,0.0,10_sinto_sinto sinto_estável sinto_desde cheguei,Feeling well and stable
58,Q1,Como se sente agora?,3,Control,11,0,4,0.0,11_acolhida_acolhimento_acolhida acolhida_sentir,Feeling welcomed
59,Q1,Como se sente agora?,1,VR Art,-1,0,4,0.0,-1_será_será alguém_alguém_família,Unassigned or mixed content
59,Q1,Como se sente agora?,1,VR Art,0,3,4,0.75,0_tranquila_calma_relaxada_sinto,Calm and relaxation
59,Q1,Como se sente agora?,1,VR Art,1,0,4,0.0,1_pessoas_cuidado_doentes_todas,Compassionate and professional care
59,Q1,Como se sente agora?,1,VR Art,2,1,4,0.25,2_mim_diferente_diferença_bocadinho,Subjective emotional and experiential effects
59,Q1,Como se sente agora?,1,VR Art,3,0,4,0.0,3_cirurgia_vai_fazer_pode depressa,Surgical concerns and coping
59,Q1,Como se sente agora?,1,VR Art,4,0,4,0.0,4_cima_ir_sítio_abaixo,Movement and sense of place
59,Q1,Como se sente agora?,1,VR Art,5,0,4,0.0,5_água_natureza_ar_mar,Nature imagery and sensory responses
59,Q1,Como se sente agora?,1,VR Art,6,0,4,0.0,6_tempo_espera_tempo espera_agora,Waiting experience
59,Q1,Como se sente agora?,1,VR Art,7,0,4,0.0,7_manter_correu_positiva_manter positiva,Positive appraisal and optimism
59,Q1,Como se sente agora?,1,VR Art,8,0,4,0.0,8_cinco_estrelas_cinco estrelas_mesma,No perceived change and brief appraisals
59,Q1,Como se sente agora?,1,VR Art,9,0,4,0.0,9_ansiedade_ansiosa_bocadinho_nervosismo,Anxiety and nervousness
59,Q1,Como se sente agora?,1,VR Art,10,0,4,0.0,10_sinto_sinto sinto_estável sinto_desde cheguei,Feeling well and stable
59,Q1,Como se sente agora?,1,VR Art,11,0,4,0.0,11_acolhida_acolhimento_acolhida acolhida_sentir,Feeling welcomed
60,Q1,Como se sente agora?,3,Control,-1,0,2,0.0,-1_será_será alguém_alguém_família,Unassigned or mixed content
60,Q1,Como se sente agora?,3,Control,0,2,2,1.0,0_tranquila_calma_relaxada_sinto,Calm and relaxation
60,Q1,Como se sente agora?,3,Control,1,0,2,0.0,1_pessoas_cuidado_doentes_todas,Compassionate and professional care
60,Q1,Como se sente agora?,3,Control,2,0,2,0.0,2_mim_diferente_diferença_bocadinho,Subjective emotional and experiential effects
60,Q1,Como se sente agora?,3,Control,3,0,2,0.0,3_cirurgia_vai_fazer_pode depressa,Surgical concerns and coping
60,Q1,Como se sente agora?,3,Control,4,0,2,0.0,4_cima_ir_sítio_abaixo,Movement and sense of place
60,Q1,Como se sente agora?,3,Control,5,0,2,0.0,5_água_natureza_ar_mar,Nature imagery and sensory responses
60,Q1,Como se sente agora?,3,Control,6,0,2,0.0,6_tempo_espera_tempo espera_agora,Waiting experience
60,Q1,Como se sente agora?,3,Control,7,0,2,0.0,7_manter_correu_positiva_manter positiva,Positive appraisal and optimism
60,Q1,Como se sente agora?,3,Control,8,0,2,0.0,8_cinco_estrelas_cinco estrelas_mesma,No perceived change and brief appraisals
60,Q1,Como se sente agora?,3,Control,9,0,2,0.0,9_ansiedade_ansiosa_bocadinho_nervosismo,Anxiety and nervousness
60,Q1,Como se sente agora?,3,Control,10,0,2,0.0,10_sinto_sinto sinto_estável sinto_desde cheguei,Feeling well and stable
60,Q1,Como se sente agora?,3,Control,11,0,2,0.0,11_acolhida_acolhimento_acolhida acolhida_sentir,Feeling welcomed
13,Q2,Sente alguma diferença em relação a como se sentia antes?,3,Control,-1,0,2,0.0,-1_será_será alguém_alguém_família,Unassigned or mixed content
13,Q2,Sente alguma diferença em relação a como se sentia antes?,3,Control,0,0,2,0.0,0_tranquila_calma_relaxada_sinto,Calm and relaxation
13,Q2,Sente alguma diferença em relação a como se sentia antes?,3,Control,1,0,2,0.0,1_pessoas_cuidado_doentes_todas,Compassionate and professional care
13,Q2,Sente alguma diferença em relação a como se sentia antes?,3,Control,2,2,2,1.0,2_mim_diferente_diferença_bocadinho,Subjective emotional and experiential effects
13,Q2,Sente alguma diferença em relação a como se sentia antes?,3,Control,3,0,2,0.0,3_cirurgia_vai_fazer_pode depressa,Surgical concerns and coping
13,Q2,Sente alguma diferença em relação a como se sentia antes?,3,Control,4,0,2,0.0,4_cima_ir_sítio_abaixo,Movement and sense of place
13,Q2,Sente alguma diferença em relação a como se sentia antes?,3,Control,5,0,2,0.0,5_água_natureza_ar_mar,Nature imagery and sensory responses
13,Q2,Sente alguma diferença em relação a como se sentia antes?,3,Control,6,0,2,0.0,6_tempo_espera_tempo espera_agora,Waiting experience
13,Q2,Sente alguma diferença em relação a como se sentia antes?,3,Control,7,0,2,0.0,7_manter_correu_positiva_manter positiva,Positive appraisal and optimism
13,Q2,Sente alguma diferença em relação a como se sentia antes?,3,Control,8,0,2,0.0,8_cinco_estrelas_cinco estrelas_mesma,No perceived change and brief appraisals
13,Q2,Sente alguma diferença em relação a como se sentia antes?,3,Control,9,0,2,0.0,9_ansiedade_ansiosa_bocadinho_nervosismo,Anxiety and nervousness
13,Q2,Sente alguma diferença em relação a como se sentia antes?,3,Control,10,0,2,0.0,10_sinto_sinto sinto_estável sinto_desde cheguei,Feeling well and stable
13,Q2,Sente alguma diferença em relação a como se sentia antes?,3,Control,11,0,2,0.0,11_acolhida_acolhimento_acolhida acolhida_sentir,Feeling welcomed
15,Q2,Sente alguma diferença em relação a como se sentia antes?,2,VR Only,-1,0,2,0.0,-1_será_será alguém_alguém_família,Unassigned or mixed content
15,Q2,Sente alguma diferença em relação a como se sentia antes?,2,VR Only,0,1,2,0.5,0_tranquila_calma_relaxada_sinto,Calm and relaxation
15,Q2,Sente alguma diferença em relação a como se sentia antes?,2,VR Only,1,0,2,0.0,1_pessoas_cuidado_doentes_todas,Compassionate and professional care
15,Q2,Sente alguma diferença em relação a como se sentia antes?,2,VR Only,2,1,2,0.5,2_mim_diferente_diferença_bocadinho,Subjective emotional and experiential effects
15,Q2,Sente alguma diferença em relação a como se sentia antes?,2,VR Only,3,0,2,0.0,3_cirurgia_vai_fazer_pode depressa,Surgical concerns and coping
15,Q2,Sente alguma diferença em relação a como se sentia antes?,2,VR Only,4,0,2,0.0,4_cima_ir_sítio_abaixo,Movement and sense of place
15,Q2,Sente alguma diferença em relação a como se sentia antes?,2,VR Only,5,0,2,0.0,5_água_natureza_ar_mar,Nature imagery and sensory responses
15,Q2,Sente alguma diferença em relação a como se sentia antes?,2,VR Only,6,0,2,0.0,6_tempo_espera_tempo espera_agora,Waiting experience
15,Q2,Sente alguma diferença em relação a como se sentia antes?,2,VR Only,7,0,2,0.0,7_manter_correu_positiva_manter positiva,Positive appraisal and optimism
15,Q2,Sente alguma diferença em relação a como se sentia antes?,2,VR Only,8,0,2,0.0,8_cinco_estrelas_cinco estrelas_mesma,No perceived change and brief appraisals
15,Q2,Sente alguma diferença em relação a como se sentia antes?,2,VR Only,9,0,2,0.0,9_ansiedade_ansiosa_bocadinho_nervosismo,Anxiety and nervousness
15,Q2,Sente alguma diferença em relação a como se sentia antes?,2,VR Only,10,0,2,0.0,10_sinto_sinto sinto_estável sinto_desde cheguei,Feeling well and stable
15,Q2,Sente alguma diferença em relação a como se sentia antes?,2,VR Only,11,0,2,0.0,11_acolhida_acolhimento_acolhida acolhida_sentir,Feeling welcomed
16,Q2,Sente alguma diferença em relação a como se sentia antes?,3,Control,-1,0,1,0.0,-1_será_será alguém_alguém_família,Unassigned or mixed content
16,Q2,Sente alguma diferença em relação a como se sentia antes?,3,Control,0,0,1,0.0,0_tranquila_calma_relaxada_sinto,Calm and relaxation
16,Q2,Sente alguma diferença em relação a como se sentia antes?,3,Control,1,0,1,0.0,1_pessoas_cuidado_doentes_todas,Compassionate and professional care
16,Q2,Sente alguma diferença em relação a como se sentia antes?,3,Control,2,0,1,0.0,2_mim_diferente_diferença_bocadinho,Subjective emotional and experiential effects
16,Q2,Sente alguma diferença em relação a como se sentia antes?,3,Control,3,0,1,0.0,3_cirurgia_vai_fazer_pode depressa,Surgical concerns and coping
16,Q2,Sente alguma diferença em relação a como se sentia antes?,3,Control,4,0,1,0.0,4_cima_ir_sítio_abaixo,Movement and sense of place
16,Q2,Sente alguma diferença em relação a como se sentia antes?,3,Control,5,0,1,0.0,5_água_natureza_ar_mar,Nature imagery and sensory responses
16,Q2,Sente alguma diferença em relação a como se sentia antes?,3,Control,6,0,1,0.0,6_tempo_espera_tempo espera_agora,Waiting experience
16,Q2,Sente alguma diferença em relação a como se sentia antes?,3,Control,7,0,1,0.0,7_manter_correu_positiva_manter positiva,Positive appraisal and optimism
16,Q2,Sente alguma diferença em relação a como se sentia antes?,3,Control,8,0,1,0.0,8_cinco_estrelas_cinco estrelas_mesma,No perceived change and brief appraisals
16,Q2,Sente alguma diferença em relação a como se sentia antes?,3,Control,9,1,1,1.0,9_ansiedade_ansiosa_bocadinho_nervosismo,Anxiety and nervousness
16,Q2,Sente alguma diferença em relação a como se sentia antes?,3,Control,10,0,1,0.0,10_sinto_sinto sinto_estável sinto_desde cheguei,Feeling well and stable
16,Q2,Sente alguma diferença em relação a como se sentia antes?,3,Control,11,0,1,0.0,11_acolhida_acolhimento_acolhida acolhida_sentir,Feeling welcomed
17,Q2,Sente alguma diferença em relação a como se sentia antes?,1,VR Art,-1,0,1,0.0,-1_será_será alguém_alguém_família,Unassigned or mixed content
17,Q2,Sente alguma diferença em relação a como se sentia antes?,1,VR Art,0,0,1,0.0,0_tranquila_calma_relaxada_sinto,Calm and relaxation
17,Q2,Sente alguma diferença em relação a como se sentia antes?,1,VR Art,1,0,1,0.0,1_pessoas_cuidado_doentes_todas,Compassionate and professional care
17,Q2,Sente alguma diferença em relação a como se sentia antes?,1,VR Art,2,1,1,1.0,2_mim_diferente_diferença_bocadinho,Subjective emotional and experiential effects
17,Q2,Sente alguma diferença em relação a como se sentia antes?,1,VR Art,3,0,1,0.0,3_cirurgia_vai_fazer_pode depressa,Surgical concerns and coping
17,Q2,Sente alguma diferença em relação a como se sentia antes?,1,VR Art,4,0,1,0.0,4_cima_ir_sítio_abaixo,Movement and sense of place
17,Q2,Sente alguma diferença em relação a como se sentia antes?,1,VR Art,5,0,1,0.0,5_água_natureza_ar_mar,Nature imagery and sensory responses
17,Q2,Sente alguma diferença em relação a como se sentia antes?,1,VR Art,6,0,1,0.0,6_tempo_espera_tempo espera_agora,Waiting experience
17,Q2,Sente alguma diferença em relação a como se sentia antes?,1,VR Art,7,0,1,0.0,7_manter_correu_positiva_manter positiva,Positive appraisal and optimism
17,Q2,Sente alguma diferença em relação a como se sentia antes?,1,VR Art,8,0,1,0.0,8_cinco_estrelas_cinco estrelas_mesma,No perceived change and brief appraisals
17,Q2,Sente alguma diferença em relação a como se sentia antes?,1,VR Art,9,0,1,0.0,9_ansiedade_ansiosa_bocadinho_nervosismo,Anxiety and nervousness
17,Q2,Sente alguma diferença em relação a como se sentia antes?,1,VR Art,10,0,1,0.0,10_sinto_sinto sinto_estável sinto_desde cheguei,Feeling well and stable
17,Q2,Sente alguma diferença em relação a como se sentia antes?,1,VR Art,11,0,1,0.0,11_acolhida_acolhimento_acolhida acolhida_sentir,Feeling welcomed
24,Q2,Sente alguma diferença em relação a como se sentia antes?,1,VR Art,-1,0,1,0.0,-1_será_será alguém_alguém_família,Unassigned or mixed content
24,Q2,Sente alguma diferença em relação a como se sentia antes?,1,VR Art,0,0,1,0.0,0_tranquila_calma_relaxada_sinto,Calm and relaxation
24,Q2,Sente alguma diferença em relação a como se sentia antes?,1,VR Art,1,0,1,0.0,1_pessoas_cuidado_doentes_todas,Compassionate and professional care
24,Q2,Sente alguma diferença em relação a como se sentia antes?,1,VR Art,2,0,1,0.0,2_mim_diferente_diferença_bocadinho,Subjective emotional and experiential effects
24,Q2,Sente alguma diferença em relação a como se sentia antes?,1,VR Art,3,0,1,0.0,3_cirurgia_vai_fazer_pode depressa,Surgical concerns and coping
24,Q2,Sente alguma diferença em relação a como se sentia antes?,1,VR Art,4,0,1,0.0,4_cima_ir_sítio_abaixo,Movement and sense of place
24,Q2,Sente alguma diferença em relação a como se sentia antes?,1,VR Art,5,1,1,1.0,5_água_natureza_ar_mar,Nature imagery and sensory responses
24,Q2,Sente alguma diferença em relação a como se sentia antes?,1,VR Art,6,0,1,0.0,6_tempo_espera_tempo espera_agora,Waiting experience
24,Q2,Sente alguma diferença em relação a como se sentia antes?,1,VR Art,7,0,1,0.0,7_manter_correu_positiva_manter positiva,Positive appraisal and optimism
24,Q2,Sente alguma diferença em relação a como se sentia antes?,1,VR Art,8,0,1,0.0,8_cinco_estrelas_cinco estrelas_mesma,No perceived change and brief appraisals
24,Q2,Sente alguma diferença em relação a como se sentia antes?,1,VR Art,9,0,1,0.0,9_ansiedade_ansiosa_bocadinho_nervosismo,Anxiety and nervousness
24,Q2,Sente alguma diferença em relação a como se sentia antes?,1,VR Art,10,0,1,0.0,10_sinto_sinto sinto_estável sinto_desde cheguei,Feeling well and stable
24,Q2,Sente alguma diferença em relação a como se sentia antes?,1,VR Art,11,0,1,0.0,11_acolhida_acolhimento_acolhida acolhida_sentir,Feeling welcomed
27,Q2,Sente alguma diferença em relação a como se sentia antes?,1,VR Art,-1,0,2,0.0,-1_será_será alguém_alguém_família,Unassigned or mixed content
27,Q2,Sente alguma diferença em relação a como se sentia antes?,1,VR Art,0,0,2,0.0,0_tranquila_calma_relaxada_sinto,Calm and relaxation
27,Q2,Sente alguma diferença em relação a como se sentia antes?,1,VR Art,1,0,2,0.0,1_pessoas_cuidado_doentes_todas,Compassionate and professional care
27,Q2,Sente alguma diferença em relação a como se sentia antes?,1,VR Art,2,1,2,0.5,2_mim_diferente_diferença_bocadinho,Subjective emotional and experiential effects
27,Q2,Sente alguma diferença em relação a como se sentia antes?,1,VR Art,3,0,2,0.0,3_cirurgia_vai_fazer_pode depressa,Surgical concerns and coping
27,Q2,Sente alguma diferença em relação a como se sentia antes?,1,VR Art,4,0,2,0.0,4_cima_ir_sítio_abaixo,Movement and sense of place
27,Q2,Sente alguma diferença em relação a como se sentia antes?,1,VR Art,5,0,2,0.0,5_água_natureza_ar_mar,Nature imagery and sensory responses
27,Q2,Sente alguma diferença em relação a como se sentia antes?,1,VR Art,6,1,2,0.5,6_tempo_espera_tempo espera_agora,Waiting experience
27,Q2,Sente alguma diferença em relação a como se sentia antes?,1,VR Art,7,0,2,0.0,7_manter_correu_positiva_manter positiva,Positive appraisal and optimism
27,Q2,Sente alguma diferença em relação a como se sentia antes?,1,VR Art,8,0,2,0.0,8_cinco_estrelas_cinco estrelas_mesma,No perceived change and brief appraisals
27,Q2,Sente alguma diferença em relação a como se sentia antes?,1,VR Art,9,0,2,0.0,9_ansiedade_ansiosa_bocadinho_nervosismo,Anxiety and nervousness
27,Q2,Sente alguma diferença em relação a como se sentia antes?,1,VR Art,10,0,2,0.0,10_sinto_sinto sinto_estável sinto_desde cheguei,Feeling well and stable
27,Q2,Sente alguma diferença em relação a como se sentia antes?,1,VR Art,11,0,2,0.0,11_acolhida_acolhimento_acolhida acolhida_sentir,Feeling welcomed
31,Q2,Sente alguma diferença em relação a como se sentia antes?,1,VR Art,-1,0,2,0.0,-1_será_será alguém_alguém_família,Unassigned or mixed content
31,Q2,Sente alguma diferença em relação a como se sentia antes?,1,VR Art,0,0,2,0.0,0_tranquila_calma_relaxada_sinto,Calm and relaxation
31,Q2,Sente alguma diferença em relação a como se sentia antes?,1,VR Art,1,0,2,0.0,1_pessoas_cuidado_doentes_todas,Compassionate and professional care
31,Q2,Sente alguma diferença em relação a como se sentia antes?,1,VR Art,2,0,2,0.0,2_mim_diferente_diferença_bocadinho,Subjective emotional and experiential effects
31,Q2,Sente alguma diferença em relação a como se sentia antes?,1,VR Art,3,0,2,0.0,3_cirurgia_vai_fazer_pode depressa,Surgical concerns and coping
31,Q2,Sente alguma diferença em relação a como se sentia antes?,1,VR Art,4,0,2,0.0,4_cima_ir_sítio_abaixo,Movement and sense of place
31,Q2,Sente alguma diferença em relação a como se sentia antes?,1,VR Art,5,0,2,0.0,5_água_natureza_ar_mar,Nature imagery and sensory responses
31,Q2,Sente alguma diferença em relação a como se sentia antes?,1,VR Art,6,0,2,0.0,6_tempo_espera_tempo espera_agora,Waiting experience
31,Q2,Sente alguma diferença em relação a como se sentia antes?,1,VR Art,7,0,2,0.0,7_manter_correu_positiva_manter positiva,Positive appraisal and optimism
31,Q2,Sente alguma diferença em relação a como se sentia antes?,1,VR Art,8,2,2,1.0,8_cinco_estrelas_cinco estrelas_mesma,No perceived change and brief appraisals
31,Q2,Sente alguma diferença em relação a como se sentia antes?,1,VR Art,9,0,2,0.0,9_ansiedade_ansiosa_bocadinho_nervosismo,Anxiety and nervousness
31,Q2,Sente alguma diferença em relação a como se sentia antes?,1,VR Art,10,0,2,0.0,10_sinto_sinto sinto_estável sinto_desde cheguei,Feeling well and stable
31,Q2,Sente alguma diferença em relação a como se sentia antes?,1,VR Art,11,0,2,0.0,11_acolhida_acolhimento_acolhida acolhida_sentir,Feeling welcomed
32,Q2,Sente alguma diferença em relação a como se sentia antes?,2,VR Only,-1,0,1,0.0,-1_será_será alguém_alguém_família,Unassigned or mixed content
32,Q2,Sente alguma diferença em relação a como se sentia antes?,2,VR Only,0,0,1,0.0,0_tranquila_calma_relaxada_sinto,Calm and relaxation
32,Q2,Sente alguma diferença em relação a como se sentia antes?,2,VR Only,1,0,1,0.0,1_pessoas_cuidado_doentes_todas,Compassionate and professional care
32,Q2,Sente alguma diferença em relação a como se sentia antes?,2,VR Only,2,0,1,0.0,2_mim_diferente_diferença_bocadinho,Subjective emotional and experiential effects
32,Q2,Sente alguma diferença em relação a como se sentia antes?,2,VR Only,3,0,1,0.0,3_cirurgia_vai_fazer_pode depressa,Surgical concerns and coping
32,Q2,Sente alguma diferença em relação a como se sentia antes?,2,VR Only,4,0,1,0.0,4_cima_ir_sítio_abaixo,Movement and sense of place
32,Q2,Sente alguma diferença em relação a como se sentia antes?,2,VR Only,5,0,1,0.0,5_água_natureza_ar_mar,Nature imagery and sensory responses
32,Q2,Sente alguma diferença em relação a como se sentia antes?,2,VR Only,6,0,1,0.0,6_tempo_espera_tempo espera_agora,Waiting experience
32,Q2,Sente alguma diferença em relação a como se sentia antes?,2,VR Only,7,0,1,0.0,7_manter_correu_positiva_manter positiva,Positive appraisal and optimism
32,Q2,Sente alguma diferença em relação a como se sentia antes?,2,VR Only,8,0,1,0.0,8_cinco_estrelas_cinco estrelas_mesma,No perceived change and brief appraisals
32,Q2,Sente alguma diferença em relação a como se sentia antes?,2,VR Only,9,1,1,1.0,9_ansiedade_ansiosa_bocadinho_nervosismo,Anxiety and nervousness
32,Q2,Sente alguma diferença em relação a como se sentia antes?,2,VR Only,10,0,1,0.0,10_sinto_sinto sinto_estável sinto_desde cheguei,Feeling well and stable
32,Q2,Sente alguma diferença em relação a como se sentia antes?,2,VR Only,11,0,1,0.0,11_acolhida_acolhimento_acolhida acolhida_sentir,Feeling welcomed
34,Q2,Sente alguma diferença em relação a como se sentia antes?,3,Control,-1,0,1,0.0,-1_será_será alguém_alguém_família,Unassigned or mixed content
34,Q2,Sente alguma diferença em relação a como se sentia antes?,3,Control,0,1,1,1.0,0_tranquila_calma_relaxada_sinto,Calm and relaxation
34,Q2,Sente alguma diferença em relação a como se sentia antes?,3,Control,1,0,1,0.0,1_pessoas_cuidado_doentes_todas,Compassionate and professional care
34,Q2,Sente alguma diferença em relação a como se sentia antes?,3,Control,2,0,1,0.0,2_mim_diferente_diferença_bocadinho,Subjective emotional and experiential effects
34,Q2,Sente alguma diferença em relação a como se sentia antes?,3,Control,3,0,1,0.0,3_cirurgia_vai_fazer_pode depressa,Surgical concerns and coping
34,Q2,Sente alguma diferença em relação a como se sentia antes?,3,Control,4,0,1,0.0,4_cima_ir_sítio_abaixo,Movement and sense of place
34,Q2,Sente alguma diferença em relação a como se sentia antes?,3,Control,5,0,1,0.0,5_água_natureza_ar_mar,Nature imagery and sensory responses
34,Q2,Sente alguma diferença em relação a como se sentia antes?,3,Control,6,0,1,0.0,6_tempo_espera_tempo espera_agora,Waiting experience
34,Q2,Sente alguma diferença em relação a como se sentia antes?,3,Control,7,0,1,0.0,7_manter_correu_positiva_manter positiva,Positive appraisal and optimism
34,Q2,Sente alguma diferença em relação a como se sentia antes?,3,Control,8,0,1,0.0,8_cinco_estrelas_cinco estrelas_mesma,No perceived change and brief appraisals
34,Q2,Sente alguma diferença em relação a como se sentia antes?,3,Control,9,0,1,0.0,9_ansiedade_ansiosa_bocadinho_nervosismo,Anxiety and nervousness
34,Q2,Sente alguma diferença em relação a como se sentia antes?,3,Control,10,0,1,0.0,10_sinto_sinto sinto_estável sinto_desde cheguei,Feeling well and stable
34,Q2,Sente alguma diferença em relação a como se sentia antes?,3,Control,11,0,1,0.0,11_acolhida_acolhimento_acolhida acolhida_sentir,Feeling welcomed
35,Q2,Sente alguma diferença em relação a como se sentia antes?,1,VR Art,-1,0,1,0.0,-1_será_será alguém_alguém_família,Unassigned or mixed content
35,Q2,Sente alguma diferença em relação a como se sentia antes?,1,VR Art,0,0,1,0.0,0_tranquila_calma_relaxada_sinto,Calm and relaxation
35,Q2,Sente alguma diferença em relação a como se sentia antes?,1,VR Art,1,0,1,0.0,1_pessoas_cuidado_doentes_todas,Compassionate and professional care
35,Q2,Sente alguma diferença em relação a como se sentia antes?,1,VR Art,2,0,1,0.0,2_mim_diferente_diferença_bocadinho,Subjective emotional and experiential effects
35,Q2,Sente alguma diferença em relação a como se sentia antes?,1,VR Art,3,0,1,0.0,3_cirurgia_vai_fazer_pode depressa,Surgical concerns and coping
35,Q2,Sente alguma diferença em relação a como se sentia antes?,1,VR Art,4,0,1,0.0,4_cima_ir_sítio_abaixo,Movement and sense of place
35,Q2,Sente alguma diferença em relação a como se sentia antes?,1,VR Art,5,0,1,0.0,5_água_natureza_ar_mar,Nature imagery and sensory responses
35,Q2,Sente alguma diferença em relação a como se sentia antes?,1,VR Art,6,0,1,0.0,6_tempo_espera_tempo espera_agora,Waiting experience
35,Q2,Sente alguma diferença em relação a como se sentia antes?,1,VR Art,7,0,1,0.0,7_manter_correu_positiva_manter positiva,Positive appraisal and optimism
35,Q2,Sente alguma diferença em relação a como se sentia antes?,1,VR Art,8,1,1,1.0,8_cinco_estrelas_cinco estrelas_mesma,No perceived change and brief appraisals
35,Q2,Sente alguma diferença em relação a como se sentia antes?,1,VR Art,9,0,1,0.0,9_ansiedade_ansiosa_bocadinho_nervosismo,Anxiety and nervousness
35,Q2,Sente alguma diferença em relação a como se sentia antes?,1,VR Art,10,0,1,0.0,10_sinto_sinto sinto_estável sinto_desde cheguei,Feeling well and stable
35,Q2,Sente alguma diferença em relação a como se sentia antes?,1,VR Art,11,0,1,0.0,11_acolhida_acolhimento_acolhida acolhida_sentir,Feeling welcomed
37,Q2,Sente alguma diferença em relação a como se sentia antes?,2,VR Only,-1,0,2,0.0,-1_será_será alguém_alguém_família,Unassigned or mixed content
37,Q2,Sente alguma diferença em relação a como se sentia antes?,2,VR Only,0,1,2,0.5,0_tranquila_calma_relaxada_sinto,Calm and relaxation
37,Q2,Sente alguma diferença em relação a como se sentia antes?,2,VR Only,1,0,2,0.0,1_pessoas_cuidado_doentes_todas,Compassionate and professional care
37,Q2,Sente alguma diferença em relação a como se sentia antes?,2,VR Only,2,0,2,0.0,2_mim_diferente_diferença_bocadinho,Subjective emotional and experiential effects
37,Q2,Sente alguma diferença em relação a como se sentia antes?,2,VR Only,3,0,2,0.0,3_cirurgia_vai_fazer_pode depressa,Surgical concerns and coping
37,Q2,Sente alguma diferença em relação a como se sentia antes?,2,VR Only,4,0,2,0.0,4_cima_ir_sítio_abaixo,Movement and sense of place
37,Q2,Sente alguma diferença em relação a como se sentia antes?,2,VR Only,5,1,2,0.5,5_água_natureza_ar_mar,Nature imagery and sensory responses
37,Q2,Sente alguma diferença em relação a como se sentia antes?,2,VR Only,6,0,2,0.0,6_tempo_espera_tempo espera_agora,Waiting experience
37,Q2,Sente alguma diferença em relação a como se sentia antes?,2,VR Only,7,0,2,0.0,7_manter_correu_positiva_manter positiva,Positive appraisal and optimism
37,Q2,Sente alguma diferença em relação a como se sentia antes?,2,VR Only,8,0,2,0.0,8_cinco_estrelas_cinco estrelas_mesma,No perceived change and brief appraisals
37,Q2,Sente alguma diferença em relação a como se sentia antes?,2,VR Only,9,0,2,0.0,9_ansiedade_ansiosa_bocadinho_nervosismo,Anxiety and nervousness
37,Q2,Sente alguma diferença em relação a como se sentia antes?,2,VR Only,10,0,2,0.0,10_sinto_sinto sinto_estável sinto_desde cheguei,Feeling well and stable
37,Q2,Sente alguma diferença em relação a como se sentia antes?,2,VR Only,11,0,2,0.0,11_acolhida_acolhimento_acolhida acolhida_sentir,Feeling welcomed
38,Q2,Sente alguma diferença em relação a como se sentia antes?,1,VR Art,-1,0,2,0.0,-1_será_será alguém_alguém_família,Unassigned or mixed content
38,Q2,Sente alguma diferença em relação a como se sentia antes?,1,VR Art,0,2,2,1.0,0_tranquila_calma_relaxada_sinto,Calm and relaxation
38,Q2,Sente alguma diferença em relação a como se sentia antes?,1,VR Art,1,0,2,0.0,1_pessoas_cuidado_doentes_todas,Compassionate and professional care
38,Q2,Sente alguma diferença em relação a como se sentia antes?,1,VR Art,2,0,2,0.0,2_mim_diferente_diferença_bocadinho,Subjective emotional and experiential effects
38,Q2,Sente alguma diferença em relação a como se sentia antes?,1,VR Art,3,0,2,0.0,3_cirurgia_vai_fazer_pode depressa,Surgical concerns and coping
38,Q2,Sente alguma diferença em relação a como se sentia antes?,1,VR Art,4,0,2,0.0,4_cima_ir_sítio_abaixo,Movement and sense of place
38,Q2,Sente alguma diferença em relação a como se sentia antes?,1,VR Art,5,0,2,0.0,5_água_natureza_ar_mar,Nature imagery and sensory responses
38,Q2,Sente alguma diferença em relação a como se sentia antes?,1,VR Art,6,0,2,0.0,6_tempo_espera_tempo espera_agora,Waiting experience
38,Q2,Sente alguma diferença em relação a como se sentia antes?,1,VR Art,7,0,2,0.0,7_manter_correu_positiva_manter positiva,Positive appraisal and optimism
38,Q2,Sente alguma diferença em relação a como se sentia antes?,1,VR Art,8,0,2,0.0,8_cinco_estrelas_cinco estrelas_mesma,No perceived change and brief appraisals
38,Q2,Sente alguma diferença em relação a como se sentia antes?,1,VR Art,9,0,2,0.0,9_ansiedade_ansiosa_bocadinho_nervosismo,Anxiety and nervousness
38,Q2,Sente alguma diferença em relação a como se sentia antes?,1,VR Art,10,0,2,0.0,10_sinto_sinto sinto_estável sinto_desde cheguei,Feeling well and stable
38,Q2,Sente alguma diferença em relação a como se sentia antes?,1,VR Art,11,0,2,0.0,11_acolhida_acolhimento_acolhida acolhida_sentir,Feeling welcomed
40,Q2,Sente alguma diferença em relação a como se sentia antes?,2,VR Only,-1,0,1,0.0,-1_será_será alguém_alguém_família,Unassigned or mixed content
40,Q2,Sente alguma diferença em relação a como se sentia antes?,2,VR Only,0,1,1,1.0,0_tranquila_calma_relaxada_sinto,Calm and relaxation
40,Q2,Sente alguma diferença em relação a como se sentia antes?,2,VR Only,1,0,1,0.0,1_pessoas_cuidado_doentes_todas,Compassionate and professional care
40,Q2,Sente alguma diferença em relação a como se sentia antes?,2,VR Only,2,0,1,0.0,2_mim_diferente_diferença_bocadinho,Subjective emotional and experiential effects
40,Q2,Sente alguma diferença em relação a como se sentia antes?,2,VR Only,3,0,1,0.0,3_cirurgia_vai_fazer_pode depressa,Surgical concerns and coping
40,Q2,Sente alguma diferença em relação a como se sentia antes?,2,VR Only,4,0,1,0.0,4_cima_ir_sítio_abaixo,Movement and sense of place
40,Q2,Sente alguma diferença em relação a como se sentia antes?,2,VR Only,5,0,1,0.0,5_água_natureza_ar_mar,Nature imagery and sensory responses
40,Q2,Sente alguma diferença em relação a como se sentia antes?,2,VR Only,6,0,1,0.0,6_tempo_espera_tempo espera_agora,Waiting experience
40,Q2,Sente alguma diferença em relação a como se sentia antes?,2,VR Only,7,0,1,0.0,7_manter_correu_positiva_manter positiva,Positive appraisal and optimism
40,Q2,Sente alguma diferença em relação a como se sentia antes?,2,VR Only,8,0,1,0.0,8_cinco_estrelas_cinco estrelas_mesma,No perceived change and brief appraisals
40,Q2,Sente alguma diferença em relação a como se sentia antes?,2,VR Only,9,0,1,0.0,9_ansiedade_ansiosa_bocadinho_nervosismo,Anxiety and nervousness
40,Q2,Sente alguma diferença em relação a como se sentia antes?,2,VR Only,10,0,1,0.0,10_sinto_sinto sinto_estável sinto_desde cheguei,Feeling well and stable
40,Q2,Sente alguma diferença em relação a como se sentia antes?,2,VR Only,11,0,1,0.0,11_acolhida_acolhimento_acolhida acolhida_sentir,Feeling welcomed
43,Q2,Sente alguma diferença em relação a como se sentia antes?,2,VR Only,-1,0,1,0.0,-1_será_será alguém_alguém_família,Unassigned or mixed content
43,Q2,Sente alguma diferença em relação a como se sentia antes?,2,VR Only,0,1,1,1.0,0_tranquila_calma_relaxada_sinto,Calm and relaxation
43,Q2,Sente alguma diferença em relação a como se sentia antes?,2,VR Only,1,0,1,0.0,1_pessoas_cuidado_doentes_todas,Compassionate and professional care
43,Q2,Sente alguma diferença em relação a como se sentia antes?,2,VR Only,2,0,1,0.0,2_mim_diferente_diferença_bocadinho,Subjective emotional and experiential effects
43,Q2,Sente alguma diferença em relação a como se sentia antes?,2,VR Only,3,0,1,0.0,3_cirurgia_vai_fazer_pode depressa,Surgical concerns and coping
43,Q2,Sente alguma diferença em relação a como se sentia antes?,2,VR Only,4,0,1,0.0,4_cima_ir_sítio_abaixo,Movement and sense of place
43,Q2,Sente alguma diferença em relação a como se sentia antes?,2,VR Only,5,0,1,0.0,5_água_natureza_ar_mar,Nature imagery and sensory responses
43,Q2,Sente alguma diferença em relação a como se sentia antes?,2,VR Only,6,0,1,0.0,6_tempo_espera_tempo espera_agora,Waiting experience
43,Q2,Sente alguma diferença em relação a como se sentia antes?,2,VR Only,7,0,1,0.0,7_manter_correu_positiva_manter positiva,Positive appraisal and optimism
43,Q2,Sente alguma diferença em relação a como se sentia antes?,2,VR Only,8,0,1,0.0,8_cinco_estrelas_cinco estrelas_mesma,No perceived change and brief appraisals
43,Q2,Sente alguma diferença em relação a como se sentia antes?,2,VR Only,9,0,1,0.0,9_ansiedade_ansiosa_bocadinho_nervosismo,Anxiety and nervousness
43,Q2,Sente alguma diferença em relação a como se sentia antes?,2,VR Only,10,0,1,0.0,10_sinto_sinto sinto_estável sinto_desde cheguei,Feeling well and stable
43,Q2,Sente alguma diferença em relação a como se sentia antes?,2,VR Only,11,0,1,0.0,11_acolhida_acolhimento_acolhida acolhida_sentir,Feeling welcomed
44,Q2,Sente alguma diferença em relação a como se sentia antes?,1,VR Art,-1,0,3,0.0,-1_será_será alguém_alguém_família,Unassigned or mixed content
44,Q2,Sente alguma diferença em relação a como se sentia antes?,1,VR Art,0,0,3,0.0,0_tranquila_calma_relaxada_sinto,Calm and relaxation
44,Q2,Sente alguma diferença em relação a como se sentia antes?,1,VR Art,1,0,3,0.0,1_pessoas_cuidado_doentes_todas,Compassionate and professional care
44,Q2,Sente alguma diferença em relação a como se sentia antes?,1,VR Art,2,1,3,0.3333333333333333,2_mim_diferente_diferença_bocadinho,Subjective emotional and experiential effects
44,Q2,Sente alguma diferença em relação a como se sentia antes?,1,VR Art,3,0,3,0.0,3_cirurgia_vai_fazer_pode depressa,Surgical concerns and coping
44,Q2,Sente alguma diferença em relação a como se sentia antes?,1,VR Art,4,0,3,0.0,4_cima_ir_sítio_abaixo,Movement and sense of place
44,Q2,Sente alguma diferença em relação a como se sentia antes?,1,VR Art,5,0,3,0.0,5_água_natureza_ar_mar,Nature imagery and sensory responses
44,Q2,Sente alguma diferença em relação a como se sentia antes?,1,VR Art,6,1,3,0.3333333333333333,6_tempo_espera_tempo espera_agora,Waiting experience
44,Q2,Sente alguma diferença em relação a como se sentia antes?,1,VR Art,7,1,3,0.3333333333333333,7_manter_correu_positiva_manter positiva,Positive appraisal and optimism
44,Q2,Sente alguma diferença em relação a como se sentia antes?,1,VR Art,8,0,3,0.0,8_cinco_estrelas_cinco estrelas_mesma,No perceived change and brief appraisals
44,Q2,Sente alguma diferença em relação a como se sentia antes?,1,VR Art,9,0,3,0.0,9_ansiedade_ansiosa_bocadinho_nervosismo,Anxiety and nervousness
44,Q2,Sente alguma diferença em relação a como se sentia antes?,1,VR Art,10,0,3,0.0,10_sinto_sinto sinto_estável sinto_desde cheguei,Feeling well and stable
44,Q2,Sente alguma diferença em relação a como se sentia antes?,1,VR Art,11,0,3,0.0,11_acolhida_acolhimento_acolhida acolhida_sentir,Feeling welcomed
45,Q2,Sente alguma diferença em relação a como se sentia antes?,3,Control,-1,0,1,0.0,-1_será_será alguém_alguém_família,Unassigned or mixed content
45,Q2,Sente alguma diferença em relação a como se sentia antes?,3,Control,0,0,1,0.0,0_tranquila_calma_relaxada_sinto,Calm and relaxation
45,Q2,Sente alguma diferença em relação a como se sentia antes?,3,Control,1,0,1,0.0,1_pessoas_cuidado_doentes_todas,Compassionate and professional care
45,Q2,Sente alguma diferença em relação a como se sentia antes?,3,Control,2,1,1,1.0,2_mim_diferente_diferença_bocadinho,Subjective emotional and experiential effects
45,Q2,Sente alguma diferença em relação a como se sentia antes?,3,Control,3,0,1,0.0,3_cirurgia_vai_fazer_pode depressa,Surgical concerns and coping
45,Q2,Sente alguma diferença em relação a como se sentia antes?,3,Control,4,0,1,0.0,4_cima_ir_sítio_abaixo,Movement and sense of place
45,Q2,Sente alguma diferença em relação a como se sentia antes?,3,Control,5,0,1,0.0,5_água_natureza_ar_mar,Nature imagery and sensory responses
45,Q2,Sente alguma diferença em relação a como se sentia antes?,3,Control,6,0,1,0.0,6_tempo_espera_tempo espera_agora,Waiting experience
45,Q2,Sente alguma diferença em relação a como se sentia antes?,3,Control,7,0,1,0.0,7_manter_correu_positiva_manter positiva,Positive appraisal and optimism
45,Q2,Sente alguma diferença em relação a como se sentia antes?,3,Control,8,0,1,0.0,8_cinco_estrelas_cinco estrelas_mesma,No perceived change and brief appraisals
45,Q2,Sente alguma diferença em relação a como se sentia antes?,3,Control,9,0,1,0.0,9_ansiedade_ansiosa_bocadinho_nervosismo,Anxiety and nervousness
45,Q2,Sente alguma diferença em relação a como se sentia antes?,3,Control,10,0,1,0.0,10_sinto_sinto sinto_estável sinto_desde cheguei,Feeling well and stable
45,Q2,Sente alguma diferença em relação a como se sentia antes?,3,Control,11,0,1,0.0,11_acolhida_acolhimento_acolhida acolhida_sentir,Feeling welcomed
46,Q2,Sente alguma diferença em relação a como se sentia antes?,2,VR Only,-1,0,8,0.0,-1_será_será alguém_alguém_família,Unassigned or mixed content
46,Q2,Sente alguma diferença em relação a como se sentia antes?,2,VR Only,0,0,8,0.0,0_tranquila_calma_relaxada_sinto,Calm and relaxation
46,Q2,Sente alguma diferença em relação a como se sentia antes?,2,VR Only,1,0,8,0.0,1_pessoas_cuidado_doentes_todas,Compassionate and professional care
46,Q2,Sente alguma diferença em relação a como se sentia antes?,2,VR Only,2,1,8,0.125,2_mim_diferente_diferença_bocadinho,Subjective emotional and experiential effects
46,Q2,Sente alguma diferença em relação a como se sentia antes?,2,VR Only,3,1,8,0.125,3_cirurgia_vai_fazer_pode depressa,Surgical concerns and coping
46,Q2,Sente alguma diferença em relação a como se sentia antes?,2,VR Only,4,2,8,0.25,4_cima_ir_sítio_abaixo,Movement and sense of place
46,Q2,Sente alguma diferença em relação a como se sentia antes?,2,VR Only,5,1,8,0.125,5_água_natureza_ar_mar,Nature imagery and sensory responses
46,Q2,Sente alguma diferença em relação a como se sentia antes?,2,VR Only,6,1,8,0.125,6_tempo_espera_tempo espera_agora,Waiting experience
46,Q2,Sente alguma diferença em relação a como se sentia antes?,2,VR Only,7,0,8,0.0,7_manter_correu_positiva_manter positiva,Positive appraisal and optimism
46,Q2,Sente alguma diferença em relação a como se sentia antes?,2,VR Only,8,2,8,0.25,8_cinco_estrelas_cinco estrelas_mesma,No perceived change and brief appraisals
46,Q2,Sente alguma diferença em relação a como se sentia antes?,2,VR Only,9,0,8,0.0,9_ansiedade_ansiosa_bocadinho_nervosismo,Anxiety and nervousness
46,Q2,Sente alguma diferença em relação a como se sentia antes?,2,VR Only,10,0,8,0.0,10_sinto_sinto sinto_estável sinto_desde cheguei,Feeling well and stable
46,Q2,Sente alguma diferença em relação a como se sentia antes?,2,VR Only,11,0,8,0.0,11_acolhida_acolhimento_acolhida acolhida_sentir,Feeling welcomed
47,Q2,Sente alguma diferença em relação a como se sentia antes?,1,VR Art,-1,0,5,0.0,-1_será_será alguém_alguém_família,Unassigned or mixed content
47,Q2,Sente alguma diferença em relação a como se sentia antes?,1,VR Art,0,1,5,0.2,0_tranquila_calma_relaxada_sinto,Calm and relaxation
47,Q2,Sente alguma diferença em relação a como se sentia antes?,1,VR Art,1,0,5,0.0,1_pessoas_cuidado_doentes_todas,Compassionate and professional care
47,Q2,Sente alguma diferença em relação a como se sentia antes?,1,VR Art,2,0,5,0.0,2_mim_diferente_diferença_bocadinho,Subjective emotional and experiential effects
47,Q2,Sente alguma diferença em relação a como se sentia antes?,1,VR Art,3,0,5,0.0,3_cirurgia_vai_fazer_pode depressa,Surgical concerns and coping
47,Q2,Sente alguma diferença em relação a como se sentia antes?,1,VR Art,4,2,5,0.4,4_cima_ir_sítio_abaixo,Movement and sense of place
47,Q2,Sente alguma diferença em relação a como se sentia antes?,1,VR Art,5,1,5,0.2,5_água_natureza_ar_mar,Nature imagery and sensory responses
47,Q2,Sente alguma diferença em relação a como se sentia antes?,1,VR Art,6,0,5,0.0,6_tempo_espera_tempo espera_agora,Waiting experience
47,Q2,Sente alguma diferença em relação a como se sentia antes?,1,VR Art,7,0,5,0.0,7_manter_correu_positiva_manter positiva,Positive appraisal and optimism
47,Q2,Sente alguma diferença em relação a como se sentia antes?,1,VR Art,8,1,5,0.2,8_cinco_estrelas_cinco estrelas_mesma,No perceived change and brief appraisals
47,Q2,Sente alguma diferença em relação a como se sentia antes?,1,VR Art,9,0,5,0.0,9_ansiedade_ansiosa_bocadinho_nervosismo,Anxiety and nervousness
47,Q2,Sente alguma diferença em relação a como se sentia antes?,1,VR Art,10,0,5,0.0,10_sinto_sinto sinto_estável sinto_desde cheguei,Feeling well and stable
47,Q2,Sente alguma diferença em relação a como se sentia antes?,1,VR Art,11,0,5,0.0,11_acolhida_acolhimento_acolhida acolhida_sentir,Feeling welcomed
49,Q2,Sente alguma diferença em relação a como se sentia antes?,2,VR Only,-1,0,5,0.0,-1_será_será alguém_alguém_família,Unassigned or mixed content
49,Q2,Sente alguma diferença em relação a como se sentia antes?,2,VR Only,0,4,5,0.8,0_tranquila_calma_relaxada_sinto,Calm and relaxation
49,Q2,Sente alguma diferença em relação a como se sentia antes?,2,VR Only,1,0,5,0.0,1_pessoas_cuidado_doentes_todas,Compassionate and professional care
49,Q2,Sente alguma diferença em relação a como se sentia antes?,2,VR Only,2,0,5,0.0,2_mim_diferente_diferença_bocadinho,Subjective emotional and experiential effects
49,Q2,Sente alguma diferença em relação a como se sentia antes?,2,VR Only,3,0,5,0.0,3_cirurgia_vai_fazer_pode depressa,Surgical concerns and coping
49,Q2,Sente alguma diferença em relação a como se sentia antes?,2,VR Only,4,0,5,0.0,4_cima_ir_sítio_abaixo,Movement and sense of place
49,Q2,Sente alguma diferença em relação a como se sentia antes?,2,VR Only,5,1,5,0.2,5_água_natureza_ar_mar,Nature imagery and sensory responses
49,Q2,Sente alguma diferença em relação a como se sentia antes?,2,VR Only,6,0,5,0.0,6_tempo_espera_tempo espera_agora,Waiting experience
49,Q2,Sente alguma diferença em relação a como se sentia antes?,2,VR Only,7,0,5,0.0,7_manter_correu_positiva_manter positiva,Positive appraisal and optimism
49,Q2,Sente alguma diferença em relação a como se sentia antes?,2,VR Only,8,0,5,0.0,8_cinco_estrelas_cinco estrelas_mesma,No perceived change and brief appraisals
49,Q2,Sente alguma diferença em relação a como se sentia antes?,2,VR Only,9,0,5,0.0,9_ansiedade_ansiosa_bocadinho_nervosismo,Anxiety and nervousness
49,Q2,Sente alguma diferença em relação a como se sentia antes?,2,VR Only,10,0,5,0.0,10_sinto_sinto sinto_estável sinto_desde cheguei,Feeling well and stable
49,Q2,Sente alguma diferença em relação a como se sentia antes?,2,VR Only,11,0,5,0.0,11_acolhida_acolhimento_acolhida acolhida_sentir,Feeling welcomed
50,Q2,Sente alguma diferença em relação a como se sentia antes?,1,VR Art,-1,0,8,0.0,-1_será_será alguém_alguém_família,Unassigned or mixed content
50,Q2,Sente alguma diferença em relação a como se sentia antes?,1,VR Art,0,3,8,0.375,0_tranquila_calma_relaxada_sinto,Calm and relaxation
50,Q2,Sente alguma diferença em relação a como se sentia antes?,1,VR Art,1,0,8,0.0,1_pessoas_cuidado_doentes_todas,Compassionate and professional care
50,Q2,Sente alguma diferença em relação a como se sentia antes?,1,VR Art,2,1,8,0.125,2_mim_diferente_diferença_bocadinho,Subjective emotional and experiential effects
50,Q2,Sente alguma diferença em relação a como se sentia antes?,1,VR Art,3,0,8,0.0,3_cirurgia_vai_fazer_pode depressa,Surgical concerns and coping
50,Q2,Sente alguma diferença em relação a como se sentia antes?,1,VR Art,4,0,8,0.0,4_cima_ir_sítio_abaixo,Movement and sense of place
50,Q2,Sente alguma diferença em relação a como se sentia antes?,1,VR Art,5,2,8,0.25,5_água_natureza_ar_mar,Nature imagery and sensory responses
50,Q2,Sente alguma diferença em relação a como se sentia antes?,1,VR Art,6,1,8,0.125,6_tempo_espera_tempo espera_agora,Waiting experience
50,Q2,Sente alguma diferença em relação a como se sentia antes?,1,VR Art,7,0,8,0.0,7_manter_correu_positiva_manter positiva,Positive appraisal and optimism
50,Q2,Sente alguma diferença em relação a como se sentia antes?,1,VR Art,8,0,8,0.0,8_cinco_estrelas_cinco estrelas_mesma,No perceived change and brief appraisals
50,Q2,Sente alguma diferença em relação a como se sentia antes?,1,VR Art,9,1,8,0.125,9_ansiedade_ansiosa_bocadinho_nervosismo,Anxiety and nervousness
50,Q2,Sente alguma diferença em relação a como se sentia antes?,1,VR Art,10,0,8,0.0,10_sinto_sinto sinto_estável sinto_desde cheguei,Feeling well and stable
50,Q2,Sente alguma diferença em relação a como se sentia antes?,1,VR Art,11,0,8,0.0,11_acolhida_acolhimento_acolhida acolhida_sentir,Feeling welcomed
51,Q2,Sente alguma diferença em relação a como se sentia antes?,3,Control,-1,0,2,0.0,-1_será_será alguém_alguém_família,Unassigned or mixed content
51,Q2,Sente alguma diferença em relação a como se sentia antes?,3,Control,0,1,2,0.5,0_tranquila_calma_relaxada_sinto,Calm and relaxation
51,Q2,Sente alguma diferença em relação a como se sentia antes?,3,Control,1,0,2,0.0,1_pessoas_cuidado_doentes_todas,Compassionate and professional care
51,Q2,Sente alguma diferença em relação a como se sentia antes?,3,Control,2,0,2,0.0,2_mim_diferente_diferença_bocadinho,Subjective emotional and experiential effects
51,Q2,Sente alguma diferença em relação a como se sentia antes?,3,Control,3,0,2,0.0,3_cirurgia_vai_fazer_pode depressa,Surgical concerns and coping
51,Q2,Sente alguma diferença em relação a como se sentia antes?,3,Control,4,0,2,0.0,4_cima_ir_sítio_abaixo,Movement and sense of place
51,Q2,Sente alguma diferença em relação a como se sentia antes?,3,Control,5,0,2,0.0,5_água_natureza_ar_mar,Nature imagery and sensory responses
51,Q2,Sente alguma diferença em relação a como se sentia antes?,3,Control,6,1,2,0.5,6_tempo_espera_tempo espera_agora,Waiting experience
51,Q2,Sente alguma diferença em relação a como se sentia antes?,3,Control,7,0,2,0.0,7_manter_correu_positiva_manter positiva,Positive appraisal and optimism
51,Q2,Sente alguma diferença em relação a como se sentia antes?,3,Control,8,0,2,0.0,8_cinco_estrelas_cinco estrelas_mesma,No perceived change and brief appraisals
51,Q2,Sente alguma diferença em relação a como se sentia antes?,3,Control,9,0,2,0.0,9_ansiedade_ansiosa_bocadinho_nervosismo,Anxiety and nervousness
51,Q2,Sente alguma diferença em relação a como se sentia antes?,3,Control,10,0,2,0.0,10_sinto_sinto sinto_estável sinto_desde cheguei,Feeling well and stable
51,Q2,Sente alguma diferença em relação a como se sentia antes?,3,Control,11,0,2,0.0,11_acolhida_acolhimento_acolhida acolhida_sentir,Feeling welcomed
52,Q2,Sente alguma diferença em relação a como se sentia antes?,2,VR Only,-1,0,5,0.0,-1_será_será alguém_alguém_família,Unassigned or mixed content
52,Q2,Sente alguma diferença em relação a como se sentia antes?,2,VR Only,0,0,5,0.0,0_tranquila_calma_relaxada_sinto,Calm and relaxation
52,Q2,Sente alguma diferença em relação a como se sentia antes?,2,VR Only,1,0,5,0.0,1_pessoas_cuidado_doentes_todas,Compassionate and professional care
52,Q2,Sente alguma diferença em relação a como se sentia antes?,2,VR Only,2,0,5,0.0,2_mim_diferente_diferença_bocadinho,Subjective emotional and experiential effects
52,Q2,Sente alguma diferença em relação a como se sentia antes?,2,VR Only,3,3,5,0.6,3_cirurgia_vai_fazer_pode depressa,Surgical concerns and coping
52,Q2,Sente alguma diferença em relação a como se sentia antes?,2,VR Only,4,0,5,0.0,4_cima_ir_sítio_abaixo,Movement and sense of place
52,Q2,Sente alguma diferença em relação a como se sentia antes?,2,VR Only,5,0,5,0.0,5_água_natureza_ar_mar,Nature imagery and sensory responses
52,Q2,Sente alguma diferença em relação a como se sentia antes?,2,VR Only,6,0,5,0.0,6_tempo_espera_tempo espera_agora,Waiting experience
52,Q2,Sente alguma diferença em relação a como se sentia antes?,2,VR Only,7,0,5,0.0,7_manter_correu_positiva_manter positiva,Positive appraisal and optimism
52,Q2,Sente alguma diferença em relação a como se sentia antes?,2,VR Only,8,1,5,0.2,8_cinco_estrelas_cinco estrelas_mesma,No perceived change and brief appraisals
52,Q2,Sente alguma diferença em relação a como se sentia antes?,2,VR Only,9,1,5,0.2,9_ansiedade_ansiosa_bocadinho_nervosismo,Anxiety and nervousness
52,Q2,Sente alguma diferença em relação a como se sentia antes?,2,VR Only,10,0,5,0.0,10_sinto_sinto sinto_estável sinto_desde cheguei,Feeling well and stable
52,Q2,Sente alguma diferença em relação a como se sentia antes?,2,VR Only,11,0,5,0.0,11_acolhida_acolhimento_acolhida acolhida_sentir,Feeling welcomed
56,Q2,Sente alguma diferença em relação a como se sentia antes?,1,VR Art,-1,0,1,0.0,-1_será_será alguém_alguém_família,Unassigned or mixed content
56,Q2,Sente alguma diferença em relação a como se sentia antes?,1,VR Art,0,1,1,1.0,0_tranquila_calma_relaxada_sinto,Calm and relaxation
56,Q2,Sente alguma diferença em relação a como se sentia antes?,1,VR Art,1,0,1,0.0,1_pessoas_cuidado_doentes_todas,Compassionate and professional care
56,Q2,Sente alguma diferença em relação a como se sentia antes?,1,VR Art,2,0,1,0.0,2_mim_diferente_diferença_bocadinho,Subjective emotional and experiential effects
56,Q2,Sente alguma diferença em relação a como se sentia antes?,1,VR Art,3,0,1,0.0,3_cirurgia_vai_fazer_pode depressa,Surgical concerns and coping
56,Q2,Sente alguma diferença em relação a como se sentia antes?,1,VR Art,4,0,1,0.0,4_cima_ir_sítio_abaixo,Movement and sense of place
56,Q2,Sente alguma diferença em relação a como se sentia antes?,1,VR Art,5,0,1,0.0,5_água_natureza_ar_mar,Nature imagery and sensory responses
56,Q2,Sente alguma diferença em relação a como se sentia antes?,1,VR Art,6,0,1,0.0,6_tempo_espera_tempo espera_agora,Waiting experience
56,Q2,Sente alguma diferença em relação a como se sentia antes?,1,VR Art,7,0,1,0.0,7_manter_correu_positiva_manter positiva,Positive appraisal and optimism
56,Q2,Sente alguma diferença em relação a como se sentia antes?,1,VR Art,8,0,1,0.0,8_cinco_estrelas_cinco estrelas_mesma,No perceived change and brief appraisals
56,Q2,Sente alguma diferença em relação a como se sentia antes?,1,VR Art,9,0,1,0.0,9_ansiedade_ansiosa_bocadinho_nervosismo,Anxiety and nervousness
56,Q2,Sente alguma diferença em relação a como se sentia antes?,1,VR Art,10,0,1,0.0,10_sinto_sinto sinto_estável sinto_desde cheguei,Feeling well and stable
56,Q2,Sente alguma diferença em relação a como se sentia antes?,1,VR Art,11,0,1,0.0,11_acolhida_acolhimento_acolhida acolhida_sentir,Feeling welcomed
57,Q2,Sente alguma diferença em relação a como se sentia antes?,2,VR Only,-1,0,1,0.0,-1_será_será alguém_alguém_família,Unassigned or mixed content
57,Q2,Sente alguma diferença em relação a como se sentia antes?,2,VR Only,0,1,1,1.0,0_tranquila_calma_relaxada_sinto,Calm and relaxation
57,Q2,Sente alguma diferença em relação a como se sentia antes?,2,VR Only,1,0,1,0.0,1_pessoas_cuidado_doentes_todas,Compassionate and professional care
57,Q2,Sente alguma diferença em relação a como se sentia antes?,2,VR Only,2,0,1,0.0,2_mim_diferente_diferença_bocadinho,Subjective emotional and experiential effects
57,Q2,Sente alguma diferença em relação a como se sentia antes?,2,VR Only,3,0,1,0.0,3_cirurgia_vai_fazer_pode depressa,Surgical concerns and coping
57,Q2,Sente alguma diferença em relação a como se sentia antes?,2,VR Only,4,0,1,0.0,4_cima_ir_sítio_abaixo,Movement and sense of place
57,Q2,Sente alguma diferença em relação a como se sentia antes?,2,VR Only,5,0,1,0.0,5_água_natureza_ar_mar,Nature imagery and sensory responses
57,Q2,Sente alguma diferença em relação a como se sentia antes?,2,VR Only,6,0,1,0.0,6_tempo_espera_tempo espera_agora,Waiting experience
57,Q2,Sente alguma diferença em relação a como se sentia antes?,2,VR Only,7,0,1,0.0,7_manter_correu_positiva_manter positiva,Positive appraisal and optimism
57,Q2,Sente alguma diferença em relação a como se sentia antes?,2,VR Only,8,0,1,0.0,8_cinco_estrelas_cinco estrelas_mesma,No perceived change and brief appraisals
57,Q2,Sente alguma diferença em relação a como se sentia antes?,2,VR Only,9,0,1,0.0,9_ansiedade_ansiosa_bocadinho_nervosismo,Anxiety and nervousness
57,Q2,Sente alguma diferença em relação a como se sentia antes?,2,VR Only,10,0,1,0.0,10_sinto_sinto sinto_estável sinto_desde cheguei,Feeling well and stable
57,Q2,Sente alguma diferença em relação a como se sentia antes?,2,VR Only,11,0,1,0.0,11_acolhida_acolhimento_acolhida acolhida_sentir,Feeling welcomed
60,Q2,Sente alguma diferença em relação a como se sentia antes?,3,Control,-1,0,4,0.0,-1_será_será alguém_alguém_família,Unassigned or mixed content
60,Q2,Sente alguma diferença em relação a como se sentia antes?,3,Control,0,2,4,0.5,0_tranquila_calma_relaxada_sinto,Calm and relaxation
60,Q2,Sente alguma diferença em relação a como se sentia antes?,3,Control,1,0,4,0.0,1_pessoas_cuidado_doentes_todas,Compassionate and professional care
60,Q2,Sente alguma diferença em relação a como se sentia antes?,3,Control,2,0,4,0.0,2_mim_diferente_diferença_bocadinho,Subjective emotional and experiential effects
60,Q2,Sente alguma diferença em relação a como se sentia antes?,3,Control,3,0,4,0.0,3_cirurgia_vai_fazer_pode depressa,Surgical concerns and coping
60,Q2,Sente alguma diferença em relação a como se sentia antes?,3,Control,4,0,4,0.0,4_cima_ir_sítio_abaixo,Movement and sense of place
60,Q2,Sente alguma diferença em relação a como se sentia antes?,3,Control,5,0,4,0.0,5_água_natureza_ar_mar,Nature imagery and sensory responses
60,Q2,Sente alguma diferença em relação a como se sentia antes?,3,Control,6,1,4,0.25,6_tempo_espera_tempo espera_agora,Waiting experience
60,Q2,Sente alguma diferença em relação a como se sentia antes?,3,Control,7,0,4,0.0,7_manter_correu_positiva_manter positiva,Positive appraisal and optimism
60,Q2,Sente alguma diferença em relação a como se sentia antes?,3,Control,8,0,4,0.0,8_cinco_estrelas_cinco estrelas_mesma,No perceived change and brief appraisals
60,Q2,Sente alguma diferença em relação a como se sentia antes?,3,Control,9,0,4,0.0,9_ansiedade_ansiosa_bocadinho_nervosismo,Anxiety and nervousness
60,Q2,Sente alguma diferença em relação a como se sentia antes?,3,Control,10,1,4,0.25,10_sinto_sinto sinto_estável sinto_desde cheguei,Feeling well and stable
60,Q2,Sente alguma diferença em relação a como se sentia antes?,3,Control,11,0,4,0.0,11_acolhida_acolhimento_acolhida acolhida_sentir,Feeling welcomed
1,Q3,Que aspetos do cuidado prestado foram mais importantes para si?,3,Control,-1,0,1,0.0,-1_será_será alguém_alguém_família,Unassigned or mixed content
1,Q3,Que aspetos do cuidado prestado foram mais importantes para si?,3,Control,0,0,1,0.0,0_tranquila_calma_relaxada_sinto,Calm and relaxation
1,Q3,Que aspetos do cuidado prestado foram mais importantes para si?,3,Control,1,0,1,0.0,1_pessoas_cuidado_doentes_todas,Compassionate and professional care
1,Q3,Que aspetos do cuidado prestado foram mais importantes para si?,3,Control,2,0,1,0.0,2_mim_diferente_diferença_bocadinho,Subjective emotional and experiential effects
1,Q3,Que aspetos do cuidado prestado foram mais importantes para si?,3,Control,3,0,1,0.0,3_cirurgia_vai_fazer_pode depressa,Surgical concerns and coping
1,Q3,Que aspetos do cuidado prestado foram mais importantes para si?,3,Control,4,0,1,0.0,4_cima_ir_sítio_abaixo,Movement and sense of place
1,Q3,Que aspetos do cuidado prestado foram mais importantes para si?,3,Control,5,0,1,0.0,5_água_natureza_ar_mar,Nature imagery and sensory responses
1,Q3,Que aspetos do cuidado prestado foram mais importantes para si?,3,Control,6,0,1,0.0,6_tempo_espera_tempo espera_agora,Waiting experience
1,Q3,Que aspetos do cuidado prestado foram mais importantes para si?,3,Control,7,1,1,1.0,7_manter_correu_positiva_manter positiva,Positive appraisal and optimism
1,Q3,Que aspetos do cuidado prestado foram mais importantes para si?,3,Control,8,0,1,0.0,8_cinco_estrelas_cinco estrelas_mesma,No perceived change and brief appraisals
1,Q3,Que aspetos do cuidado prestado foram mais importantes para si?,3,Control,9,0,1,0.0,9_ansiedade_ansiosa_bocadinho_nervosismo,Anxiety and nervousness
1,Q3,Que aspetos do cuidado prestado foram mais importantes para si?,3,Control,10,0,1,0.0,10_sinto_sinto sinto_estável sinto_desde cheguei,Feeling well and stable
1,Q3,Que aspetos do cuidado prestado foram mais importantes para si?,3,Control,11,0,1,0.0,11_acolhida_acolhimento_acolhida acolhida_sentir,Feeling welcomed
2,Q3,Que aspetos do cuidado prestado foram mais importantes para si?,2,VR Only,-1,0,2,0.0,-1_será_será alguém_alguém_família,Unassigned or mixed content
2,Q3,Que aspetos do cuidado prestado foram mais importantes para si?,2,VR Only,0,0,2,0.0,0_tranquila_calma_relaxada_sinto,Calm and relaxation
2,Q3,Que aspetos do cuidado prestado foram mais importantes para si?,2,VR Only,1,1,2,0.5,1_pessoas_cuidado_doentes_todas,Compassionate and professional care
2,Q3,Que aspetos do cuidado prestado foram mais importantes para si?,2,VR Only,2,0,2,0.0,2_mim_diferente_diferença_bocadinho,Subjective emotional and experiential effects
2,Q3,Que aspetos do cuidado prestado foram mais importantes para si?,2,VR Only,3,0,2,0.0,3_cirurgia_vai_fazer_pode depressa,Surgical concerns and coping
2,Q3,Que aspetos do cuidado prestado foram mais importantes para si?,2,VR Only,4,0,2,0.0,4_cima_ir_sítio_abaixo,Movement and sense of place
2,Q3,Que aspetos do cuidado prestado foram mais importantes para si?,2,VR Only,5,0,2,0.0,5_água_natureza_ar_mar,Nature imagery and sensory responses
2,Q3,Que aspetos do cuidado prestado foram mais importantes para si?,2,VR Only,6,0,2,0.0,6_tempo_espera_tempo espera_agora,Waiting experience
2,Q3,Que aspetos do cuidado prestado foram mais importantes para si?,2,VR Only,7,0,2,0.0,7_manter_correu_positiva_manter positiva,Positive appraisal and optimism
2,Q3,Que aspetos do cuidado prestado foram mais importantes para si?,2,VR Only,8,1,2,0.5,8_cinco_estrelas_cinco estrelas_mesma,No perceived change and brief appraisals
2,Q3,Que aspetos do cuidado prestado foram mais importantes para si?,2,VR Only,9,0,2,0.0,9_ansiedade_ansiosa_bocadinho_nervosismo,Anxiety and nervousness
2,Q3,Que aspetos do cuidado prestado foram mais importantes para si?,2,VR Only,10,0,2,0.0,10_sinto_sinto sinto_estável sinto_desde cheguei,Feeling well and stable
2,Q3,Que aspetos do cuidado prestado foram mais importantes para si?,2,VR Only,11,0,2,0.0,11_acolhida_acolhimento_acolhida acolhida_sentir,Feeling welcomed
3,Q3,Que aspetos do cuidado prestado foram mais importantes para si?,1,VR Art,-1,0,2,0.0,-1_será_será alguém_alguém_família,Unassigned or mixed content
3,Q3,Que aspetos do cuidado prestado foram mais importantes para si?,1,VR Art,0,0,2,0.0,0_tranquila_calma_relaxada_sinto,Calm and relaxation
3,Q3,Que aspetos do cuidado prestado foram mais importantes para si?,1,VR Art,1,0,2,0.0,1_pessoas_cuidado_doentes_todas,Compassionate and professional care
3,Q3,Que aspetos do cuidado prestado foram mais importantes para si?,1,VR Art,2,0,2,0.0,2_mim_diferente_diferença_bocadinho,Subjective emotional and experiential effects
3,Q3,Que aspetos do cuidado prestado foram mais importantes para si?,1,VR Art,3,0,2,0.0,3_cirurgia_vai_fazer_pode depressa,Surgical concerns and coping
3,Q3,Que aspetos do cuidado prestado foram mais importantes para si?,1,VR Art,4,0,2,0.0,4_cima_ir_sítio_abaixo,Movement and sense of place
3,Q3,Que aspetos do cuidado prestado foram mais importantes para si?,1,VR Art,5,0,2,0.0,5_água_natureza_ar_mar,Nature imagery and sensory responses
3,Q3,Que aspetos do cuidado prestado foram mais importantes para si?,1,VR Art,6,0,2,0.0,6_tempo_espera_tempo espera_agora,Waiting experience
3,Q3,Que aspetos do cuidado prestado foram mais importantes para si?,1,VR Art,7,0,2,0.0,7_manter_correu_positiva_manter positiva,Positive appraisal and optimism
3,Q3,Que aspetos do cuidado prestado foram mais importantes para si?,1,VR Art,8,1,2,0.5,8_cinco_estrelas_cinco estrelas_mesma,No perceived change and brief appraisals
3,Q3,Que aspetos do cuidado prestado foram mais importantes para si?,1,VR Art,9,0,2,0.0,9_ansiedade_ansiosa_bocadinho_nervosismo,Anxiety and nervousness
3,Q3,Que aspetos do cuidado prestado foram mais importantes para si?,1,VR Art,10,0,2,0.0,10_sinto_sinto sinto_estável sinto_desde cheguei,Feeling well and stable
3,Q3,Que aspetos do cuidado prestado foram mais importantes para si?,1,VR Art,11,1,2,0.5,11_acolhida_acolhimento_acolhida acolhida_sentir,Feeling welcomed
4,Q3,Que aspetos do cuidado prestado foram mais importantes para si?,3,Control,-1,0,6,0.0,-1_será_será alguém_alguém_família,Unassigned or mixed content
4,Q3,Que aspetos do cuidado prestado foram mais importantes para si?,3,Control,0,0,6,0.0,0_tranquila_calma_relaxada_sinto,Calm and relaxation
4,Q3,Que aspetos do cuidado prestado foram mais importantes para si?,3,Control,1,4,6,0.6666666666666666,1_pessoas_cuidado_doentes_todas,Compassionate and professional care
4,Q3,Que aspetos do cuidado prestado foram mais importantes para si?,3,Control,2,1,6,0.1666666666666666,2_mim_diferente_diferença_bocadinho,Subjective emotional and experiential effects
4,Q3,Que aspetos do cuidado prestado foram mais importantes para si?,3,Control,3,0,6,0.0,3_cirurgia_vai_fazer_pode depressa,Surgical concerns and coping
4,Q3,Que aspetos do cuidado prestado foram mais importantes para si?,3,Control,4,0,6,0.0,4_cima_ir_sítio_abaixo,Movement and sense of place
4,Q3,Que aspetos do cuidado prestado foram mais importantes para si?,3,Control,5,0,6,0.0,5_água_natureza_ar_mar,Nature imagery and sensory responses
4,Q3,Que aspetos do cuidado prestado foram mais importantes para si?,3,Control,6,0,6,0.0,6_tempo_espera_tempo espera_agora,Waiting experience
4,Q3,Que aspetos do cuidado prestado foram mais importantes para si?,3,Control,7,1,6,0.1666666666666666,7_manter_correu_positiva_manter positiva,Positive appraisal and optimism
4,Q3,Que aspetos do cuidado prestado foram mais importantes para si?,3,Control,8,0,6,0.0,8_cinco_estrelas_cinco estrelas_mesma,No perceived change and brief appraisals
4,Q3,Que aspetos do cuidado prestado foram mais importantes para si?,3,Control,9,0,6,0.0,9_ansiedade_ansiosa_bocadinho_nervosismo,Anxiety and nervousness
4,Q3,Que aspetos do cuidado prestado foram mais importantes para si?,3,Control,10,0,6,0.0,10_sinto_sinto sinto_estável sinto_desde cheguei,Feeling well and stable
4,Q3,Que aspetos do cuidado prestado foram mais importantes para si?,3,Control,11,0,6,0.0,11_acolhida_acolhimento_acolhida acolhida_sentir,Feeling welcomed
5,Q3,Que aspetos do cuidado prestado foram mais importantes para si?,2,VR Only,-1,0,3,0.0,-1_será_será alguém_alguém_família,Unassigned or mixed content
5,Q3,Que aspetos do cuidado prestado foram mais importantes para si?,2,VR Only,0,0,3,0.0,0_tranquila_calma_relaxada_sinto,Calm and relaxation
5,Q3,Que aspetos do cuidado prestado foram mais importantes para si?,2,VR Only,1,1,3,0.3333333333333333,1_pessoas_cuidado_doentes_todas,Compassionate and professional care
5,Q3,Que aspetos do cuidado prestado foram mais importantes para si?,2,VR Only,2,0,3,0.0,2_mim_diferente_diferença_bocadinho,Subjective emotional and experiential effects
5,Q3,Que aspetos do cuidado prestado foram mais importantes para si?,2,VR Only,3,0,3,0.0,3_cirurgia_vai_fazer_pode depressa,Surgical concerns and coping
5,Q3,Que aspetos do cuidado prestado foram mais importantes para si?,2,VR Only,4,0,3,0.0,4_cima_ir_sítio_abaixo,Movement and sense of place
5,Q3,Que aspetos do cuidado prestado foram mais importantes para si?,2,VR Only,5,0,3,0.0,5_água_natureza_ar_mar,Nature imagery and sensory responses
5,Q3,Que aspetos do cuidado prestado foram mais importantes para si?,2,VR Only,6,0,3,0.0,6_tempo_espera_tempo espera_agora,Waiting experience
5,Q3,Que aspetos do cuidado prestado foram mais importantes para si?,2,VR Only,7,0,3,0.0,7_manter_correu_positiva_manter positiva,Positive appraisal and optimism
5,Q3,Que aspetos do cuidado prestado foram mais importantes para si?,2,VR Only,8,0,3,0.0,8_cinco_estrelas_cinco estrelas_mesma,No perceived change and brief appraisals
5,Q3,Que aspetos do cuidado prestado foram mais importantes para si?,2,VR Only,9,0,3,0.0,9_ansiedade_ansiosa_bocadinho_nervosismo,Anxiety and nervousness
5,Q3,Que aspetos do cuidado prestado foram mais importantes para si?,2,VR Only,10,0,3,0.0,10_sinto_sinto sinto_estável sinto_desde cheguei,Feeling well and stable
5,Q3,Que aspetos do cuidado prestado foram mais importantes para si?,2,VR Only,11,2,3,0.6666666666666666,11_acolhida_acolhimento_acolhida acolhida_sentir,Feeling welcomed
7,Q3,Que aspetos do cuidado prestado foram mais importantes para si?,2,VR Only,-1,0,7,0.0,-1_será_será alguém_alguém_família,Unassigned or mixed content
7,Q3,Que aspetos do cuidado prestado foram mais importantes para si?,2,VR Only,0,0,7,0.0,0_tranquila_calma_relaxada_sinto,Calm and relaxation
7,Q3,Que aspetos do cuidado prestado foram mais importantes para si?,2,VR Only,1,2,7,0.2857142857142857,1_pessoas_cuidado_doentes_todas,Compassionate and professional care
7,Q3,Que aspetos do cuidado prestado foram mais importantes para si?,2,VR Only,2,3,7,0.4285714285714285,2_mim_diferente_diferença_bocadinho,Subjective emotional and experiential effects
7,Q3,Que aspetos do cuidado prestado foram mais importantes para si?,2,VR Only,3,0,7,0.0,3_cirurgia_vai_fazer_pode depressa,Surgical concerns and coping
7,Q3,Que aspetos do cuidado prestado foram mais importantes para si?,2,VR Only,4,0,7,0.0,4_cima_ir_sítio_abaixo,Movement and sense of place
7,Q3,Que aspetos do cuidado prestado foram mais importantes para si?,2,VR Only,5,0,7,0.0,5_água_natureza_ar_mar,Nature imagery and sensory responses
7,Q3,Que aspetos do cuidado prestado foram mais importantes para si?,2,VR Only,6,0,7,0.0,6_tempo_espera_tempo espera_agora,Waiting experience
7,Q3,Que aspetos do cuidado prestado foram mais importantes para si?,2,VR Only,7,0,7,0.0,7_manter_correu_positiva_manter positiva,Positive appraisal and optimism
7,Q3,Que aspetos do cuidado prestado foram mais importantes para si?,2,VR Only,8,1,7,0.1428571428571428,8_cinco_estrelas_cinco estrelas_mesma,No perceived change and brief appraisals
7,Q3,Que aspetos do cuidado prestado foram mais importantes para si?,2,VR Only,9,1,7,0.1428571428571428,9_ansiedade_ansiosa_bocadinho_nervosismo,Anxiety and nervousness
7,Q3,Que aspetos do cuidado prestado foram mais importantes para si?,2,VR Only,10,0,7,0.0,10_sinto_sinto sinto_estável sinto_desde cheguei,Feeling well and stable
7,Q3,Que aspetos do cuidado prestado foram mais importantes para si?,2,VR Only,11,0,7,0.0,11_acolhida_acolhimento_acolhida acolhida_sentir,Feeling welcomed
12,Q3,Que aspetos do cuidado prestado foram mais importantes para si?,1,VR Art,-1,0,9,0.0,-1_será_será alguém_alguém_família,Unassigned or mixed content
12,Q3,Que aspetos do cuidado prestado foram mais importantes para si?,1,VR Art,0,0,9,0.0,0_tranquila_calma_relaxada_sinto,Calm and relaxation
12,Q3,Que aspetos do cuidado prestado foram mais importantes para si?,1,VR Art,1,1,9,0.1111111111111111,1_pessoas_cuidado_doentes_todas,Compassionate and professional care
12,Q3,Que aspetos do cuidado prestado foram mais importantes para si?,1,VR Art,2,0,9,0.0,2_mim_diferente_diferença_bocadinho,Subjective emotional and experiential effects
12,Q3,Que aspetos do cuidado prestado foram mais importantes para si?,1,VR Art,3,4,9,0.4444444444444444,3_cirurgia_vai_fazer_pode depressa,Surgical concerns and coping
12,Q3,Que aspetos do cuidado prestado foram mais importantes para si?,1,VR Art,4,0,9,0.0,4_cima_ir_sítio_abaixo,Movement and sense of place
12,Q3,Que aspetos do cuidado prestado foram mais importantes para si?,1,VR Art,5,0,9,0.0,5_água_natureza_ar_mar,Nature imagery and sensory responses
12,Q3,Que aspetos do cuidado prestado foram mais importantes para si?,1,VR Art,6,2,9,0.2222222222222222,6_tempo_espera_tempo espera_agora,Waiting experience
12,Q3,Que aspetos do cuidado prestado foram mais importantes para si?,1,VR Art,7,1,9,0.1111111111111111,7_manter_correu_positiva_manter positiva,Positive appraisal and optimism
12,Q3,Que aspetos do cuidado prestado foram mais importantes para si?,1,VR Art,8,1,9,0.1111111111111111,8_cinco_estrelas_cinco estrelas_mesma,No perceived change and brief appraisals
12,Q3,Que aspetos do cuidado prestado foram mais importantes para si?,1,VR Art,9,0,9,0.0,9_ansiedade_ansiosa_bocadinho_nervosismo,Anxiety and nervousness
12,Q3,Que aspetos do cuidado prestado foram mais importantes para si?,1,VR Art,10,0,9,0.0,10_sinto_sinto sinto_estável sinto_desde cheguei,Feeling well and stable
12,Q3,Que aspetos do cuidado prestado foram mais importantes para si?,1,VR Art,11,0,9,0.0,11_acolhida_acolhimento_acolhida acolhida_sentir,Feeling welcomed
13,Q3,Que aspetos do cuidado prestado foram mais importantes para si?,3,Control,-1,0,2,0.0,-1_será_será alguém_alguém_família,Unassigned or mixed content
13,Q3,Que aspetos do cuidado prestado foram mais importantes para si?,3,Control,0,1,2,0.5,0_tranquila_calma_relaxada_sinto,Calm and relaxation
13,Q3,Que aspetos do cuidado prestado foram mais importantes para si?,3,Control,1,1,2,0.5,1_pessoas_cuidado_doentes_todas,Compassionate and professional care
13,Q3,Que aspetos do cuidado prestado foram mais importantes para si?,3,Control,2,0,2,0.0,2_mim_diferente_diferença_bocadinho,Subjective emotional and experiential effects
13,Q3,Que aspetos do cuidado prestado foram mais importantes para si?,3,Control,3,0,2,0.0,3_cirurgia_vai_fazer_pode depressa,Surgical concerns and coping
13,Q3,Que aspetos do cuidado prestado foram mais importantes para si?,3,Control,4,0,2,0.0,4_cima_ir_sítio_abaixo,Movement and sense of place
13,Q3,Que aspetos do cuidado prestado foram mais importantes para si?,3,Control,5,0,2,0.0,5_água_natureza_ar_mar,Nature imagery and sensory responses
13,Q3,Que aspetos do cuidado prestado foram mais importantes para si?,3,Control,6,0,2,0.0,6_tempo_espera_tempo espera_agora,Waiting experience
13,Q3,Que aspetos do cuidado prestado foram mais importantes para si?,3,Control,7,0,2,0.0,7_manter_correu_positiva_manter positiva,Positive appraisal and optimism
13,Q3,Que aspetos do cuidado prestado foram mais importantes para si?,3,Control,8,0,2,0.0,8_cinco_estrelas_cinco estrelas_mesma,No perceived change and brief appraisals
13,Q3,Que aspetos do cuidado prestado foram mais importantes para si?,3,Control,9,0,2,0.0,9_ansiedade_ansiosa_bocadinho_nervosismo,Anxiety and nervousness
13,Q3,Que aspetos do cuidado prestado foram mais importantes para si?,3,Control,10,0,2,0.0,10_sinto_sinto sinto_estável sinto_desde cheguei,Feeling well and stable
13,Q3,Que aspetos do cuidado prestado foram mais importantes para si?,3,Control,11,0,2,0.0,11_acolhida_acolhimento_acolhida acolhida_sentir,Feeling welcomed
14,Q3,Que aspetos do cuidado prestado foram mais importantes para si?,1,VR Art,-1,0,2,0.0,-1_será_será alguém_alguém_família,Unassigned or mixed content
14,Q3,Que aspetos do cuidado prestado foram mais importantes para si?,1,VR Art,0,0,2,0.0,0_tranquila_calma_relaxada_sinto,Calm and relaxation
14,Q3,Que aspetos do cuidado prestado foram mais importantes para si?,1,VR Art,1,1,2,0.5,1_pessoas_cuidado_doentes_todas,Compassionate and professional care
14,Q3,Que aspetos do cuidado prestado foram mais importantes para si?,1,VR Art,2,0,2,0.0,2_mim_diferente_diferença_bocadinho,Subjective emotional and experiential effects
14,Q3,Que aspetos do cuidado prestado foram mais importantes para si?,1,VR Art,3,0,2,0.0,3_cirurgia_vai_fazer_pode depressa,Surgical concerns and coping
14,Q3,Que aspetos do cuidado prestado foram mais importantes para si?,1,VR Art,4,0,2,0.0,4_cima_ir_sítio_abaixo,Movement and sense of place
14,Q3,Que aspetos do cuidado prestado foram mais importantes para si?,1,VR Art,5,0,2,0.0,5_água_natureza_ar_mar,Nature imagery and sensory responses
14,Q3,Que aspetos do cuidado prestado foram mais importantes para si?,1,VR Art,6,0,2,0.0,6_tempo_espera_tempo espera_agora,Waiting experience
14,Q3,Que aspetos do cuidado prestado foram mais importantes para si?,1,VR Art,7,1,2,0.5,7_manter_correu_positiva_manter positiva,Positive appraisal and optimism
14,Q3,Que aspetos do cuidado prestado foram mais importantes para si?,1,VR Art,8,0,2,0.0,8_cinco_estrelas_cinco estrelas_mesma,No perceived change and brief appraisals
14,Q3,Que aspetos do cuidado prestado foram mais importantes para si?,1,VR Art,9,0,2,0.0,9_ansiedade_ansiosa_bocadinho_nervosismo,Anxiety and nervousness
14,Q3,Que aspetos do cuidado prestado foram mais importantes para si?,1,VR Art,10,0,2,0.0,10_sinto_sinto sinto_estável sinto_desde cheguei,Feeling well and stable
14,Q3,Que aspetos do cuidado prestado foram mais importantes para si?,1,VR Art,11,0,2,0.0,11_acolhida_acolhimento_acolhida acolhida_sentir,Feeling welcomed
15,Q3,Que aspetos do cuidado prestado foram mais importantes para si?,2,VR Only,-1,0,2,0.0,-1_será_será alguém_alguém_família,Unassigned or mixed content
15,Q3,Que aspetos do cuidado prestado foram mais importantes para si?,2,VR Only,0,0,2,0.0,0_tranquila_calma_relaxada_sinto,Calm and relaxation
15,Q3,Que aspetos do cuidado prestado foram mais importantes para si?,2,VR Only,1,1,2,0.5,1_pessoas_cuidado_doentes_todas,Compassionate and professional care
15,Q3,Que aspetos do cuidado prestado foram mais importantes para si?,2,VR Only,2,0,2,0.0,2_mim_diferente_diferença_bocadinho,Subjective emotional and experiential effects
15,Q3,Que aspetos do cuidado prestado foram mais importantes para si?,2,VR Only,3,0,2,0.0,3_cirurgia_vai_fazer_pode depressa,Surgical concerns and coping
15,Q3,Que aspetos do cuidado prestado foram mais importantes para si?,2,VR Only,4,0,2,0.0,4_cima_ir_sítio_abaixo,Movement and sense of place
15,Q3,Que aspetos do cuidado prestado foram mais importantes para si?,2,VR Only,5,0,2,0.0,5_água_natureza_ar_mar,Nature imagery and sensory responses
15,Q3,Que aspetos do cuidado prestado foram mais importantes para si?,2,VR Only,6,0,2,0.0,6_tempo_espera_tempo espera_agora,Waiting experience
15,Q3,Que aspetos do cuidado prestado foram mais importantes para si?,2,VR Only,7,1,2,0.5,7_manter_correu_positiva_manter positiva,Positive appraisal and optimism
15,Q3,Que aspetos do cuidado prestado foram mais importantes para si?,2,VR Only,8,0,2,0.0,8_cinco_estrelas_cinco estrelas_mesma,No perceived change and brief appraisals
15,Q3,Que aspetos do cuidado prestado foram mais importantes para si?,2,VR Only,9,0,2,0.0,9_ansiedade_ansiosa_bocadinho_nervosismo,Anxiety and nervousness
15,Q3,Que aspetos do cuidado prestado foram mais importantes para si?,2,VR Only,10,0,2,0.0,10_sinto_sinto sinto_estável sinto_desde cheguei,Feeling well and stable
15,Q3,Que aspetos do cuidado prestado foram mais importantes para si?,2,VR Only,11,0,2,0.0,11_acolhida_acolhimento_acolhida acolhida_sentir,Feeling welcomed
16,Q3,Que aspetos do cuidado prestado foram mais importantes para si?,3,Control,-1,0,1,0.0,-1_será_será alguém_alguém_família,Unassigned or mixed content
16,Q3,Que aspetos do cuidado prestado foram mais importantes para si?,3,Control,0,1,1,1.0,0_tranquila_calma_relaxada_sinto,Calm and relaxation
16,Q3,Que aspetos do cuidado prestado foram mais importantes para si?,3,Control,1,0,1,0.0,1_pessoas_cuidado_doentes_todas,Compassionate and professional care
16,Q3,Que aspetos do cuidado prestado foram mais importantes para si?,3,Control,2,0,1,0.0,2_mim_diferente_diferença_bocadinho,Subjective emotional and experiential effects
16,Q3,Que aspetos do cuidado prestado foram mais importantes para si?,3,Control,3,0,1,0.0,3_cirurgia_vai_fazer_pode depressa,Surgical concerns and coping
16,Q3,Que aspetos do cuidado prestado foram mais importantes para si?,3,Control,4,0,1,0.0,4_cima_ir_sítio_abaixo,Movement and sense of place
16,Q3,Que aspetos do cuidado prestado foram mais importantes para si?,3,Control,5,0,1,0.0,5_água_natureza_ar_mar,Nature imagery and sensory responses
16,Q3,Que aspetos do cuidado prestado foram mais importantes para si?,3,Control,6,0,1,0.0,6_tempo_espera_tempo espera_agora,Waiting experience
16,Q3,Que aspetos do cuidado prestado foram mais importantes para si?,3,Control,7,0,1,0.0,7_manter_correu_positiva_manter positiva,Positive appraisal and optimism
16,Q3,Que aspetos do cuidado prestado foram mais importantes para si?,3,Control,8,0,1,0.0,8_cinco_estrelas_cinco estrelas_mesma,No perceived change and brief appraisals
16,Q3,Que aspetos do cuidado prestado foram mais importantes para si?,3,Control,9,0,1,0.0,9_ansiedade_ansiosa_bocadinho_nervosismo,Anxiety and nervousness
16,Q3,Que aspetos do cuidado prestado foram mais importantes para si?,3,Control,10,0,1,0.0,10_sinto_sinto sinto_estável sinto_desde cheguei,Feeling well and stable
16,Q3,Que aspetos do cuidado prestado foram mais importantes para si?,3,Control,11,0,1,0.0,11_acolhida_acolhimento_acolhida acolhida_sentir,Feeling welcomed
17,Q3,Que aspetos do cuidado prestado foram mais importantes para si?,1,VR Art,-1,1,2,0.5,-1_será_será alguém_alguém_família,Unassigned or mixed content
17,Q3,Que aspetos do cuidado prestado foram mais importantes para si?,1,VR Art,0,1,2,0.5,0_tranquila_calma_relaxada_sinto,Calm and relaxation
17,Q3,Que aspetos do cuidado prestado foram mais importantes para si?,1,VR Art,1,0,2,0.0,1_pessoas_cuidado_doentes_todas,Compassionate and professional care
17,Q3,Que aspetos do cuidado prestado foram mais importantes para si?,1,VR Art,2,0,2,0.0,2_mim_diferente_diferença_bocadinho,Subjective emotional and experiential effects
17,Q3,Que aspetos do cuidado prestado foram mais importantes para si?,1,VR Art,3,0,2,0.0,3_cirurgia_vai_fazer_pode depressa,Surgical concerns and coping
17,Q3,Que aspetos do cuidado prestado foram mais importantes para si?,1,VR Art,4,0,2,0.0,4_cima_ir_sítio_abaixo,Movement and sense of place
17,Q3,Que aspetos do cuidado prestado foram mais importantes para si?,1,VR Art,5,0,2,0.0,5_água_natureza_ar_mar,Nature imagery and sensory responses
17,Q3,Que aspetos do cuidado prestado foram mais importantes para si?,1,VR Art,6,0,2,0.0,6_tempo_espera_tempo espera_agora,Waiting experience
17,Q3,Que aspetos do cuidado prestado foram mais importantes para si?,1,VR Art,7,0,2,0.0,7_manter_correu_positiva_manter positiva,Positive appraisal and optimism
17,Q3,Que aspetos do cuidado prestado foram mais importantes para si?,1,VR Art,8,0,2,0.0,8_cinco_estrelas_cinco estrelas_mesma,No perceived change and brief appraisals
17,Q3,Que aspetos do cuidado prestado foram mais importantes para si?,1,VR Art,9,0,2,0.0,9_ansiedade_ansiosa_bocadinho_nervosismo,Anxiety and nervousness
17,Q3,Que aspetos do cuidado prestado foram mais importantes para si?,1,VR Art,10,0,2,0.0,10_sinto_sinto sinto_estável sinto_desde cheguei,Feeling well and stable
17,Q3,Que aspetos do cuidado prestado foram mais importantes para si?,1,VR Art,11,0,2,0.0,11_acolhida_acolhimento_acolhida acolhida_sentir,Feeling welcomed
18,Q3,Que aspetos do cuidado prestado foram mais importantes para si?,2,VR Only,-1,0,1,0.0,-1_será_será alguém_alguém_família,Unassigned or mixed content
18,Q3,Que aspetos do cuidado prestado foram mais importantes para si?,2,VR Only,0,0,1,0.0,0_tranquila_calma_relaxada_sinto,Calm and relaxation
18,Q3,Que aspetos do cuidado prestado foram mais importantes para si?,2,VR Only,1,0,1,0.0,1_pessoas_cuidado_doentes_todas,Compassionate and professional care
18,Q3,Que aspetos do cuidado prestado foram mais importantes para si?,2,VR Only,2,0,1,0.0,2_mim_diferente_diferença_bocadinho,Subjective emotional and experiential effects
18,Q3,Que aspetos do cuidado prestado foram mais importantes para si?,2,VR Only,3,0,1,0.0,3_cirurgia_vai_fazer_pode depressa,Surgical concerns and coping
18,Q3,Que aspetos do cuidado prestado foram mais importantes para si?,2,VR Only,4,0,1,0.0,4_cima_ir_sítio_abaixo,Movement and sense of place
18,Q3,Que aspetos do cuidado prestado foram mais importantes para si?,2,VR Only,5,0,1,0.0,5_água_natureza_ar_mar,Nature imagery and sensory responses
18,Q3,Que aspetos do cuidado prestado foram mais importantes para si?,2,VR Only,6,0,1,0.0,6_tempo_espera_tempo espera_agora,Waiting experience
18,Q3,Que aspetos do cuidado prestado foram mais importantes para si?,2,VR Only,7,0,1,0.0,7_manter_correu_positiva_manter positiva,Positive appraisal and optimism
18,Q3,Que aspetos do cuidado prestado foram mais importantes para si?,2,VR Only,8,0,1,0.0,8_cinco_estrelas_cinco estrelas_mesma,No perceived change and brief appraisals
18,Q3,Que aspetos do cuidado prestado foram mais importantes para si?,2,VR Only,9,0,1,0.0,9_ansiedade_ansiosa_bocadinho_nervosismo,Anxiety and nervousness
18,Q3,Que aspetos do cuidado prestado foram mais importantes para si?,2,VR Only,10,0,1,0.0,10_sinto_sinto sinto_estável sinto_desde cheguei,Feeling well and stable
18,Q3,Que aspetos do cuidado prestado foram mais importantes para si?,2,VR Only,11,1,1,1.0,11_acolhida_acolhimento_acolhida acolhida_sentir,Feeling welcomed
19,Q3,Que aspetos do cuidado prestado foram mais importantes para si?,2,VR Only,-1,0,2,0.0,-1_será_será alguém_alguém_família,Unassigned or mixed content
19,Q3,Que aspetos do cuidado prestado foram mais importantes para si?,2,VR Only,0,0,2,0.0,0_tranquila_calma_relaxada_sinto,Calm and relaxation
19,Q3,Que aspetos do cuidado prestado foram mais importantes para si?,2,VR Only,1,1,2,0.5,1_pessoas_cuidado_doentes_todas,Compassionate and professional care
19,Q3,Que aspetos do cuidado prestado foram mais importantes para si?,2,VR Only,2,0,2,0.0,2_mim_diferente_diferença_bocadinho,Subjective emotional and experiential effects
19,Q3,Que aspetos do cuidado prestado foram mais importantes para si?,2,VR Only,3,0,2,0.0,3_cirurgia_vai_fazer_pode depressa,Surgical concerns and coping
19,Q3,Que aspetos do cuidado prestado foram mais importantes para si?,2,VR Only,4,0,2,0.0,4_cima_ir_sítio_abaixo,Movement and sense of place
19,Q3,Que aspetos do cuidado prestado foram mais importantes para si?,2,VR Only,5,0,2,0.0,5_água_natureza_ar_mar,Nature imagery and sensory responses
19,Q3,Que aspetos do cuidado prestado foram mais importantes para si?,2,VR Only,6,0,2,0.0,6_tempo_espera_tempo espera_agora,Waiting experience
19,Q3,Que aspetos do cuidado prestado foram mais importantes para si?,2,VR Only,7,0,2,0.0,7_manter_correu_positiva_manter positiva,Positive appraisal and optimism
19,Q3,Que aspetos do cuidado prestado foram mais importantes para si?,2,VR Only,8,1,2,0.5,8_cinco_estrelas_cinco estrelas_mesma,No perceived change and brief appraisals
19,Q3,Que aspetos do cuidado prestado foram mais importantes para si?,2,VR Only,9,0,2,0.0,9_ansiedade_ansiosa_bocadinho_nervosismo,Anxiety and nervousness
19,Q3,Que aspetos do cuidado prestado foram mais importantes para si?,2,VR Only,10,0,2,0.0,10_sinto_sinto sinto_estável sinto_desde cheguei,Feeling well and stable
19,Q3,Que aspetos do cuidado prestado foram mais importantes para si?,2,VR Only,11,0,2,0.0,11_acolhida_acolhimento_acolhida acolhida_sentir,Feeling welcomed
20,Q3,Que aspetos do cuidado prestado foram mais importantes para si?,3,Control,-1,0,3,0.0,-1_será_será alguém_alguém_família,Unassigned or mixed content
20,Q3,Que aspetos do cuidado prestado foram mais importantes para si?,3,Control,0,1,3,0.3333333333333333,0_tranquila_calma_relaxada_sinto,Calm and relaxation
20,Q3,Que aspetos do cuidado prestado foram mais importantes para si?,3,Control,1,1,3,0.3333333333333333,1_pessoas_cuidado_doentes_todas,Compassionate and professional care
20,Q3,Que aspetos do cuidado prestado foram mais importantes para si?,3,Control,2,0,3,0.0,2_mim_diferente_diferença_bocadinho,Subjective emotional and experiential effects
20,Q3,Que aspetos do cuidado prestado foram mais importantes para si?,3,Control,3,1,3,0.3333333333333333,3_cirurgia_vai_fazer_pode depressa,Surgical concerns and coping
20,Q3,Que aspetos do cuidado prestado foram mais importantes para si?,3,Control,4,0,3,0.0,4_cima_ir_sítio_abaixo,Movement and sense of place
20,Q3,Que aspetos do cuidado prestado foram mais importantes para si?,3,Control,5,0,3,0.0,5_água_natureza_ar_mar,Nature imagery and sensory responses
20,Q3,Que aspetos do cuidado prestado foram mais importantes para si?,3,Control,6,0,3,0.0,6_tempo_espera_tempo espera_agora,Waiting experience
20,Q3,Que aspetos do cuidado prestado foram mais importantes para si?,3,Control,7,0,3,0.0,7_manter_correu_positiva_manter positiva,Positive appraisal and optimism
20,Q3,Que aspetos do cuidado prestado foram mais importantes para si?,3,Control,8,0,3,0.0,8_cinco_estrelas_cinco estrelas_mesma,No perceived change and brief appraisals
20,Q3,Que aspetos do cuidado prestado foram mais importantes para si?,3,Control,9,0,3,0.0,9_ansiedade_ansiosa_bocadinho_nervosismo,Anxiety and nervousness
20,Q3,Que aspetos do cuidado prestado foram mais importantes para si?,3,Control,10,0,3,0.0,10_sinto_sinto sinto_estável sinto_desde cheguei,Feeling well and stable
20,Q3,Que aspetos do cuidado prestado foram mais importantes para si?,3,Control,11,0,3,0.0,11_acolhida_acolhimento_acolhida acolhida_sentir,Feeling welcomed
21,Q3,Que aspetos do cuidado prestado foram mais importantes para si?,1,VR Art,-1,0,1,0.0,-1_será_será alguém_alguém_família,Unassigned or mixed content
21,Q3,Que aspetos do cuidado prestado foram mais importantes para si?,1,VR Art,0,0,1,0.0,0_tranquila_calma_relaxada_sinto,Calm and relaxation
21,Q3,Que aspetos do cuidado prestado foram mais importantes para si?,1,VR Art,1,0,1,0.0,1_pessoas_cuidado_doentes_todas,Compassionate and professional care
21,Q3,Que aspetos do cuidado prestado foram mais importantes para si?,1,VR Art,2,0,1,0.0,2_mim_diferente_diferença_bocadinho,Subjective emotional and experiential effects
21,Q3,Que aspetos do cuidado prestado foram mais importantes para si?,1,VR Art,3,0,1,0.0,3_cirurgia_vai_fazer_pode depressa,Surgical concerns and coping
21,Q3,Que aspetos do cuidado prestado foram mais importantes para si?,1,VR Art,4,0,1,0.0,4_cima_ir_sítio_abaixo,Movement and sense of place
21,Q3,Que aspetos do cuidado prestado foram mais importantes para si?,1,VR Art,5,0,1,0.0,5_água_natureza_ar_mar,Nature imagery and sensory responses
21,Q3,Que aspetos do cuidado prestado foram mais importantes para si?,1,VR Art,6,0,1,0.0,6_tempo_espera_tempo espera_agora,Waiting experience
21,Q3,Que aspetos do cuidado prestado foram mais importantes para si?,1,VR Art,7,1,1,1.0,7_manter_correu_positiva_manter positiva,Positive appraisal and optimism
21,Q3,Que aspetos do cuidado prestado foram mais importantes para si?,1,VR Art,8,0,1,0.0,8_cinco_estrelas_cinco estrelas_mesma,No perceived change and brief appraisals
21,Q3,Que aspetos do cuidado prestado foram mais importantes para si?,1,VR Art,9,0,1,0.0,9_ansiedade_ansiosa_bocadinho_nervosismo,Anxiety and nervousness
21,Q3,Que aspetos do cuidado prestado foram mais importantes para si?,1,VR Art,10,0,1,0.0,10_sinto_sinto sinto_estável sinto_desde cheguei,Feeling well and stable
21,Q3,Que aspetos do cuidado prestado foram mais importantes para si?,1,VR Art,11,0,1,0.0,11_acolhida_acolhimento_acolhida acolhida_sentir,Feeling welcomed
22,Q3,Que aspetos do cuidado prestado foram mais importantes para si?,3,Control,-1,0,4,0.0,-1_será_será alguém_alguém_família,Unassigned or mixed content
22,Q3,Que aspetos do cuidado prestado foram mais importantes para si?,3,Control,0,0,4,0.0,0_tranquila_calma_relaxada_sinto,Calm and relaxation
22,Q3,Que aspetos do cuidado prestado foram mais importantes para si?,3,Control,1,3,4,0.75,1_pessoas_cuidado_doentes_todas,Compassionate and professional care
22,Q3,Que aspetos do cuidado prestado foram mais importantes para si?,3,Control,2,0,4,0.0,2_mim_diferente_diferença_bocadinho,Subjective emotional and experiential effects
22,Q3,Que aspetos do cuidado prestado foram mais importantes para si?,3,Control,3,0,4,0.0,3_cirurgia_vai_fazer_pode depressa,Surgical concerns and coping
22,Q3,Que aspetos do cuidado prestado foram mais importantes para si?,3,Control,4,0,4,0.0,4_cima_ir_sítio_abaixo,Movement and sense of place
22,Q3,Que aspetos do cuidado prestado foram mais importantes para si?,3,Control,5,0,4,0.0,5_água_natureza_ar_mar,Nature imagery and sensory responses
22,Q3,Que aspetos do cuidado prestado foram mais importantes para si?,3,Control,6,0,4,0.0,6_tempo_espera_tempo espera_agora,Waiting experience
22,Q3,Que aspetos do cuidado prestado foram mais importantes para si?,3,Control,7,1,4,0.25,7_manter_correu_positiva_manter positiva,Positive appraisal and optimism
22,Q3,Que aspetos do cuidado prestado foram mais importantes para si?,3,Control,8,0,4,0.0,8_cinco_estrelas_cinco estrelas_mesma,No perceived change and brief appraisals
22,Q3,Que aspetos do cuidado prestado foram mais importantes para si?,3,Control,9,0,4,0.0,9_ansiedade_ansiosa_bocadinho_nervosismo,Anxiety and nervousness
22,Q3,Que aspetos do cuidado prestado foram mais importantes para si?,3,Control,10,0,4,0.0,10_sinto_sinto sinto_estável sinto_desde cheguei,Feeling well and stable
22,Q3,Que aspetos do cuidado prestado foram mais importantes para si?,3,Control,11,0,4,0.0,11_acolhida_acolhimento_acolhida acolhida_sentir,Feeling welcomed
24,Q3,Que aspetos do cuidado prestado foram mais importantes para si?,1,VR Art,-1,0,1,0.0,-1_será_será alguém_alguém_família,Unassigned or mixed content
24,Q3,Que aspetos do cuidado prestado foram mais importantes para si?,1,VR Art,0,0,1,0.0,0_tranquila_calma_relaxada_sinto,Calm and relaxation
24,Q3,Que aspetos do cuidado prestado foram mais importantes para si?,1,VR Art,1,0,1,0.0,1_pessoas_cuidado_doentes_todas,Compassionate and professional care
24,Q3,Que aspetos do cuidado prestado foram mais importantes para si?,1,VR Art,2,0,1,0.0,2_mim_diferente_diferença_bocadinho,Subjective emotional and experiential effects
24,Q3,Que aspetos do cuidado prestado foram mais importantes para si?,1,VR Art,3,0,1,0.0,3_cirurgia_vai_fazer_pode depressa,Surgical concerns and coping
24,Q3,Que aspetos do cuidado prestado foram mais importantes para si?,1,VR Art,4,1,1,1.0,4_cima_ir_sítio_abaixo,Movement and sense of place
24,Q3,Que aspetos do cuidado prestado foram mais importantes para si?,1,VR Art,5,0,1,0.0,5_água_natureza_ar_mar,Nature imagery and sensory responses
24,Q3,Que aspetos do cuidado prestado foram mais importantes para si?,1,VR Art,6,0,1,0.0,6_tempo_espera_tempo espera_agora,Waiting experience
24,Q3,Que aspetos do cuidado prestado foram mais importantes para si?,1,VR Art,7,0,1,0.0,7_manter_correu_positiva_manter positiva,Positive appraisal and optimism
24,Q3,Que aspetos do cuidado prestado foram mais importantes para si?,1,VR Art,8,0,1,0.0,8_cinco_estrelas_cinco estrelas_mesma,No perceived change and brief appraisals
24,Q3,Que aspetos do cuidado prestado foram mais importantes para si?,1,VR Art,9,0,1,0.0,9_ansiedade_ansiosa_bocadinho_nervosismo,Anxiety and nervousness
24,Q3,Que aspetos do cuidado prestado foram mais importantes para si?,1,VR Art,10,0,1,0.0,10_sinto_sinto sinto_estável sinto_desde cheguei,Feeling well and stable
24,Q3,Que aspetos do cuidado prestado foram mais importantes para si?,1,VR Art,11,0,1,0.0,11_acolhida_acolhimento_acolhida acolhida_sentir,Feeling welcomed
25,Q3,Que aspetos do cuidado prestado foram mais importantes para si?,2,VR Only,-1,0,2,0.0,-1_será_será alguém_alguém_família,Unassigned or mixed content
25,Q3,Que aspetos do cuidado prestado foram mais importantes para si?,2,VR Only,0,0,2,0.0,0_tranquila_calma_relaxada_sinto,Calm and relaxation
25,Q3,Que aspetos do cuidado prestado foram mais importantes para si?,2,VR Only,1,1,2,0.5,1_pessoas_cuidado_doentes_todas,Compassionate and professional care
25,Q3,Que aspetos do cuidado prestado foram mais importantes para si?,2,VR Only,2,0,2,0.0,2_mim_diferente_diferença_bocadinho,Subjective emotional and experiential effects
25,Q3,Que aspetos do cuidado prestado foram mais importantes para si?,2,VR Only,3,0,2,0.0,3_cirurgia_vai_fazer_pode depressa,Surgical concerns and coping
25,Q3,Que aspetos do cuidado prestado foram mais importantes para si?,2,VR Only,4,0,2,0.0,4_cima_ir_sítio_abaixo,Movement and sense of place
25,Q3,Que aspetos do cuidado prestado foram mais importantes para si?,2,VR Only,5,0,2,0.0,5_água_natureza_ar_mar,Nature imagery and sensory responses
25,Q3,Que aspetos do cuidado prestado foram mais importantes para si?,2,VR Only,6,0,2,0.0,6_tempo_espera_tempo espera_agora,Waiting experience
25,Q3,Que aspetos do cuidado prestado foram mais importantes para si?,2,VR Only,7,0,2,0.0,7_manter_correu_positiva_manter positiva,Positive appraisal and optimism
25,Q3,Que aspetos do cuidado prestado foram mais importantes para si?,2,VR Only,8,0,2,0.0,8_cinco_estrelas_cinco estrelas_mesma,No perceived change and brief appraisals
25,Q3,Que aspetos do cuidado prestado foram mais importantes para si?,2,VR Only,9,0,2,0.0,9_ansiedade_ansiosa_bocadinho_nervosismo,Anxiety and nervousness
25,Q3,Que aspetos do cuidado prestado foram mais importantes para si?,2,VR Only,10,0,2,0.0,10_sinto_sinto sinto_estável sinto_desde cheguei,Feeling well and stable
25,Q3,Que aspetos do cuidado prestado foram mais importantes para si?,2,VR Only,11,1,2,0.5,11_acolhida_acolhimento_acolhida acolhida_sentir,Feeling welcomed
26,Q3,Que aspetos do cuidado prestado foram mais importantes para si?,3,Control,-1,0,1,0.0,-1_será_será alguém_alguém_família,Unassigned or mixed content
26,Q3,Que aspetos do cuidado prestado foram mais importantes para si?,3,Control,0,0,1,0.0,0_tranquila_calma_relaxada_sinto,Calm and relaxation
26,Q3,Que aspetos do cuidado prestado foram mais importantes para si?,3,Control,1,0,1,0.0,1_pessoas_cuidado_doentes_todas,Compassionate and professional care
26,Q3,Que aspetos do cuidado prestado foram mais importantes para si?,3,Control,2,0,1,0.0,2_mim_diferente_diferença_bocadinho,Subjective emotional and experiential effects
26,Q3,Que aspetos do cuidado prestado foram mais importantes para si?,3,Control,3,0,1,0.0,3_cirurgia_vai_fazer_pode depressa,Surgical concerns and coping
26,Q3,Que aspetos do cuidado prestado foram mais importantes para si?,3,Control,4,0,1,0.0,4_cima_ir_sítio_abaixo,Movement and sense of place
26,Q3,Que aspetos do cuidado prestado foram mais importantes para si?,3,Control,5,0,1,0.0,5_água_natureza_ar_mar,Nature imagery and sensory responses
26,Q3,Que aspetos do cuidado prestado foram mais importantes para si?,3,Control,6,1,1,1.0,6_tempo_espera_tempo espera_agora,Waiting experience
26,Q3,Que aspetos do cuidado prestado foram mais importantes para si?,3,Control,7,0,1,0.0,7_manter_correu_positiva_manter positiva,Positive appraisal and optimism
26,Q3,Que aspetos do cuidado prestado foram mais importantes para si?,3,Control,8,0,1,0.0,8_cinco_estrelas_cinco estrelas_mesma,No perceived change and brief appraisals
26,Q3,Que aspetos do cuidado prestado foram mais importantes para si?,3,Control,9,0,1,0.0,9_ansiedade_ansiosa_bocadinho_nervosismo,Anxiety and nervousness
26,Q3,Que aspetos do cuidado prestado foram mais importantes para si?,3,Control,10,0,1,0.0,10_sinto_sinto sinto_estável sinto_desde cheguei,Feeling well and stable
26,Q3,Que aspetos do cuidado prestado foram mais importantes para si?,3,Control,11,0,1,0.0,11_acolhida_acolhimento_acolhida acolhida_sentir,Feeling welcomed
27,Q3,Que aspetos do cuidado prestado foram mais importantes para si?,1,VR Art,-1,0,3,0.0,-1_será_será alguém_alguém_família,Unassigned or mixed content
27,Q3,Que aspetos do cuidado prestado foram mais importantes para si?,1,VR Art,0,0,3,0.0,0_tranquila_calma_relaxada_sinto,Calm and relaxation
27,Q3,Que aspetos do cuidado prestado foram mais importantes para si?,1,VR Art,1,3,3,1.0,1_pessoas_cuidado_doentes_todas,Compassionate and professional care
27,Q3,Que aspetos do cuidado prestado foram mais importantes para si?,1,VR Art,2,0,3,0.0,2_mim_diferente_diferença_bocadinho,Subjective emotional and experiential effects
27,Q3,Que aspetos do cuidado prestado foram mais importantes para si?,1,VR Art,3,0,3,0.0,3_cirurgia_vai_fazer_pode depressa,Surgical concerns and coping
27,Q3,Que aspetos do cuidado prestado foram mais importantes para si?,1,VR Art,4,0,3,0.0,4_cima_ir_sítio_abaixo,Movement and sense of place
27,Q3,Que aspetos do cuidado prestado foram mais importantes para si?,1,VR Art,5,0,3,0.0,5_água_natureza_ar_mar,Nature imagery and sensory responses
27,Q3,Que aspetos do cuidado prestado foram mais importantes para si?,1,VR Art,6,0,3,0.0,6_tempo_espera_tempo espera_agora,Waiting experience
27,Q3,Que aspetos do cuidado prestado foram mais importantes para si?,1,VR Art,7,0,3,0.0,7_manter_correu_positiva_manter positiva,Positive appraisal and optimism
27,Q3,Que aspetos do cuidado prestado foram mais importantes para si?,1,VR Art,8,0,3,0.0,8_cinco_estrelas_cinco estrelas_mesma,No perceived change and brief appraisals
27,Q3,Que aspetos do cuidado prestado foram mais importantes para si?,1,VR Art,9,0,3,0.0,9_ansiedade_ansiosa_bocadinho_nervosismo,Anxiety and nervousness
27,Q3,Que aspetos do cuidado prestado foram mais importantes para si?,1,VR Art,10,0,3,0.0,10_sinto_sinto sinto_estável sinto_desde cheguei,Feeling well and stable
27,Q3,Que aspetos do cuidado prestado foram mais importantes para si?,1,VR Art,11,0,3,0.0,11_acolhida_acolhimento_acolhida acolhida_sentir,Feeling welcomed
28,Q3,Que aspetos do cuidado prestado foram mais importantes para si?,2,VR Only,-1,0,1,0.0,-1_será_será alguém_alguém_família,Unassigned or mixed content
28,Q3,Que aspetos do cuidado prestado foram mais importantes para si?,2,VR Only,0,0,1,0.0,0_tranquila_calma_relaxada_sinto,Calm and relaxation
28,Q3,Que aspetos do cuidado prestado foram mais importantes para si?,2,VR Only,1,1,1,1.0,1_pessoas_cuidado_doentes_todas,Compassionate and professional care
28,Q3,Que aspetos do cuidado prestado foram mais importantes para si?,2,VR Only,2,0,1,0.0,2_mim_diferente_diferença_bocadinho,Subjective emotional and experiential effects
28,Q3,Que aspetos do cuidado prestado foram mais importantes para si?,2,VR Only,3,0,1,0.0,3_cirurgia_vai_fazer_pode depressa,Surgical concerns and coping
28,Q3,Que aspetos do cuidado prestado foram mais importantes para si?,2,VR Only,4,0,1,0.0,4_cima_ir_sítio_abaixo,Movement and sense of place
28,Q3,Que aspetos do cuidado prestado foram mais importantes para si?,2,VR Only,5,0,1,0.0,5_água_natureza_ar_mar,Nature imagery and sensory responses
28,Q3,Que aspetos do cuidado prestado foram mais importantes para si?,2,VR Only,6,0,1,0.0,6_tempo_espera_tempo espera_agora,Waiting experience
28,Q3,Que aspetos do cuidado prestado foram mais importantes para si?,2,VR Only,7,0,1,0.0,7_manter_correu_positiva_manter positiva,Positive appraisal and optimism
28,Q3,Que aspetos do cuidado prestado foram mais importantes para si?,2,VR Only,8,0,1,0.0,8_cinco_estrelas_cinco estrelas_mesma,No perceived change and brief appraisals
28,Q3,Que aspetos do cuidado prestado foram mais importantes para si?,2,VR Only,9,0,1,0.0,9_ansiedade_ansiosa_bocadinho_nervosismo,Anxiety and nervousness
28,Q3,Que aspetos do cuidado prestado foram mais importantes para si?,2,VR Only,10,0,1,0.0,10_sinto_sinto sinto_estável sinto_desde cheguei,Feeling well and stable
28,Q3,Que aspetos do cuidado prestado foram mais importantes para si?,2,VR Only,11,0,1,0.0,11_acolhida_acolhimento_acolhida acolhida_sentir,Feeling welcomed
29,Q3,Que aspetos do cuidado prestado foram mais importantes para si?,3,Control,-1,0,1,0.0,-1_será_será alguém_alguém_família,Unassigned or mixed content
29,Q3,Que aspetos do cuidado prestado foram mais importantes para si?,3,Control,0,0,1,0.0,0_tranquila_calma_relaxada_sinto,Calm and relaxation
29,Q3,Que aspetos do cuidado prestado foram mais importantes para si?,3,Control,1,0,1,0.0,1_pessoas_cuidado_doentes_todas,Compassionate and professional care
29,Q3,Que aspetos do cuidado prestado foram mais importantes para si?,3,Control,2,0,1,0.0,2_mim_diferente_diferença_bocadinho,Subjective emotional and experiential effects
29,Q3,Que aspetos do cuidado prestado foram mais importantes para si?,3,Control,3,0,1,0.0,3_cirurgia_vai_fazer_pode depressa,Surgical concerns and coping
29,Q3,Que aspetos do cuidado prestado foram mais importantes para si?,3,Control,4,0,1,0.0,4_cima_ir_sítio_abaixo,Movement and sense of place
29,Q3,Que aspetos do cuidado prestado foram mais importantes para si?,3,Control,5,0,1,0.0,5_água_natureza_ar_mar,Nature imagery and sensory responses
29,Q3,Que aspetos do cuidado prestado foram mais importantes para si?,3,Control,6,0,1,0.0,6_tempo_espera_tempo espera_agora,Waiting experience
29,Q3,Que aspetos do cuidado prestado foram mais importantes para si?,3,Control,7,0,1,0.0,7_manter_correu_positiva_manter positiva,Positive appraisal and optimism
29,Q3,Que aspetos do cuidado prestado foram mais importantes para si?,3,Control,8,0,1,0.0,8_cinco_estrelas_cinco estrelas_mesma,No perceived change and brief appraisals
29,Q3,Que aspetos do cuidado prestado foram mais importantes para si?,3,Control,9,0,1,0.0,9_ansiedade_ansiosa_bocadinho_nervosismo,Anxiety and nervousness
29,Q3,Que aspetos do cuidado prestado foram mais importantes para si?,3,Control,10,0,1,0.0,10_sinto_sinto sinto_estável sinto_desde cheguei,Feeling well and stable
29,Q3,Que aspetos do cuidado prestado foram mais importantes para si?,3,Control,11,1,1,1.0,11_acolhida_acolhimento_acolhida acolhida_sentir,Feeling welcomed
31,Q3,Que aspetos do cuidado prestado foram mais importantes para si?,1,VR Art,-1,0,1,0.0,-1_será_será alguém_alguém_família,Unassigned or mixed content
31,Q3,Que aspetos do cuidado prestado foram mais importantes para si?,1,VR Art,0,0,1,0.0,0_tranquila_calma_relaxada_sinto,Calm and relaxation
31,Q3,Que aspetos do cuidado prestado foram mais importantes para si?,1,VR Art,1,0,1,0.0,1_pessoas_cuidado_doentes_todas,Compassionate and professional care
31,Q3,Que aspetos do cuidado prestado foram mais importantes para si?,1,VR Art,2,0,1,0.0,2_mim_diferente_diferença_bocadinho,Subjective emotional and experiential effects
31,Q3,Que aspetos do cuidado prestado foram mais importantes para si?,1,VR Art,3,0,1,0.0,3_cirurgia_vai_fazer_pode depressa,Surgical concerns and coping
31,Q3,Que aspetos do cuidado prestado foram mais importantes para si?,1,VR Art,4,0,1,0.0,4_cima_ir_sítio_abaixo,Movement and sense of place
31,Q3,Que aspetos do cuidado prestado foram mais importantes para si?,1,VR Art,5,0,1,0.0,5_água_natureza_ar_mar,Nature imagery and sensory responses
31,Q3,Que aspetos do cuidado prestado foram mais importantes para si?,1,VR Art,6,0,1,0.0,6_tempo_espera_tempo espera_agora,Waiting experience
31,Q3,Que aspetos do cuidado prestado foram mais importantes para si?,1,VR Art,7,1,1,1.0,7_manter_correu_positiva_manter positiva,Positive appraisal and optimism
31,Q3,Que aspetos do cuidado prestado foram mais importantes para si?,1,VR Art,8,0,1,0.0,8_cinco_estrelas_cinco estrelas_mesma,No perceived change and brief appraisals
31,Q3,Que aspetos do cuidado prestado foram mais importantes para si?,1,VR Art,9,0,1,0.0,9_ansiedade_ansiosa_bocadinho_nervosismo,Anxiety and nervousness
31,Q3,Que aspetos do cuidado prestado foram mais importantes para si?,1,VR Art,10,0,1,0.0,10_sinto_sinto sinto_estável sinto_desde cheguei,Feeling well and stable
31,Q3,Que aspetos do cuidado prestado foram mais importantes para si?,1,VR Art,11,0,1,0.0,11_acolhida_acolhimento_acolhida acolhida_sentir,Feeling welcomed
32,Q3,Que aspetos do cuidado prestado foram mais importantes para si?,2,VR Only,-1,0,1,0.0,-1_será_será alguém_alguém_família,Unassigned or mixed content
32,Q3,Que aspetos do cuidado prestado foram mais importantes para si?,2,VR Only,0,0,1,0.0,0_tranquila_calma_relaxada_sinto,Calm and relaxation
32,Q3,Que aspetos do cuidado prestado foram mais importantes para si?,2,VR Only,1,0,1,0.0,1_pessoas_cuidado_doentes_todas,Compassionate and professional care
32,Q3,Que aspetos do cuidado prestado foram mais importantes para si?,2,VR Only,2,0,1,0.0,2_mim_diferente_diferença_bocadinho,Subjective emotional and experiential effects
32,Q3,Que aspetos do cuidado prestado foram mais importantes para si?,2,VR Only,3,0,1,0.0,3_cirurgia_vai_fazer_pode depressa,Surgical concerns and coping
32,Q3,Que aspetos do cuidado prestado foram mais importantes para si?,2,VR Only,4,1,1,1.0,4_cima_ir_sítio_abaixo,Movement and sense of place
32,Q3,Que aspetos do cuidado prestado foram mais importantes para si?,2,VR Only,5,0,1,0.0,5_água_natureza_ar_mar,Nature imagery and sensory responses
32,Q3,Que aspetos do cuidado prestado foram mais importantes para si?,2,VR Only,6,0,1,0.0,6_tempo_espera_tempo espera_agora,Waiting experience
32,Q3,Que aspetos do cuidado prestado foram mais importantes para si?,2,VR Only,7,0,1,0.0,7_manter_correu_positiva_manter positiva,Positive appraisal and optimism
32,Q3,Que aspetos do cuidado prestado foram mais importantes para si?,2,VR Only,8,0,1,0.0,8_cinco_estrelas_cinco estrelas_mesma,No perceived change and brief appraisals
32,Q3,Que aspetos do cuidado prestado foram mais importantes para si?,2,VR Only,9,0,1,0.0,9_ansiedade_ansiosa_bocadinho_nervosismo,Anxiety and nervousness
32,Q3,Que aspetos do cuidado prestado foram mais importantes para si?,2,VR Only,10,0,1,0.0,10_sinto_sinto sinto_estável sinto_desde cheguei,Feeling well and stable
32,Q3,Que aspetos do cuidado prestado foram mais importantes para si?,2,VR Only,11,0,1,0.0,11_acolhida_acolhimento_acolhida acolhida_sentir,Feeling welcomed
34,Q3,Que aspetos do cuidado prestado foram mais importantes para si?,3,Control,-1,0,6,0.0,-1_será_será alguém_alguém_família,Unassigned or mixed content
34,Q3,Que aspetos do cuidado prestado foram mais importantes para si?,3,Control,0,1,6,0.1666666666666666,0_tranquila_calma_relaxada_sinto,Calm and relaxation
34,Q3,Que aspetos do cuidado prestado foram mais importantes para si?,3,Control,1,4,6,0.6666666666666666,1_pessoas_cuidado_doentes_todas,Compassionate and professional care
34,Q3,Que aspetos do cuidado prestado foram mais importantes para si?,3,Control,2,0,6,0.0,2_mim_diferente_diferença_bocadinho,Subjective emotional and experiential effects
34,Q3,Que aspetos do cuidado prestado foram mais importantes para si?,3,Control,3,1,6,0.1666666666666666,3_cirurgia_vai_fazer_pode depressa,Surgical concerns and coping
34,Q3,Que aspetos do cuidado prestado foram mais importantes para si?,3,Control,4,0,6,0.0,4_cima_ir_sítio_abaixo,Movement and sense of place
34,Q3,Que aspetos do cuidado prestado foram mais importantes para si?,3,Control,5,0,6,0.0,5_água_natureza_ar_mar,Nature imagery and sensory responses
34,Q3,Que aspetos do cuidado prestado foram mais importantes para si?,3,Control,6,0,6,0.0,6_tempo_espera_tempo espera_agora,Waiting experience
34,Q3,Que aspetos do cuidado prestado foram mais importantes para si?,3,Control,7,0,6,0.0,7_manter_correu_positiva_manter positiva,Positive appraisal and optimism
34,Q3,Que aspetos do cuidado prestado foram mais importantes para si?,3,Control,8,0,6,0.0,8_cinco_estrelas_cinco estrelas_mesma,No perceived change and brief appraisals
34,Q3,Que aspetos do cuidado prestado foram mais importantes para si?,3,Control,9,0,6,0.0,9_ansiedade_ansiosa_bocadinho_nervosismo,Anxiety and nervousness
34,Q3,Que aspetos do cuidado prestado foram mais importantes para si?,3,Control,10,0,6,0.0,10_sinto_sinto sinto_estável sinto_desde cheguei,Feeling well and stable
34,Q3,Que aspetos do cuidado prestado foram mais importantes para si?,3,Control,11,0,6,0.0,11_acolhida_acolhimento_acolhida acolhida_sentir,Feeling welcomed
35,Q3,Que aspetos do cuidado prestado foram mais importantes para si?,1,VR Art,-1,0,1,0.0,-1_será_será alguém_alguém_família,Unassigned or mixed content
35,Q3,Que aspetos do cuidado prestado foram mais importantes para si?,1,VR Art,0,1,1,1.0,0_tranquila_calma_relaxada_sinto,Calm and relaxation
35,Q3,Que aspetos do cuidado prestado foram mais importantes para si?,1,VR Art,1,0,1,0.0,1_pessoas_cuidado_doentes_todas,Compassionate and professional care
35,Q3,Que aspetos do cuidado prestado foram mais importantes para si?,1,VR Art,2,0,1,0.0,2_mim_diferente_diferença_bocadinho,Subjective emotional and experiential effects
35,Q3,Que aspetos do cuidado prestado foram mais importantes para si?,1,VR Art,3,0,1,0.0,3_cirurgia_vai_fazer_pode depressa,Surgical concerns and coping
35,Q3,Que aspetos do cuidado prestado foram mais importantes para si?,1,VR Art,4,0,1,0.0,4_cima_ir_sítio_abaixo,Movement and sense of place
35,Q3,Que aspetos do cuidado prestado foram mais importantes para si?,1,VR Art,5,0,1,0.0,5_água_natureza_ar_mar,Nature imagery and sensory responses
35,Q3,Que aspetos do cuidado prestado foram mais importantes para si?,1,VR Art,6,0,1,0.0,6_tempo_espera_tempo espera_agora,Waiting experience
35,Q3,Que aspetos do cuidado prestado foram mais importantes para si?,1,VR Art,7,0,1,0.0,7_manter_correu_positiva_manter positiva,Positive appraisal and optimism
35,Q3,Que aspetos do cuidado prestado foram mais importantes para si?,1,VR Art,8,0,1,0.0,8_cinco_estrelas_cinco estrelas_mesma,No perceived change and brief appraisals
35,Q3,Que aspetos do cuidado prestado foram mais importantes para si?,1,VR Art,9,0,1,0.0,9_ansiedade_ansiosa_bocadinho_nervosismo,Anxiety and nervousness
35,Q3,Que aspetos do cuidado prestado foram mais importantes para si?,1,VR Art,10,0,1,0.0,10_sinto_sinto sinto_estável sinto_desde cheguei,Feeling well and stable
35,Q3,Que aspetos do cuidado prestado foram mais importantes para si?,1,VR Art,11,0,1,0.0,11_acolhida_acolhimento_acolhida acolhida_sentir,Feeling welcomed
36,Q3,Que aspetos do cuidado prestado foram mais importantes para si?,3,Control,-1,0,1,0.0,-1_será_será alguém_alguém_família,Unassigned or mixed content
36,Q3,Que aspetos do cuidado prestado foram mais importantes para si?,3,Control,0,0,1,0.0,0_tranquila_calma_relaxada_sinto,Calm and relaxation
36,Q3,Que aspetos do cuidado prestado foram mais importantes para si?,3,Control,1,0,1,0.0,1_pessoas_cuidado_doentes_todas,Compassionate and professional care
36,Q3,Que aspetos do cuidado prestado foram mais importantes para si?,3,Control,2,0,1,0.0,2_mim_diferente_diferença_bocadinho,Subjective emotional and experiential effects
36,Q3,Que aspetos do cuidado prestado foram mais importantes para si?,3,Control,3,0,1,0.0,3_cirurgia_vai_fazer_pode depressa,Surgical concerns and coping
36,Q3,Que aspetos do cuidado prestado foram mais importantes para si?,3,Control,4,0,1,0.0,4_cima_ir_sítio_abaixo,Movement and sense of place
36,Q3,Que aspetos do cuidado prestado foram mais importantes para si?,3,Control,5,0,1,0.0,5_água_natureza_ar_mar,Nature imagery and sensory responses
36,Q3,Que aspetos do cuidado prestado foram mais importantes para si?,3,Control,6,0,1,0.0,6_tempo_espera_tempo espera_agora,Waiting experience
36,Q3,Que aspetos do cuidado prestado foram mais importantes para si?,3,Control,7,0,1,0.0,7_manter_correu_positiva_manter positiva,Positive appraisal and optimism
36,Q3,Que aspetos do cuidado prestado foram mais importantes para si?,3,Control,8,0,1,0.0,8_cinco_estrelas_cinco estrelas_mesma,No perceived change and brief appraisals
36,Q3,Que aspetos do cuidado prestado foram mais importantes para si?,3,Control,9,0,1,0.0,9_ansiedade_ansiosa_bocadinho_nervosismo,Anxiety and nervousness
36,Q3,Que aspetos do cuidado prestado foram mais importantes para si?,3,Control,10,0,1,0.0,10_sinto_sinto sinto_estável sinto_desde cheguei,Feeling well and stable
36,Q3,Que aspetos do cuidado prestado foram mais importantes para si?,3,Control,11,1,1,1.0,11_acolhida_acolhimento_acolhida acolhida_sentir,Feeling welcomed
37,Q3,Que aspetos do cuidado prestado foram mais importantes para si?,2,VR Only,-1,0,1,0.0,-1_será_será alguém_alguém_família,Unassigned or mixed content
37,Q3,Que aspetos do cuidado prestado foram mais importantes para si?,2,VR Only,0,0,1,0.0,0_tranquila_calma_relaxada_sinto,Calm and relaxation
37,Q3,Que aspetos do cuidado prestado foram mais importantes para si?,2,VR Only,1,0,1,0.0,1_pessoas_cuidado_doentes_todas,Compassionate and professional care
37,Q3,Que aspetos do cuidado prestado foram mais importantes para si?,2,VR Only,2,0,1,0.0,2_mim_diferente_diferença_bocadinho,Subjective emotional and experiential effects
37,Q3,Que aspetos do cuidado prestado foram mais importantes para si?,2,VR Only,3,0,1,0.0,3_cirurgia_vai_fazer_pode depressa,Surgical concerns and coping
37,Q3,Que aspetos do cuidado prestado foram mais importantes para si?,2,VR Only,4,0,1,0.0,4_cima_ir_sítio_abaixo,Movement and sense of place
37,Q3,Que aspetos do cuidado prestado foram mais importantes para si?,2,VR Only,5,0,1,0.0,5_água_natureza_ar_mar,Nature imagery and sensory responses
37,Q3,Que aspetos do cuidado prestado foram mais importantes para si?,2,VR Only,6,0,1,0.0,6_tempo_espera_tempo espera_agora,Waiting experience
37,Q3,Que aspetos do cuidado prestado foram mais importantes para si?,2,VR Only,7,0,1,0.0,7_manter_correu_positiva_manter positiva,Positive appraisal and optimism
37,Q3,Que aspetos do cuidado prestado foram mais importantes para si?,2,VR Only,8,0,1,0.0,8_cinco_estrelas_cinco estrelas_mesma,No perceived change and brief appraisals
37,Q3,Que aspetos do cuidado prestado foram mais importantes para si?,2,VR Only,9,0,1,0.0,9_ansiedade_ansiosa_bocadinho_nervosismo,Anxiety and nervousness
37,Q3,Que aspetos do cuidado prestado foram mais importantes para si?,2,VR Only,10,0,1,0.0,10_sinto_sinto sinto_estável sinto_desde cheguei,Feeling well and stable
37,Q3,Que aspetos do cuidado prestado foram mais importantes para si?,2,VR Only,11,1,1,1.0,11_acolhida_acolhimento_acolhida acolhida_sentir,Feeling welcomed
39,Q3,Que aspetos do cuidado prestado foram mais importantes para si?,3,Control,-1,0,1,0.0,-1_será_será alguém_alguém_família,Unassigned or mixed content
39,Q3,Que aspetos do cuidado prestado foram mais importantes para si?,3,Control,0,0,1,0.0,0_tranquila_calma_relaxada_sinto,Calm and relaxation
39,Q3,Que aspetos do cuidado prestado foram mais importantes para si?,3,Control,1,0,1,0.0,1_pessoas_cuidado_doentes_todas,Compassionate and professional care
39,Q3,Que aspetos do cuidado prestado foram mais importantes para si?,3,Control,2,0,1,0.0,2_mim_diferente_diferença_bocadinho,Subjective emotional and experiential effects
39,Q3,Que aspetos do cuidado prestado foram mais importantes para si?,3,Control,3,0,1,0.0,3_cirurgia_vai_fazer_pode depressa,Surgical concerns and coping
39,Q3,Que aspetos do cuidado prestado foram mais importantes para si?,3,Control,4,0,1,0.0,4_cima_ir_sítio_abaixo,Movement and sense of place
39,Q3,Que aspetos do cuidado prestado foram mais importantes para si?,3,Control,5,0,1,0.0,5_água_natureza_ar_mar,Nature imagery and sensory responses
39,Q3,Que aspetos do cuidado prestado foram mais importantes para si?,3,Control,6,0,1,0.0,6_tempo_espera_tempo espera_agora,Waiting experience
39,Q3,Que aspetos do cuidado prestado foram mais importantes para si?,3,Control,7,1,1,1.0,7_manter_correu_positiva_manter positiva,Positive appraisal and optimism
39,Q3,Que aspetos do cuidado prestado foram mais importantes para si?,3,Control,8,0,1,0.0,8_cinco_estrelas_cinco estrelas_mesma,No perceived change and brief appraisals
39,Q3,Que aspetos do cuidado prestado foram mais importantes para si?,3,Control,9,0,1,0.0,9_ansiedade_ansiosa_bocadinho_nervosismo,Anxiety and nervousness
39,Q3,Que aspetos do cuidado prestado foram mais importantes para si?,3,Control,10,0,1,0.0,10_sinto_sinto sinto_estável sinto_desde cheguei,Feeling well and stable
39,Q3,Que aspetos do cuidado prestado foram mais importantes para si?,3,Control,11,0,1,0.0,11_acolhida_acolhimento_acolhida acolhida_sentir,Feeling welcomed
41,Q3,Que aspetos do cuidado prestado foram mais importantes para si?,1,VR Art,-1,0,1,0.0,-1_será_será alguém_alguém_família,Unassigned or mixed content
41,Q3,Que aspetos do cuidado prestado foram mais importantes para si?,1,VR Art,0,0,1,0.0,0_tranquila_calma_relaxada_sinto,Calm and relaxation
41,Q3,Que aspetos do cuidado prestado foram mais importantes para si?,1,VR Art,1,1,1,1.0,1_pessoas_cuidado_doentes_todas,Compassionate and professional care
41,Q3,Que aspetos do cuidado prestado foram mais importantes para si?,1,VR Art,2,0,1,0.0,2_mim_diferente_diferença_bocadinho,Subjective emotional and experiential effects
41,Q3,Que aspetos do cuidado prestado foram mais importantes para si?,1,VR Art,3,0,1,0.0,3_cirurgia_vai_fazer_pode depressa,Surgical concerns and coping
41,Q3,Que aspetos do cuidado prestado foram mais importantes para si?,1,VR Art,4,0,1,0.0,4_cima_ir_sítio_abaixo,Movement and sense of place
41,Q3,Que aspetos do cuidado prestado foram mais importantes para si?,1,VR Art,5,0,1,0.0,5_água_natureza_ar_mar,Nature imagery and sensory responses
41,Q3,Que aspetos do cuidado prestado foram mais importantes para si?,1,VR Art,6,0,1,0.0,6_tempo_espera_tempo espera_agora,Waiting experience
41,Q3,Que aspetos do cuidado prestado foram mais importantes para si?,1,VR Art,7,0,1,0.0,7_manter_correu_positiva_manter positiva,Positive appraisal and optimism
41,Q3,Que aspetos do cuidado prestado foram mais importantes para si?,1,VR Art,8,0,1,0.0,8_cinco_estrelas_cinco estrelas_mesma,No perceived change and brief appraisals
41,Q3,Que aspetos do cuidado prestado foram mais importantes para si?,1,VR Art,9,0,1,0.0,9_ansiedade_ansiosa_bocadinho_nervosismo,Anxiety and nervousness
41,Q3,Que aspetos do cuidado prestado foram mais importantes para si?,1,VR Art,10,0,1,0.0,10_sinto_sinto sinto_estável sinto_desde cheguei,Feeling well and stable
41,Q3,Que aspetos do cuidado prestado foram mais importantes para si?,1,VR Art,11,0,1,0.0,11_acolhida_acolhimento_acolhida acolhida_sentir,Feeling welcomed
42,Q3,Que aspetos do cuidado prestado foram mais importantes para si?,3,Control,-1,0,1,0.0,-1_será_será alguém_alguém_família,Unassigned or mixed content
42,Q3,Que aspetos do cuidado prestado foram mais importantes para si?,3,Control,0,0,1,0.0,0_tranquila_calma_relaxada_sinto,Calm and relaxation
42,Q3,Que aspetos do cuidado prestado foram mais importantes para si?,3,Control,1,0,1,0.0,1_pessoas_cuidado_doentes_todas,Compassionate and professional care
42,Q3,Que aspetos do cuidado prestado foram mais importantes para si?,3,Control,2,0,1,0.0,2_mim_diferente_diferença_bocadinho,Subjective emotional and experiential effects
42,Q3,Que aspetos do cuidado prestado foram mais importantes para si?,3,Control,3,0,1,0.0,3_cirurgia_vai_fazer_pode depressa,Surgical concerns and coping
42,Q3,Que aspetos do cuidado prestado foram mais importantes para si?,3,Control,4,0,1,0.0,4_cima_ir_sítio_abaixo,Movement and sense of place
42,Q3,Que aspetos do cuidado prestado foram mais importantes para si?,3,Control,5,0,1,0.0,5_água_natureza_ar_mar,Nature imagery and sensory responses
42,Q3,Que aspetos do cuidado prestado foram mais importantes para si?,3,Control,6,0,1,0.0,6_tempo_espera_tempo espera_agora,Waiting experience
42,Q3,Que aspetos do cuidado prestado foram mais importantes para si?,3,Control,7,0,1,0.0,7_manter_correu_positiva_manter positiva,Positive appraisal and optimism
42,Q3,Que aspetos do cuidado prestado foram mais importantes para si?,3,Control,8,1,1,1.0,8_cinco_estrelas_cinco estrelas_mesma,No perceived change and brief appraisals
42,Q3,Que aspetos do cuidado prestado foram mais importantes para si?,3,Control,9,0,1,0.0,9_ansiedade_ansiosa_bocadinho_nervosismo,Anxiety and nervousness
42,Q3,Que aspetos do cuidado prestado foram mais importantes para si?,3,Control,10,0,1,0.0,10_sinto_sinto sinto_estável sinto_desde cheguei,Feeling well and stable
42,Q3,Que aspetos do cuidado prestado foram mais importantes para si?,3,Control,11,0,1,0.0,11_acolhida_acolhimento_acolhida acolhida_sentir,Feeling welcomed
43,Q3,Que aspetos do cuidado prestado foram mais importantes para si?,2,VR Only,-1,0,2,0.0,-1_será_será alguém_alguém_família,Unassigned or mixed content
43,Q3,Que aspetos do cuidado prestado foram mais importantes para si?,2,VR Only,0,0,2,0.0,0_tranquila_calma_relaxada_sinto,Calm and relaxation
43,Q3,Que aspetos do cuidado prestado foram mais importantes para si?,2,VR Only,1,0,2,0.0,1_pessoas_cuidado_doentes_todas,Compassionate and professional care
43,Q3,Que aspetos do cuidado prestado foram mais importantes para si?,2,VR Only,2,0,2,0.0,2_mim_diferente_diferença_bocadinho,Subjective emotional and experiential effects
43,Q3,Que aspetos do cuidado prestado foram mais importantes para si?,2,VR Only,3,0,2,0.0,3_cirurgia_vai_fazer_pode depressa,Surgical concerns and coping
43,Q3,Que aspetos do cuidado prestado foram mais importantes para si?,2,VR Only,4,0,2,0.0,4_cima_ir_sítio_abaixo,Movement and sense of place
43,Q3,Que aspetos do cuidado prestado foram mais importantes para si?,2,VR Only,5,0,2,0.0,5_água_natureza_ar_mar,Nature imagery and sensory responses
43,Q3,Que aspetos do cuidado prestado foram mais importantes para si?,2,VR Only,6,0,2,0.0,6_tempo_espera_tempo espera_agora,Waiting experience
43,Q3,Que aspetos do cuidado prestado foram mais importantes para si?,2,VR Only,7,0,2,0.0,7_manter_correu_positiva_manter positiva,Positive appraisal and optimism
43,Q3,Que aspetos do cuidado prestado foram mais importantes para si?,2,VR Only,8,0,2,0.0,8_cinco_estrelas_cinco estrelas_mesma,No perceived change and brief appraisals
43,Q3,Que aspetos do cuidado prestado foram mais importantes para si?,2,VR Only,9,1,2,0.5,9_ansiedade_ansiosa_bocadinho_nervosismo,Anxiety and nervousness
43,Q3,Que aspetos do cuidado prestado foram mais importantes para si?,2,VR Only,10,0,2,0.0,10_sinto_sinto sinto_estável sinto_desde cheguei,Feeling well and stable
43,Q3,Que aspetos do cuidado prestado foram mais importantes para si?,2,VR Only,11,1,2,0.5,11_acolhida_acolhimento_acolhida acolhida_sentir,Feeling welcomed
44,Q3,Que aspetos do cuidado prestado foram mais importantes para si?,1,VR Art,-1,3,14,0.2142857142857142,-1_será_será alguém_alguém_família,Unassigned or mixed content
44,Q3,Que aspetos do cuidado prestado foram mais importantes para si?,1,VR Art,0,2,14,0.1428571428571428,0_tranquila_calma_relaxada_sinto,Calm and relaxation
44,Q3,Que aspetos do cuidado prestado foram mais importantes para si?,1,VR Art,1,4,14,0.2857142857142857,1_pessoas_cuidado_doentes_todas,Compassionate and professional care
44,Q3,Que aspetos do cuidado prestado foram mais importantes para si?,1,VR Art,2,0,14,0.0,2_mim_diferente_diferença_bocadinho,Subjective emotional and experiential effects
44,Q3,Que aspetos do cuidado prestado foram mais importantes para si?,1,VR Art,3,0,14,0.0,3_cirurgia_vai_fazer_pode depressa,Surgical concerns and coping
44,Q3,Que aspetos do cuidado prestado foram mais importantes para si?,1,VR Art,4,2,14,0.1428571428571428,4_cima_ir_sítio_abaixo,Movement and sense of place
44,Q3,Que aspetos do cuidado prestado foram mais importantes para si?,1,VR Art,5,0,14,0.0,5_água_natureza_ar_mar,Nature imagery and sensory responses
44,Q3,Que aspetos do cuidado prestado foram mais importantes para si?,1,VR Art,6,1,14,0.0714285714285714,6_tempo_espera_tempo espera_agora,Waiting experience
44,Q3,Que aspetos do cuidado prestado foram mais importantes para si?,1,VR Art,7,2,14,0.1428571428571428,7_manter_correu_positiva_manter positiva,Positive appraisal and optimism
44,Q3,Que aspetos do cuidado prestado foram mais importantes para si?,1,VR Art,8,0,14,0.0,8_cinco_estrelas_cinco estrelas_mesma,No perceived change and brief appraisals
44,Q3,Que aspetos do cuidado prestado foram mais importantes para si?,1,VR Art,9,0,14,0.0,9_ansiedade_ansiosa_bocadinho_nervosismo,Anxiety and nervousness
44,Q3,Que aspetos do cuidado prestado foram mais importantes para si?,1,VR Art,10,0,14,0.0,10_sinto_sinto sinto_estável sinto_desde cheguei,Feeling well and stable
44,Q3,Que aspetos do cuidado prestado foram mais importantes para si?,1,VR Art,11,0,14,0.0,11_acolhida_acolhimento_acolhida acolhida_sentir,Feeling welcomed
46,Q3,Que aspetos do cuidado prestado foram mais importantes para si?,2,VR Only,-1,0,1,0.0,-1_será_será alguém_alguém_família,Unassigned or mixed content
46,Q3,Que aspetos do cuidado prestado foram mais importantes para si?,2,VR Only,0,0,1,0.0,0_tranquila_calma_relaxada_sinto,Calm and relaxation
46,Q3,Que aspetos do cuidado prestado foram mais importantes para si?,2,VR Only,1,0,1,0.0,1_pessoas_cuidado_doentes_todas,Compassionate and professional care
46,Q3,Que aspetos do cuidado prestado foram mais importantes para si?,2,VR Only,2,0,1,0.0,2_mim_diferente_diferença_bocadinho,Subjective emotional and experiential effects
46,Q3,Que aspetos do cuidado prestado foram mais importantes para si?,2,VR Only,3,0,1,0.0,3_cirurgia_vai_fazer_pode depressa,Surgical concerns and coping
46,Q3,Que aspetos do cuidado prestado foram mais importantes para si?,2,VR Only,4,0,1,0.0,4_cima_ir_sítio_abaixo,Movement and sense of place
46,Q3,Que aspetos do cuidado prestado foram mais importantes para si?,2,VR Only,5,0,1,0.0,5_água_natureza_ar_mar,Nature imagery and sensory responses
46,Q3,Que aspetos do cuidado prestado foram mais importantes para si?,2,VR Only,6,1,1,1.0,6_tempo_espera_tempo espera_agora,Waiting experience
46,Q3,Que aspetos do cuidado prestado foram mais importantes para si?,2,VR Only,7,0,1,0.0,7_manter_correu_positiva_manter positiva,Positive appraisal and optimism
46,Q3,Que aspetos do cuidado prestado foram mais importantes para si?,2,VR Only,8,0,1,0.0,8_cinco_estrelas_cinco estrelas_mesma,No perceived change and brief appraisals
46,Q3,Que aspetos do cuidado prestado foram mais importantes para si?,2,VR Only,9,0,1,0.0,9_ansiedade_ansiosa_bocadinho_nervosismo,Anxiety and nervousness
46,Q3,Que aspetos do cuidado prestado foram mais importantes para si?,2,VR Only,10,0,1,0.0,10_sinto_sinto sinto_estável sinto_desde cheguei,Feeling well and stable
46,Q3,Que aspetos do cuidado prestado foram mais importantes para si?,2,VR Only,11,0,1,0.0,11_acolhida_acolhimento_acolhida acolhida_sentir,Feeling welcomed
47,Q3,Que aspetos do cuidado prestado foram mais importantes para si?,1,VR Art,-1,0,1,0.0,-1_será_será alguém_alguém_família,Unassigned or mixed content
47,Q3,Que aspetos do cuidado prestado foram mais importantes para si?,1,VR Art,0,0,1,0.0,0_tranquila_calma_relaxada_sinto,Calm and relaxation
47,Q3,Que aspetos do cuidado prestado foram mais importantes para si?,1,VR Art,1,0,1,0.0,1_pessoas_cuidado_doentes_todas,Compassionate and professional care
47,Q3,Que aspetos do cuidado prestado foram mais importantes para si?,1,VR Art,2,0,1,0.0,2_mim_diferente_diferença_bocadinho,Subjective emotional and experiential effects
47,Q3,Que aspetos do cuidado prestado foram mais importantes para si?,1,VR Art,3,0,1,0.0,3_cirurgia_vai_fazer_pode depressa,Surgical concerns and coping
47,Q3,Que aspetos do cuidado prestado foram mais importantes para si?,1,VR Art,4,1,1,1.0,4_cima_ir_sítio_abaixo,Movement and sense of place
47,Q3,Que aspetos do cuidado prestado foram mais importantes para si?,1,VR Art,5,0,1,0.0,5_água_natureza_ar_mar,Nature imagery and sensory responses
47,Q3,Que aspetos do cuidado prestado foram mais importantes para si?,1,VR Art,6,0,1,0.0,6_tempo_espera_tempo espera_agora,Waiting experience
47,Q3,Que aspetos do cuidado prestado foram mais importantes para si?,1,VR Art,7,0,1,0.0,7_manter_correu_positiva_manter positiva,Positive appraisal and optimism
47,Q3,Que aspetos do cuidado prestado foram mais importantes para si?,1,VR Art,8,0,1,0.0,8_cinco_estrelas_cinco estrelas_mesma,No perceived change and brief appraisals
47,Q3,Que aspetos do cuidado prestado foram mais importantes para si?,1,VR Art,9,0,1,0.0,9_ansiedade_ansiosa_bocadinho_nervosismo,Anxiety and nervousness
47,Q3,Que aspetos do cuidado prestado foram mais importantes para si?,1,VR Art,10,0,1,0.0,10_sinto_sinto sinto_estável sinto_desde cheguei,Feeling well and stable
47,Q3,Que aspetos do cuidado prestado foram mais importantes para si?,1,VR Art,11,0,1,0.0,11_acolhida_acolhimento_acolhida acolhida_sentir,Feeling welcomed
49,Q3,Que aspetos do cuidado prestado foram mais importantes para si?,2,VR Only,-1,0,3,0.0,-1_será_será alguém_alguém_família,Unassigned or mixed content
49,Q3,Que aspetos do cuidado prestado foram mais importantes para si?,2,VR Only,0,0,3,0.0,0_tranquila_calma_relaxada_sinto,Calm and relaxation
49,Q3,Que aspetos do cuidado prestado foram mais importantes para si?,2,VR Only,1,0,3,0.0,1_pessoas_cuidado_doentes_todas,Compassionate and professional care
49,Q3,Que aspetos do cuidado prestado foram mais importantes para si?,2,VR Only,2,0,3,0.0,2_mim_diferente_diferença_bocadinho,Subjective emotional and experiential effects
49,Q3,Que aspetos do cuidado prestado foram mais importantes para si?,2,VR Only,3,1,3,0.3333333333333333,3_cirurgia_vai_fazer_pode depressa,Surgical concerns and coping
49,Q3,Que aspetos do cuidado prestado foram mais importantes para si?,2,VR Only,4,0,3,0.0,4_cima_ir_sítio_abaixo,Movement and sense of place
49,Q3,Que aspetos do cuidado prestado foram mais importantes para si?,2,VR Only,5,0,3,0.0,5_água_natureza_ar_mar,Nature imagery and sensory responses
49,Q3,Que aspetos do cuidado prestado foram mais importantes para si?,2,VR Only,6,1,3,0.3333333333333333,6_tempo_espera_tempo espera_agora,Waiting experience
49,Q3,Que aspetos do cuidado prestado foram mais importantes para si?,2,VR Only,7,0,3,0.0,7_manter_correu_positiva_manter positiva,Positive appraisal and optimism
49,Q3,Que aspetos do cuidado prestado foram mais importantes para si?,2,VR Only,8,1,3,0.3333333333333333,8_cinco_estrelas_cinco estrelas_mesma,No perceived change and brief appraisals
49,Q3,Que aspetos do cuidado prestado foram mais importantes para si?,2,VR Only,9,0,3,0.0,9_ansiedade_ansiosa_bocadinho_nervosismo,Anxiety and nervousness
49,Q3,Que aspetos do cuidado prestado foram mais importantes para si?,2,VR Only,10,0,3,0.0,10_sinto_sinto sinto_estável sinto_desde cheguei,Feeling well and stable
49,Q3,Que aspetos do cuidado prestado foram mais importantes para si?,2,VR Only,11,0,3,0.0,11_acolhida_acolhimento_acolhida acolhida_sentir,Feeling welcomed
52,Q3,Que aspetos do cuidado prestado foram mais importantes para si?,2,VR Only,-1,0,1,0.0,-1_será_será alguém_alguém_família,Unassigned or mixed content
52,Q3,Que aspetos do cuidado prestado foram mais importantes para si?,2,VR Only,0,0,1,0.0,0_tranquila_calma_relaxada_sinto,Calm and relaxation
52,Q3,Que aspetos do cuidado prestado foram mais importantes para si?,2,VR Only,1,0,1,0.0,1_pessoas_cuidado_doentes_todas,Compassionate and professional care
52,Q3,Que aspetos do cuidado prestado foram mais importantes para si?,2,VR Only,2,0,1,0.0,2_mim_diferente_diferença_bocadinho,Subjective emotional and experiential effects
52,Q3,Que aspetos do cuidado prestado foram mais importantes para si?,2,VR Only,3,0,1,0.0,3_cirurgia_vai_fazer_pode depressa,Surgical concerns and coping
52,Q3,Que aspetos do cuidado prestado foram mais importantes para si?,2,VR Only,4,0,1,0.0,4_cima_ir_sítio_abaixo,Movement and sense of place
52,Q3,Que aspetos do cuidado prestado foram mais importantes para si?,2,VR Only,5,0,1,0.0,5_água_natureza_ar_mar,Nature imagery and sensory responses
52,Q3,Que aspetos do cuidado prestado foram mais importantes para si?,2,VR Only,6,0,1,0.0,6_tempo_espera_tempo espera_agora,Waiting experience
52,Q3,Que aspetos do cuidado prestado foram mais importantes para si?,2,VR Only,7,0,1,0.0,7_manter_correu_positiva_manter positiva,Positive appraisal and optimism
52,Q3,Que aspetos do cuidado prestado foram mais importantes para si?,2,VR Only,8,0,1,0.0,8_cinco_estrelas_cinco estrelas_mesma,No perceived change and brief appraisals
52,Q3,Que aspetos do cuidado prestado foram mais importantes para si?,2,VR Only,9,0,1,0.0,9_ansiedade_ansiosa_bocadinho_nervosismo,Anxiety and nervousness
52,Q3,Que aspetos do cuidado prestado foram mais importantes para si?,2,VR Only,10,0,1,0.0,10_sinto_sinto sinto_estável sinto_desde cheguei,Feeling well and stable
52,Q3,Que aspetos do cuidado prestado foram mais importantes para si?,2,VR Only,11,1,1,1.0,11_acolhida_acolhimento_acolhida acolhida_sentir,Feeling welcomed
54,Q3,Que aspetos do cuidado prestado foram mais importantes para si?,2,VR Only,-1,0,1,0.0,-1_será_será alguém_alguém_família,Unassigned or mixed content
54,Q3,Que aspetos do cuidado prestado foram mais importantes para si?,2,VR Only,0,0,1,0.0,0_tranquila_calma_relaxada_sinto,Calm and relaxation
54,Q3,Que aspetos do cuidado prestado foram mais importantes para si?,2,VR Only,1,0,1,0.0,1_pessoas_cuidado_doentes_todas,Compassionate and professional care
54,Q3,Que aspetos do cuidado prestado foram mais importantes para si?,2,VR Only,2,0,1,0.0,2_mim_diferente_diferença_bocadinho,Subjective emotional and experiential effects
54,Q3,Que aspetos do cuidado prestado foram mais importantes para si?,2,VR Only,3,0,1,0.0,3_cirurgia_vai_fazer_pode depressa,Surgical concerns and coping
54,Q3,Que aspetos do cuidado prestado foram mais importantes para si?,2,VR Only,4,0,1,0.0,4_cima_ir_sítio_abaixo,Movement and sense of place
54,Q3,Que aspetos do cuidado prestado foram mais importantes para si?,2,VR Only,5,0,1,0.0,5_água_natureza_ar_mar,Nature imagery and sensory responses
54,Q3,Que aspetos do cuidado prestado foram mais importantes para si?,2,VR Only,6,0,1,0.0,6_tempo_espera_tempo espera_agora,Waiting experience
54,Q3,Que aspetos do cuidado prestado foram mais importantes para si?,2,VR Only,7,1,1,1.0,7_manter_correu_positiva_manter positiva,Positive appraisal and optimism
54,Q3,Que aspetos do cuidado prestado foram mais importantes para si?,2,VR Only,8,0,1,0.0,8_cinco_estrelas_cinco estrelas_mesma,No perceived change and brief appraisals
54,Q3,Que aspetos do cuidado prestado foram mais importantes para si?,2,VR Only,9,0,1,0.0,9_ansiedade_ansiosa_bocadinho_nervosismo,Anxiety and nervousness
54,Q3,Que aspetos do cuidado prestado foram mais importantes para si?,2,VR Only,10,0,1,0.0,10_sinto_sinto sinto_estável sinto_desde cheguei,Feeling well and stable
54,Q3,Que aspetos do cuidado prestado foram mais importantes para si?,2,VR Only,11,0,1,0.0,11_acolhida_acolhimento_acolhida acolhida_sentir,Feeling welcomed
57,Q3,Que aspetos do cuidado prestado foram mais importantes para si?,2,VR Only,-1,0,1,0.0,-1_será_será alguém_alguém_família,Unassigned or mixed content
57,Q3,Que aspetos do cuidado prestado foram mais importantes para si?,2,VR Only,0,0,1,0.0,0_tranquila_calma_relaxada_sinto,Calm and relaxation
57,Q3,Que aspetos do cuidado prestado foram mais importantes para si?,2,VR Only,1,0,1,0.0,1_pessoas_cuidado_doentes_todas,Compassionate and professional care
57,Q3,Que aspetos do cuidado prestado foram mais importantes para si?,2,VR Only,2,0,1,0.0,2_mim_diferente_diferença_bocadinho,Subjective emotional and experiential effects
57,Q3,Que aspetos do cuidado prestado foram mais importantes para si?,2,VR Only,3,0,1,0.0,3_cirurgia_vai_fazer_pode depressa,Surgical concerns and coping
57,Q3,Que aspetos do cuidado prestado foram mais importantes para si?,2,VR Only,4,0,1,0.0,4_cima_ir_sítio_abaixo,Movement and sense of place
57,Q3,Que aspetos do cuidado prestado foram mais importantes para si?,2,VR Only,5,0,1,0.0,5_água_natureza_ar_mar,Nature imagery and sensory responses
57,Q3,Que aspetos do cuidado prestado foram mais importantes para si?,2,VR Only,6,0,1,0.0,6_tempo_espera_tempo espera_agora,Waiting experience
57,Q3,Que aspetos do cuidado prestado foram mais importantes para si?,2,VR Only,7,0,1,0.0,7_manter_correu_positiva_manter positiva,Positive appraisal and optimism
57,Q3,Que aspetos do cuidado prestado foram mais importantes para si?,2,VR Only,8,0,1,0.0,8_cinco_estrelas_cinco estrelas_mesma,No perceived change and brief appraisals
57,Q3,Que aspetos do cuidado prestado foram mais importantes para si?,2,VR Only,9,0,1,0.0,9_ansiedade_ansiosa_bocadinho_nervosismo,Anxiety and nervousness
57,Q3,Que aspetos do cuidado prestado foram mais importantes para si?,2,VR Only,10,1,1,1.0,10_sinto_sinto sinto_estável sinto_desde cheguei,Feeling well and stable
57,Q3,Que aspetos do cuidado prestado foram mais importantes para si?,2,VR Only,11,0,1,0.0,11_acolhida_acolhimento_acolhida acolhida_sentir,Feeling welcomed
59,Q3,Que aspetos do cuidado prestado foram mais importantes para si?,1,VR Art,-1,0,2,0.0,-1_será_será alguém_alguém_família,Unassigned or mixed content
59,Q3,Que aspetos do cuidado prestado foram mais importantes para si?,1,VR Art,0,0,2,0.0,0_tranquila_calma_relaxada_sinto,Calm and relaxation
59,Q3,Que aspetos do cuidado prestado foram mais importantes para si?,1,VR Art,1,0,2,0.0,1_pessoas_cuidado_doentes_todas,Compassionate and professional care
59,Q3,Que aspetos do cuidado prestado foram mais importantes para si?,1,VR Art,2,0,2,0.0,2_mim_diferente_diferença_bocadinho,Subjective emotional and experiential effects
59,Q3,Que aspetos do cuidado prestado foram mais importantes para si?,1,VR Art,3,0,2,0.0,3_cirurgia_vai_fazer_pode depressa,Surgical concerns and coping
59,Q3,Que aspetos do cuidado prestado foram mais importantes para si?,1,VR Art,4,0,2,0.0,4_cima_ir_sítio_abaixo,Movement and sense of place
59,Q3,Que aspetos do cuidado prestado foram mais importantes para si?,1,VR Art,5,0,2,0.0,5_água_natureza_ar_mar,Nature imagery and sensory responses
59,Q3,Que aspetos do cuidado prestado foram mais importantes para si?,1,VR Art,6,0,2,0.0,6_tempo_espera_tempo espera_agora,Waiting experience
59,Q3,Que aspetos do cuidado prestado foram mais importantes para si?,1,VR Art,7,1,2,0.5,7_manter_correu_positiva_manter positiva,Positive appraisal and optimism
59,Q3,Que aspetos do cuidado prestado foram mais importantes para si?,1,VR Art,8,0,2,0.0,8_cinco_estrelas_cinco estrelas_mesma,No perceived change and brief appraisals
59,Q3,Que aspetos do cuidado prestado foram mais importantes para si?,1,VR Art,9,0,2,0.0,9_ansiedade_ansiosa_bocadinho_nervosismo,Anxiety and nervousness
59,Q3,Que aspetos do cuidado prestado foram mais importantes para si?,1,VR Art,10,1,2,0.5,10_sinto_sinto sinto_estável sinto_desde cheguei,Feeling well and stable
59,Q3,Que aspetos do cuidado prestado foram mais importantes para si?,1,VR Art,11,0,2,0.0,11_acolhida_acolhimento_acolhida acolhida_sentir,Feeling welcomed
60,Q3,Que aspetos do cuidado prestado foram mais importantes para si?,3,Control,-1,0,1,0.0,-1_será_será alguém_alguém_família,Unassigned or mixed content
60,Q3,Que aspetos do cuidado prestado foram mais importantes para si?,3,Control,0,0,1,0.0,0_tranquila_calma_relaxada_sinto,Calm and relaxation
60,Q3,Que aspetos do cuidado prestado foram mais importantes para si?,3,Control,1,1,1,1.0,1_pessoas_cuidado_doentes_todas,Compassionate and professional care
60,Q3,Que aspetos do cuidado prestado foram mais importantes para si?,3,Control,2,0,1,0.0,2_mim_diferente_diferença_bocadinho,Subjective emotional and experiential effects
60,Q3,Que aspetos do cuidado prestado foram mais importantes para si?,3,Control,3,0,1,0.0,3_cirurgia_vai_fazer_pode depressa,Surgical concerns and coping
60,Q3,Que aspetos do cuidado prestado foram mais importantes para si?,3,Control,4,0,1,0.0,4_cima_ir_sítio_abaixo,Movement and sense of place
60,Q3,Que aspetos do cuidado prestado foram mais importantes para si?,3,Control,5,0,1,0.0,5_água_natureza_ar_mar,Nature imagery and sensory responses
60,Q3,Que aspetos do cuidado prestado foram mais importantes para si?,3,Control,6,0,1,0.0,6_tempo_espera_tempo espera_agora,Waiting experience
60,Q3,Que aspetos do cuidado prestado foram mais importantes para si?,3,Control,7,0,1,0.0,7_manter_correu_positiva_manter positiva,Positive appraisal and optimism
60,Q3,Que aspetos do cuidado prestado foram mais importantes para si?,3,Control,8,0,1,0.0,8_cinco_estrelas_cinco estrelas_mesma,No perceived change and brief appraisals
60,Q3,Que aspetos do cuidado prestado foram mais importantes para si?,3,Control,9,0,1,0.0,9_ansiedade_ansiosa_bocadinho_nervosismo,Anxiety and nervousness
60,Q3,Que aspetos do cuidado prestado foram mais importantes para si?,3,Control,10,0,1,0.0,10_sinto_sinto sinto_estável sinto_desde cheguei,Feeling well and stable
60,Q3,Que aspetos do cuidado prestado foram mais importantes para si?,3,Control,11,0,1,0.0,11_acolhida_acolhimento_acolhida acolhida_sentir,Feeling welcomed
