document_id,response_id,participant_id,question_id,question_text,sentence_number,condition_number,condition_label,response,sentence,content_text,content_token_count,has_condition,included_in_model,exclusion_reason,Document,Topic,Name,Representation,Representative_Docs,Top_n_words,Probability,Representative_document,Human_Label
1,1,1,Q1,Como se sente agora?,1,3,Control,"Não, quer dizer, como digo, à medida que se aproxima e ir para o bloco, a ansiedade aumenta e o receio de que algo possa correr mal também.","Não, quer dizer, como digo, à medida que se aproxima e ir para o bloco, a ansiedade aumenta e o receio de que algo possa correr mal também.",digo medida aproxima ir bloco ansiedade aumenta receio algo possa correr mal,12,True,True,,"Não, quer dizer, como digo, à medida que se aproxima e ir para o bloco, a ansiedade aumenta e o receio de que algo possa correr mal também.",9,9_ansiedade_ansiosa_bocadinho_nervosismo,"['ansiedade', 'ansiosa', 'bocadinho', 'nervosismo', 'bocadinho agitada', 'agitada', 'aumenta', 'ansiosa bocadinho', 'ansiedade nervosismo', 'durante']","['Não, quer dizer, como digo, à medida que se aproxima e ir para o bloco, a ansiedade aumenta e o receio de que algo possa correr mal também.', 'Durante estes 12 minutos estive a fazer aqui uma técnica própria que desenvolvi para não escalar a ansiedade durante o período que tenho de esperar até a entrada na sala de cirurgia.', 'sim, acho que sinto sinto um pouco mais de ansiedade acho eu, nada assim de extraordinário mas pronto, ficar aqui sozinha sem ninguém para falar ou para abstrair daqui acho que aumenta um bocadinho a ansiedade']",ansiedade - ansiosa - bocadinho - nervosismo - bocadinho agitada - agitada - aumenta - ansiosa bocadinho - ansiedade nervosismo - durante,1.0,True,Anxiety and nervousness
2,2,2,Q1,Como se sente agora?,1,2,VR Only,"Um bocadinho menos ansiosa, muito mais relaxada, mais descontraída e talvez com um bocadinho mais de esperança.","Um bocadinho menos ansiosa, muito mais relaxada, mais descontraída e talvez com um bocadinho mais de esperança.",bocadinho menos ansiosa relaxada descontraída talvez bocadinho esperança,8,True,True,,"Um bocadinho menos ansiosa, muito mais relaxada, mais descontraída e talvez com um bocadinho mais de esperança.",0,0_tranquila_calma_relaxada_sinto,"['tranquila', 'calma', 'relaxada', 'sinto', 'bocadinho', 'bocadinho calma', 'filme', 'sinto tranquila', 'imagens', 'tranquilidade']","['Um bocadinho mais calma.', 'um bocadinho mais calma.', 'Sim, sinto-me mais tranquila.']",tranquila - calma - relaxada - sinto - bocadinho - bocadinho calma - filme - sinto tranquila - imagens - tranquilidade,0.7255082389926502,False,Calm and relaxation
3,3,3,Q1,Como se sente agora?,1,1,VR Art,"Estou mais tranquila. Estou mais tranquila, sem dúvida alguma. Sinto mais tranquilidade dentro de mim. Sim.",Estou mais tranquila.,tranquila,1,True,True,,Estou mais tranquila.,0,0_tranquila_calma_relaxada_sinto,"['tranquila', 'calma', 'relaxada', 'sinto', 'bocadinho', 'bocadinho calma', 'filme', 'sinto tranquila', 'imagens', 'tranquilidade']","['Um bocadinho mais calma.', 'um bocadinho mais calma.', 'Sim, sinto-me mais tranquila.']",tranquila - calma - relaxada - sinto - bocadinho - bocadinho calma - filme - sinto tranquila - imagens - tranquilidade,0.6541005195919218,False,Calm and relaxation
4,3,3,Q1,Como se sente agora?,2,1,VR Art,"Estou mais tranquila. Estou mais tranquila, sem dúvida alguma. Sinto mais tranquilidade dentro de mim. Sim.","Estou mais tranquila, sem dúvida alguma.",tranquila dúvida alguma,3,True,True,,"Estou mais tranquila, sem dúvida alguma.",0,0_tranquila_calma_relaxada_sinto,"['tranquila', 'calma', 'relaxada', 'sinto', 'bocadinho', 'bocadinho calma', 'filme', 'sinto tranquila', 'imagens', 'tranquilidade']","['Um bocadinho mais calma.', 'um bocadinho mais calma.', 'Sim, sinto-me mais tranquila.']",tranquila - calma - relaxada - sinto - bocadinho - bocadinho calma - filme - sinto tranquila - imagens - tranquilidade,1.0,False,Calm and relaxation
5,3,3,Q1,Como se sente agora?,3,1,VR Art,"Estou mais tranquila. Estou mais tranquila, sem dúvida alguma. Sinto mais tranquilidade dentro de mim. Sim.",Sinto mais tranquilidade dentro de mim.,sinto tranquilidade dentro mim,4,True,True,,Sinto mais tranquilidade dentro de mim.,0,0_tranquila_calma_relaxada_sinto,"['tranquila', 'calma', 'relaxada', 'sinto', 'bocadinho', 'bocadinho calma', 'filme', 'sinto tranquila', 'imagens', 'tranquilidade']","['Um bocadinho mais calma.', 'um bocadinho mais calma.', 'Sim, sinto-me mais tranquila.']",tranquila - calma - relaxada - sinto - bocadinho - bocadinho calma - filme - sinto tranquila - imagens - tranquilidade,0.5705858436886087,False,Calm and relaxation
7,4,4,Q1,Como se sente agora?,1,3,Control,"Sinto-me igualmente otimista, sinto-me igualmente sem medo, sinto-me mais tranquila porque... Aliás, sinto-me ainda mais tranquila porque estive a descansar e a pensar com boas memórias quando os meus filhos eram pequeninos e quando estava a brincar com eles.","Sinto-me igualmente otimista, sinto-me igualmente sem medo, sinto-me mais tranquila porque...",sinto igualmente otimista sinto igualmente medo sinto tranquila,8,True,True,,"Sinto-me igualmente otimista, sinto-me igualmente sem medo, sinto-me mais tranquila porque...",0,0_tranquila_calma_relaxada_sinto,"['tranquila', 'calma', 'relaxada', 'sinto', 'bocadinho', 'bocadinho calma', 'filme', 'sinto tranquila', 'imagens', 'tranquilidade']","['Um bocadinho mais calma.', 'um bocadinho mais calma.', 'Sim, sinto-me mais tranquila.']",tranquila - calma - relaxada - sinto - bocadinho - bocadinho calma - filme - sinto tranquila - imagens - tranquilidade,1.0,False,Calm and relaxation
8,4,4,Q1,Como se sente agora?,2,3,Control,"Sinto-me igualmente otimista, sinto-me igualmente sem medo, sinto-me mais tranquila porque... Aliás, sinto-me ainda mais tranquila porque estive a descansar e a pensar com boas memórias quando os meus filhos eram pequeninos e quando estava a brincar com eles.","Aliás, sinto-me ainda mais tranquila porque estive a descansar e a pensar com boas memórias quando os meus filhos eram pequeninos e quando estava a brincar com eles.",aliás sinto ainda tranquila estive descansar pensar boas memórias meus filhos eram pequeninos brincar,14,True,True,,"Aliás, sinto-me ainda mais tranquila porque estive a descansar e a pensar com boas memórias quando os meus filhos eram pequeninos e quando estava a brincar com eles.",0,0_tranquila_calma_relaxada_sinto,"['tranquila', 'calma', 'relaxada', 'sinto', 'bocadinho', 'bocadinho calma', 'filme', 'sinto tranquila', 'imagens', 'tranquilidade']","['Um bocadinho mais calma.', 'um bocadinho mais calma.', 'Sim, sinto-me mais tranquila.']",tranquila - calma - relaxada - sinto - bocadinho - bocadinho calma - filme - sinto tranquila - imagens - tranquilidade,0.3645456034099529,False,Calm and relaxation
9,5,5,Q1,Como se sente agora?,1,2,VR Only,"Primeiro de tudo, agradecer pela experiência, porque deixou-me muito mais tranquila, muito mais serena. As imagens e, inclusivamente, o áudio eram muito bons. A natureza e os animais provocam, proporcionam a si mesmo uma serenidade. E estou muito mais tranquila agora para o procedimento.","Primeiro de tudo, agradecer pela experiência, porque deixou-me muito mais tranquila, muito mais serena.",primeiro agradecer experiência deixou tranquila serena,6,True,True,,"Primeiro de tudo, agradecer pela experiência, porque deixou-me muito mais tranquila, muito mais serena.",0,0_tranquila_calma_relaxada_sinto,"['tranquila', 'calma', 'relaxada', 'sinto', 'bocadinho', 'bocadinho calma', 'filme', 'sinto tranquila', 'imagens', 'tranquilidade']","['Um bocadinho mais calma.', 'um bocadinho mais calma.', 'Sim, sinto-me mais tranquila.']",tranquila - calma - relaxada - sinto - bocadinho - bocadinho calma - filme - sinto tranquila - imagens - tranquilidade,0.3350872450429186,False,Calm and relaxation
10,5,5,Q1,Como se sente agora?,2,2,VR Only,"Primeiro de tudo, agradecer pela experiência, porque deixou-me muito mais tranquila, muito mais serena. As imagens e, inclusivamente, o áudio eram muito bons. A natureza e os animais provocam, proporcionam a si mesmo uma serenidade. E estou muito mais tranquila agora para o procedimento.","As imagens e, inclusivamente, o áudio eram muito bons.",imagens inclusivamente áudio eram bons,5,True,True,,"As imagens e, inclusivamente, o áudio eram muito bons.",0,0_tranquila_calma_relaxada_sinto,"['tranquila', 'calma', 'relaxada', 'sinto', 'bocadinho', 'bocadinho calma', 'filme', 'sinto tranquila', 'imagens', 'tranquilidade']","['Um bocadinho mais calma.', 'um bocadinho mais calma.', 'Sim, sinto-me mais tranquila.']",tranquila - calma - relaxada - sinto - bocadinho - bocadinho calma - filme - sinto tranquila - imagens - tranquilidade,1.0,False,Calm and relaxation
11,5,5,Q1,Como se sente agora?,3,2,VR Only,"Primeiro de tudo, agradecer pela experiência, porque deixou-me muito mais tranquila, muito mais serena. As imagens e, inclusivamente, o áudio eram muito bons. A natureza e os animais provocam, proporcionam a si mesmo uma serenidade. E estou muito mais tranquila agora para o procedimento.","A natureza e os animais provocam, proporcionam a si mesmo uma serenidade.",natureza animais provocam proporcionam si serenidade,6,True,True,,"A natureza e os animais provocam, proporcionam a si mesmo uma serenidade.",5,5_água_natureza_ar_mar,"['água', 'natureza', 'ar', 'mar', 'barulho', 'gostei', 'barulho água', 'verde', 'falta', 'certa']","['Essa parte, por exemplo, das flores e das árvores, não gostei, porque senti uma certa falta de ar.', 'igual apesar de que tenho uma experiência nova era de toda a improvável que fosse neste sítio é divertido por isso e acho que pode ajudar algumas pessoas que sem os meus medos de precipícios e de cobras conseguirem entrar nesse mundo e distrair-se um bocadinho é mais complicado encontrar uma cobra em um precipício são duas coisas que se calhar os meus valores já aumentaram mas de resto gostei', 'fazer exercícios que eu já costumo fazer que é respiração profunda respirar, reter e depois deitar fora o ar pensando sempre que estou num riacho que estou a nadar numa água muito quente e que estou numa experiência eu associo sempre as experiências aquáticas a coisas boas mas o verbo também é importante então eu situo-me num riacho com águas moras em que estou tranquilamente a nadar.']",água - natureza - ar - mar - barulho - gostei - barulho água - verde - falta - certa,1.0,False,Nature imagery and sensory responses
12,5,5,Q1,Como se sente agora?,4,2,VR Only,"Primeiro de tudo, agradecer pela experiência, porque deixou-me muito mais tranquila, muito mais serena. As imagens e, inclusivamente, o áudio eram muito bons. A natureza e os animais provocam, proporcionam a si mesmo uma serenidade. E estou muito mais tranquila agora para o procedimento.",E estou muito mais tranquila agora para o procedimento.,tranquila agora procedimento,3,True,True,,E estou muito mais tranquila agora para o procedimento.,0,0_tranquila_calma_relaxada_sinto,"['tranquila', 'calma', 'relaxada', 'sinto', 'bocadinho', 'bocadinho calma', 'filme', 'sinto tranquila', 'imagens', 'tranquilidade']","['Um bocadinho mais calma.', 'um bocadinho mais calma.', 'Sim, sinto-me mais tranquila.']",tranquila - calma - relaxada - sinto - bocadinho - bocadinho calma - filme - sinto tranquila - imagens - tranquilidade,0.552770712405999,False,Calm and relaxation
13,7,7,Q1,Como se sente agora?,1,2,VR Only,"em relação ao sentimento da... Da espiritualidade, assim, porque como foi uma imagem de cachoeira de natureza, especificamente, tem uma conexão com a minha religião. Então, ver aquilo foi um pouco emocionante. Foi tipo assim, ok, é tecnologia, é sempre por isso que eu perguntei se era o mesmo vídeo. Não foi uma coincidência do tipo de dizer sempre o mesmo vídeo. Mas, obviamente, para mim esse vídeo toca diferente. Acho que a experiência aqui é muito subjetiva. Se uma outra pessoa que não tivesse a mesma religião talvez pensasse diferente. Para mim veio uma emoção, sim.",em relação ao sentimento da...,relação sentimento,2,True,True,,em relação ao sentimento da...,2,2_mim_diferente_diferença_bocadinho,"['mim', 'diferente', 'diferença', 'bocadinho', 'tipo', 'vídeo', 'pôs', 'emoção', 'logo', 'bocadinho diferença']","['pôs logo e vê-se perfeitamente que entrou na veia logo.', 'Eu acho que a diferença, eu já estava calma, acho que a diferença foi explotar um bocadinho mais de sentimentos mais de alegria, mais bem disposta, digamos.', 'É claro que se sente um bocadinho, mas não é assim uma diferença, no meu caso, significativa.']",mim - diferente - diferença - bocadinho - tipo - vídeo - pôs - emoção - logo - bocadinho diferença,1.0,False,Subjective emotional and experiential effects
14,7,7,Q1,Como se sente agora?,2,2,VR Only,"em relação ao sentimento da... Da espiritualidade, assim, porque como foi uma imagem de cachoeira de natureza, especificamente, tem uma conexão com a minha religião. Então, ver aquilo foi um pouco emocionante. Foi tipo assim, ok, é tecnologia, é sempre por isso que eu perguntei se era o mesmo vídeo. Não foi uma coincidência do tipo de dizer sempre o mesmo vídeo. Mas, obviamente, para mim esse vídeo toca diferente. Acho que a experiência aqui é muito subjetiva. Se uma outra pessoa que não tivesse a mesma religião talvez pensasse diferente. Para mim veio uma emoção, sim.","Da espiritualidade, assim, porque como foi uma imagem de cachoeira de natureza, especificamente, tem uma conexão com a minha religião.",espiritualidade imagem cachoeira natureza especificamente conexão religião,7,True,True,,"Da espiritualidade, assim, porque como foi uma imagem de cachoeira de natureza, especificamente, tem uma conexão com a minha religião.",5,5_água_natureza_ar_mar,"['água', 'natureza', 'ar', 'mar', 'barulho', 'gostei', 'barulho água', 'verde', 'falta', 'certa']","['Essa parte, por exemplo, das flores e das árvores, não gostei, porque senti uma certa falta de ar.', 'igual apesar de que tenho uma experiência nova era de toda a improvável que fosse neste sítio é divertido por isso e acho que pode ajudar algumas pessoas que sem os meus medos de precipícios e de cobras conseguirem entrar nesse mundo e distrair-se um bocadinho é mais complicado encontrar uma cobra em um precipício são duas coisas que se calhar os meus valores já aumentaram mas de resto gostei', 'fazer exercícios que eu já costumo fazer que é respiração profunda respirar, reter e depois deitar fora o ar pensando sempre que estou num riacho que estou a nadar numa água muito quente e que estou numa experiência eu associo sempre as experiências aquáticas a coisas boas mas o verbo também é importante então eu situo-me num riacho com águas moras em que estou tranquilamente a nadar.']",água - natureza - ar - mar - barulho - gostei - barulho água - verde - falta - certa,1.0,False,Nature imagery and sensory responses
15,7,7,Q1,Como se sente agora?,3,2,VR Only,"em relação ao sentimento da... Da espiritualidade, assim, porque como foi uma imagem de cachoeira de natureza, especificamente, tem uma conexão com a minha religião. Então, ver aquilo foi um pouco emocionante. Foi tipo assim, ok, é tecnologia, é sempre por isso que eu perguntei se era o mesmo vídeo. Não foi uma coincidência do tipo de dizer sempre o mesmo vídeo. Mas, obviamente, para mim esse vídeo toca diferente. Acho que a experiência aqui é muito subjetiva. Se uma outra pessoa que não tivesse a mesma religião talvez pensasse diferente. Para mim veio uma emoção, sim.","Então, ver aquilo foi um pouco emocionante.",ver pouco emocionante,3,True,True,,"Então, ver aquilo foi um pouco emocionante.",2,2_mim_diferente_diferença_bocadinho,"['mim', 'diferente', 'diferença', 'bocadinho', 'tipo', 'vídeo', 'pôs', 'emoção', 'logo', 'bocadinho diferença']","['pôs logo e vê-se perfeitamente que entrou na veia logo.', 'Eu acho que a diferença, eu já estava calma, acho que a diferença foi explotar um bocadinho mais de sentimentos mais de alegria, mais bem disposta, digamos.', 'É claro que se sente um bocadinho, mas não é assim uma diferença, no meu caso, significativa.']",mim - diferente - diferença - bocadinho - tipo - vídeo - pôs - emoção - logo - bocadinho diferença,1.0,False,Subjective emotional and experiential effects
16,7,7,Q1,Como se sente agora?,4,2,VR Only,"em relação ao sentimento da... Da espiritualidade, assim, porque como foi uma imagem de cachoeira de natureza, especificamente, tem uma conexão com a minha religião. Então, ver aquilo foi um pouco emocionante. Foi tipo assim, ok, é tecnologia, é sempre por isso que eu perguntei se era o mesmo vídeo. Não foi uma coincidência do tipo de dizer sempre o mesmo vídeo. Mas, obviamente, para mim esse vídeo toca diferente. Acho que a experiência aqui é muito subjetiva. Se uma outra pessoa que não tivesse a mesma religião talvez pensasse diferente. Para mim veio uma emoção, sim.","Foi tipo assim, ok, é tecnologia, é sempre por isso que eu perguntei se era o mesmo vídeo.",tipo ok tecnologia perguntei vídeo,5,True,True,,"Foi tipo assim, ok, é tecnologia, é sempre por isso que eu perguntei se era o mesmo vídeo.",2,2_mim_diferente_diferença_bocadinho,"['mim', 'diferente', 'diferença', 'bocadinho', 'tipo', 'vídeo', 'pôs', 'emoção', 'logo', 'bocadinho diferença']","['pôs logo e vê-se perfeitamente que entrou na veia logo.', 'Eu acho que a diferença, eu já estava calma, acho que a diferença foi explotar um bocadinho mais de sentimentos mais de alegria, mais bem disposta, digamos.', 'É claro que se sente um bocadinho, mas não é assim uma diferença, no meu caso, significativa.']",mim - diferente - diferença - bocadinho - tipo - vídeo - pôs - emoção - logo - bocadinho diferença,0.1493864606736435,False,Subjective emotional and experiential effects
17,7,7,Q1,Como se sente agora?,5,2,VR Only,"em relação ao sentimento da... Da espiritualidade, assim, porque como foi uma imagem de cachoeira de natureza, especificamente, tem uma conexão com a minha religião. Então, ver aquilo foi um pouco emocionante. Foi tipo assim, ok, é tecnologia, é sempre por isso que eu perguntei se era o mesmo vídeo. Não foi uma coincidência do tipo de dizer sempre o mesmo vídeo. Mas, obviamente, para mim esse vídeo toca diferente. Acho que a experiência aqui é muito subjetiva. Se uma outra pessoa que não tivesse a mesma religião talvez pensasse diferente. Para mim veio uma emoção, sim.",Não foi uma coincidência do tipo de dizer sempre o mesmo vídeo.,coincidência tipo vídeo,3,True,True,,Não foi uma coincidência do tipo de dizer sempre o mesmo vídeo.,2,2_mim_diferente_diferença_bocadinho,"['mim', 'diferente', 'diferença', 'bocadinho', 'tipo', 'vídeo', 'pôs', 'emoção', 'logo', 'bocadinho diferença']","['pôs logo e vê-se perfeitamente que entrou na veia logo.', 'Eu acho que a diferença, eu já estava calma, acho que a diferença foi explotar um bocadinho mais de sentimentos mais de alegria, mais bem disposta, digamos.', 'É claro que se sente um bocadinho, mas não é assim uma diferença, no meu caso, significativa.']",mim - diferente - diferença - bocadinho - tipo - vídeo - pôs - emoção - logo - bocadinho diferença,0.1486395135946435,False,Subjective emotional and experiential effects
18,7,7,Q1,Como se sente agora?,6,2,VR Only,"em relação ao sentimento da... Da espiritualidade, assim, porque como foi uma imagem de cachoeira de natureza, especificamente, tem uma conexão com a minha religião. Então, ver aquilo foi um pouco emocionante. Foi tipo assim, ok, é tecnologia, é sempre por isso que eu perguntei se era o mesmo vídeo. Não foi uma coincidência do tipo de dizer sempre o mesmo vídeo. Mas, obviamente, para mim esse vídeo toca diferente. Acho que a experiência aqui é muito subjetiva. Se uma outra pessoa que não tivesse a mesma religião talvez pensasse diferente. Para mim veio uma emoção, sim.","Mas, obviamente, para mim esse vídeo toca diferente.",obviamente mim vídeo toca diferente,5,True,True,,"Mas, obviamente, para mim esse vídeo toca diferente.",2,2_mim_diferente_diferença_bocadinho,"['mim', 'diferente', 'diferença', 'bocadinho', 'tipo', 'vídeo', 'pôs', 'emoção', 'logo', 'bocadinho diferença']","['pôs logo e vê-se perfeitamente que entrou na veia logo.', 'Eu acho que a diferença, eu já estava calma, acho que a diferença foi explotar um bocadinho mais de sentimentos mais de alegria, mais bem disposta, digamos.', 'É claro que se sente um bocadinho, mas não é assim uma diferença, no meu caso, significativa.']",mim - diferente - diferença - bocadinho - tipo - vídeo - pôs - emoção - logo - bocadinho diferença,0.1655429473014578,False,Subjective emotional and experiential effects
19,7,7,Q1,Como se sente agora?,7,2,VR Only,"em relação ao sentimento da... Da espiritualidade, assim, porque como foi uma imagem de cachoeira de natureza, especificamente, tem uma conexão com a minha religião. Então, ver aquilo foi um pouco emocionante. Foi tipo assim, ok, é tecnologia, é sempre por isso que eu perguntei se era o mesmo vídeo. Não foi uma coincidência do tipo de dizer sempre o mesmo vídeo. Mas, obviamente, para mim esse vídeo toca diferente. Acho que a experiência aqui é muito subjetiva. Se uma outra pessoa que não tivesse a mesma religião talvez pensasse diferente. Para mim veio uma emoção, sim.",Acho que a experiência aqui é muito subjetiva.,experiência subjetiva,2,True,True,,Acho que a experiência aqui é muito subjetiva.,2,2_mim_diferente_diferença_bocadinho,"['mim', 'diferente', 'diferença', 'bocadinho', 'tipo', 'vídeo', 'pôs', 'emoção', 'logo', 'bocadinho diferença']","['pôs logo e vê-se perfeitamente que entrou na veia logo.', 'Eu acho que a diferença, eu já estava calma, acho que a diferença foi explotar um bocadinho mais de sentimentos mais de alegria, mais bem disposta, digamos.', 'É claro que se sente um bocadinho, mas não é assim uma diferença, no meu caso, significativa.']",mim - diferente - diferença - bocadinho - tipo - vídeo - pôs - emoção - logo - bocadinho diferença,0.2008513332992037,False,Subjective emotional and experiential effects
20,7,7,Q1,Como se sente agora?,8,2,VR Only,"em relação ao sentimento da... Da espiritualidade, assim, porque como foi uma imagem de cachoeira de natureza, especificamente, tem uma conexão com a minha religião. Então, ver aquilo foi um pouco emocionante. Foi tipo assim, ok, é tecnologia, é sempre por isso que eu perguntei se era o mesmo vídeo. Não foi uma coincidência do tipo de dizer sempre o mesmo vídeo. Mas, obviamente, para mim esse vídeo toca diferente. Acho que a experiência aqui é muito subjetiva. Se uma outra pessoa que não tivesse a mesma religião talvez pensasse diferente. Para mim veio uma emoção, sim.",Se uma outra pessoa que não tivesse a mesma religião talvez pensasse diferente.,outra pessoa tivesse mesma religião talvez pensasse diferente,8,True,True,,Se uma outra pessoa que não tivesse a mesma religião talvez pensasse diferente.,2,2_mim_diferente_diferença_bocadinho,"['mim', 'diferente', 'diferença', 'bocadinho', 'tipo', 'vídeo', 'pôs', 'emoção', 'logo', 'bocadinho diferença']","['pôs logo e vê-se perfeitamente que entrou na veia logo.', 'Eu acho que a diferença, eu já estava calma, acho que a diferença foi explotar um bocadinho mais de sentimentos mais de alegria, mais bem disposta, digamos.', 'É claro que se sente um bocadinho, mas não é assim uma diferença, no meu caso, significativa.']",mim - diferente - diferença - bocadinho - tipo - vídeo - pôs - emoção - logo - bocadinho diferença,0.1541051417324537,False,Subjective emotional and experiential effects
21,7,7,Q1,Como se sente agora?,9,2,VR Only,"em relação ao sentimento da... Da espiritualidade, assim, porque como foi uma imagem de cachoeira de natureza, especificamente, tem uma conexão com a minha religião. Então, ver aquilo foi um pouco emocionante. Foi tipo assim, ok, é tecnologia, é sempre por isso que eu perguntei se era o mesmo vídeo. Não foi uma coincidência do tipo de dizer sempre o mesmo vídeo. Mas, obviamente, para mim esse vídeo toca diferente. Acho que a experiência aqui é muito subjetiva. Se uma outra pessoa que não tivesse a mesma religião talvez pensasse diferente. Para mim veio uma emoção, sim.","Para mim veio uma emoção, sim.",mim veio emoção,3,True,True,,"Para mim veio uma emoção, sim.",2,2_mim_diferente_diferença_bocadinho,"['mim', 'diferente', 'diferença', 'bocadinho', 'tipo', 'vídeo', 'pôs', 'emoção', 'logo', 'bocadinho diferença']","['pôs logo e vê-se perfeitamente que entrou na veia logo.', 'Eu acho que a diferença, eu já estava calma, acho que a diferença foi explotar um bocadinho mais de sentimentos mais de alegria, mais bem disposta, digamos.', 'É claro que se sente um bocadinho, mas não é assim uma diferença, no meu caso, significativa.']",mim - diferente - diferença - bocadinho - tipo - vídeo - pôs - emoção - logo - bocadinho diferença,1.0,False,Subjective emotional and experiential effects
22,9,9,Q1,Como se sente agora?,1,3,Control,"Não mudou muito. Na verdade, eu continuo a ter assim sempre um misto da emoção. É sempre uma cirurgia, pronto. Mas, ponto. É uma cirurgia, ponto. No entanto, eu penso sempre que na confiança que eu tenho, por exemplo, no caso do Dr. Carlos Mavioso, que já é terceira cirurgia com ele, e que toda a equipa que envolve todo este processo e toda a equipa que envolve normalmente este tipo de cirurgias, sinto-me mais confiante.",Não mudou muito.,mudou,1,True,True,,Não mudou muito.,8,8_cinco_estrelas_cinco estrelas_mesma,"['cinco', 'estrelas', 'cinco estrelas', 'mesma', 'seja', 'mudou', 'seja falar', 'significativo pensamento', 'sempr', 'similar']","['O acolhimento é cinco estrelas.', 'Não, cinco estrelas.', 'Não, acho que aqui são cinco estrelas.']",cinco - estrelas - cinco estrelas - mesma - seja - mudou - seja falar - significativo pensamento - sempr - similar,0.1350697704256287,False,No perceived change and brief appraisals
23,9,9,Q1,Como se sente agora?,2,3,Control,"Não mudou muito. Na verdade, eu continuo a ter assim sempre um misto da emoção. É sempre uma cirurgia, pronto. Mas, ponto. É uma cirurgia, ponto. No entanto, eu penso sempre que na confiança que eu tenho, por exemplo, no caso do Dr. Carlos Mavioso, que já é terceira cirurgia com ele, e que toda a equipa que envolve todo este processo e toda a equipa que envolve normalmente este tipo de cirurgias, sinto-me mais confiante.","Na verdade, eu continuo a ter assim sempre um misto da emoção.",verdade continuo misto emoção,4,True,True,,"Na verdade, eu continuo a ter assim sempre um misto da emoção.",2,2_mim_diferente_diferença_bocadinho,"['mim', 'diferente', 'diferença', 'bocadinho', 'tipo', 'vídeo', 'pôs', 'emoção', 'logo', 'bocadinho diferença']","['pôs logo e vê-se perfeitamente que entrou na veia logo.', 'Eu acho que a diferença, eu já estava calma, acho que a diferença foi explotar um bocadinho mais de sentimentos mais de alegria, mais bem disposta, digamos.', 'É claro que se sente um bocadinho, mas não é assim uma diferença, no meu caso, significativa.']",mim - diferente - diferença - bocadinho - tipo - vídeo - pôs - emoção - logo - bocadinho diferença,1.0,False,Subjective emotional and experiential effects
24,9,9,Q1,Como se sente agora?,3,3,Control,"Não mudou muito. Na verdade, eu continuo a ter assim sempre um misto da emoção. É sempre uma cirurgia, pronto. Mas, ponto. É uma cirurgia, ponto. No entanto, eu penso sempre que na confiança que eu tenho, por exemplo, no caso do Dr. Carlos Mavioso, que já é terceira cirurgia com ele, e que toda a equipa que envolve todo este processo e toda a equipa que envolve normalmente este tipo de cirurgias, sinto-me mais confiante.","É sempre uma cirurgia, pronto.",cirurgia,1,True,True,,"É sempre uma cirurgia, pronto.",3,3_cirurgia_vai_fazer_pode depressa,"['cirurgia', 'vai', 'fazer', 'pode depressa', 'óculos', 'exame', 'doutor', 'sou', 'depressa', 'sei']","['A minha técnica consta em fazer uma revisão do que tenho para fazer depois da cirurgia e organizar os meus pensamentos, organizar os meus planos, de maneira a que não foque no que realmente me preocupa no imediato que vai acontecer.', 'É mesmo só essa ansiosa, ansiosa, pode mais depressa melhor, pode mais depressa isto, pode mais depressa sai, mas é mesmo, a preocupação é mesmo o cuidado e o pós, o que é que vai vir a seguir, vai correr tudo bem, é certo, mas não deixa de ser uma cirurgia, não deixa de ser...', 'durante o vídeo eu abstraí-me completamente do sítio onde estava estava completamente envolvida no vídeo após tirar os óculos senti-me um bocadinho mais calma mas como entretanto entrou o doutor Pedro o meu pensamento voltou outra vez para a cirurgia mas acho que o facto desse vídeo ser neste momento eu acho que sim que faz muito sentido principalmente para quem está com descansamentos']",cirurgia - vai - fazer - pode depressa - óculos - exame - doutor - sou - depressa - sei,1.0,False,Surgical concerns and coping
25,9,9,Q1,Como se sente agora?,4,3,Control,"Não mudou muito. Na verdade, eu continuo a ter assim sempre um misto da emoção. É sempre uma cirurgia, pronto. Mas, ponto. É uma cirurgia, ponto. No entanto, eu penso sempre que na confiança que eu tenho, por exemplo, no caso do Dr. Carlos Mavioso, que já é terceira cirurgia com ele, e que toda a equipa que envolve todo este processo e toda a equipa que envolve normalmente este tipo de cirurgias, sinto-me mais confiante.","Mas, ponto.",ponto,1,True,True,,"Mas, ponto.",8,8_cinco_estrelas_cinco estrelas_mesma,"['cinco', 'estrelas', 'cinco estrelas', 'mesma', 'seja', 'mudou', 'seja falar', 'significativo pensamento', 'sempr', 'similar']","['O acolhimento é cinco estrelas.', 'Não, cinco estrelas.', 'Não, acho que aqui são cinco estrelas.']",cinco - estrelas - cinco estrelas - mesma - seja - mudou - seja falar - significativo pensamento - sempr - similar,1.0,False,No perceived change and brief appraisals
26,9,9,Q1,Como se sente agora?,5,3,Control,"Não mudou muito. Na verdade, eu continuo a ter assim sempre um misto da emoção. É sempre uma cirurgia, pronto. Mas, ponto. É uma cirurgia, ponto. No entanto, eu penso sempre que na confiança que eu tenho, por exemplo, no caso do Dr. Carlos Mavioso, que já é terceira cirurgia com ele, e que toda a equipa que envolve todo este processo e toda a equipa que envolve normalmente este tipo de cirurgias, sinto-me mais confiante.","É uma cirurgia, ponto.",cirurgia ponto,2,True,True,,"É uma cirurgia, ponto.",3,3_cirurgia_vai_fazer_pode depressa,"['cirurgia', 'vai', 'fazer', 'pode depressa', 'óculos', 'exame', 'doutor', 'sou', 'depressa', 'sei']","['A minha técnica consta em fazer uma revisão do que tenho para fazer depois da cirurgia e organizar os meus pensamentos, organizar os meus planos, de maneira a que não foque no que realmente me preocupa no imediato que vai acontecer.', 'É mesmo só essa ansiosa, ansiosa, pode mais depressa melhor, pode mais depressa isto, pode mais depressa sai, mas é mesmo, a preocupação é mesmo o cuidado e o pós, o que é que vai vir a seguir, vai correr tudo bem, é certo, mas não deixa de ser uma cirurgia, não deixa de ser...', 'durante o vídeo eu abstraí-me completamente do sítio onde estava estava completamente envolvida no vídeo após tirar os óculos senti-me um bocadinho mais calma mas como entretanto entrou o doutor Pedro o meu pensamento voltou outra vez para a cirurgia mas acho que o facto desse vídeo ser neste momento eu acho que sim que faz muito sentido principalmente para quem está com descansamentos']",cirurgia - vai - fazer - pode depressa - óculos - exame - doutor - sou - depressa - sei,1.0,False,Surgical concerns and coping
27,9,9,Q1,Como se sente agora?,6,3,Control,"Não mudou muito. Na verdade, eu continuo a ter assim sempre um misto da emoção. É sempre uma cirurgia, pronto. Mas, ponto. É uma cirurgia, ponto. No entanto, eu penso sempre que na confiança que eu tenho, por exemplo, no caso do Dr. Carlos Mavioso, que já é terceira cirurgia com ele, e que toda a equipa que envolve todo este processo e toda a equipa que envolve normalmente este tipo de cirurgias, sinto-me mais confiante.","No entanto, eu penso sempre que na confiança que eu tenho, por exemplo, no caso do Dr.",entanto penso confiança exemplo caso dr,6,True,True,,"No entanto, eu penso sempre que na confiança que eu tenho, por exemplo, no caso do Dr.",3,3_cirurgia_vai_fazer_pode depressa,"['cirurgia', 'vai', 'fazer', 'pode depressa', 'óculos', 'exame', 'doutor', 'sou', 'depressa', 'sei']","['A minha técnica consta em fazer uma revisão do que tenho para fazer depois da cirurgia e organizar os meus pensamentos, organizar os meus planos, de maneira a que não foque no que realmente me preocupa no imediato que vai acontecer.', 'É mesmo só essa ansiosa, ansiosa, pode mais depressa melhor, pode mais depressa isto, pode mais depressa sai, mas é mesmo, a preocupação é mesmo o cuidado e o pós, o que é que vai vir a seguir, vai correr tudo bem, é certo, mas não deixa de ser uma cirurgia, não deixa de ser...', 'durante o vídeo eu abstraí-me completamente do sítio onde estava estava completamente envolvida no vídeo após tirar os óculos senti-me um bocadinho mais calma mas como entretanto entrou o doutor Pedro o meu pensamento voltou outra vez para a cirurgia mas acho que o facto desse vídeo ser neste momento eu acho que sim que faz muito sentido principalmente para quem está com descansamentos']",cirurgia - vai - fazer - pode depressa - óculos - exame - doutor - sou - depressa - sei,0.2106918869855031,False,Surgical concerns and coping
28,9,9,Q1,Como se sente agora?,7,3,Control,"Não mudou muito. Na verdade, eu continuo a ter assim sempre um misto da emoção. É sempre uma cirurgia, pronto. Mas, ponto. É uma cirurgia, ponto. No entanto, eu penso sempre que na confiança que eu tenho, por exemplo, no caso do Dr. Carlos Mavioso, que já é terceira cirurgia com ele, e que toda a equipa que envolve todo este processo e toda a equipa que envolve normalmente este tipo de cirurgias, sinto-me mais confiante.","Carlos Mavioso, que já é terceira cirurgia com ele, e que toda a equipa que envolve todo este processo e toda a equipa que envolve normalmente este tipo de cirurgias, sinto-me mais confiante.",carlos mavioso terceira cirurgia equipa envolve processo equipa envolve normalmente tipo cirurgias sinto confiante,14,True,True,,"Carlos Mavioso, que já é terceira cirurgia com ele, e que toda a equipa que envolve todo este processo e toda a equipa que envolve normalmente este tipo de cirurgias, sinto-me mais confiante.",3,3_cirurgia_vai_fazer_pode depressa,"['cirurgia', 'vai', 'fazer', 'pode depressa', 'óculos', 'exame', 'doutor', 'sou', 'depressa', 'sei']","['A minha técnica consta em fazer uma revisão do que tenho para fazer depois da cirurgia e organizar os meus pensamentos, organizar os meus planos, de maneira a que não foque no que realmente me preocupa no imediato que vai acontecer.', 'É mesmo só essa ansiosa, ansiosa, pode mais depressa melhor, pode mais depressa isto, pode mais depressa sai, mas é mesmo, a preocupação é mesmo o cuidado e o pós, o que é que vai vir a seguir, vai correr tudo bem, é certo, mas não deixa de ser uma cirurgia, não deixa de ser...', 'durante o vídeo eu abstraí-me completamente do sítio onde estava estava completamente envolvida no vídeo após tirar os óculos senti-me um bocadinho mais calma mas como entretanto entrou o doutor Pedro o meu pensamento voltou outra vez para a cirurgia mas acho que o facto desse vídeo ser neste momento eu acho que sim que faz muito sentido principalmente para quem está com descansamentos']",cirurgia - vai - fazer - pode depressa - óculos - exame - doutor - sou - depressa - sei,1.0,False,Surgical concerns and coping
29,12,12,Q1,Como se sente agora?,1,1,VR Art,"Durante a experiência eu senti muito relaxamento. Depois, acho que voltei um bocadinho à realidade. O Zé falou em doutor Pedro, que estava à minha espera. Eu acho que voltei. Como vocês dizem, é que é eu cai na real. Mas durante o filme deixei mesmo ir. Agora estou a cair mesmo na realidade outra vez, mas pronto.",Durante a experiência eu senti muito relaxamento.,durante experiência senti relaxamento,4,True,True,,Durante a experiência eu senti muito relaxamento.,0,0_tranquila_calma_relaxada_sinto,"['tranquila', 'calma', 'relaxada', 'sinto', 'bocadinho', 'bocadinho calma', 'filme', 'sinto tranquila', 'imagens', 'tranquilidade']","['Um bocadinho mais calma.', 'um bocadinho mais calma.', 'Sim, sinto-me mais tranquila.']",tranquila - calma - relaxada - sinto - bocadinho - bocadinho calma - filme - sinto tranquila - imagens - tranquilidade,1.0,False,Calm and relaxation
30,12,12,Q1,Como se sente agora?,2,1,VR Art,"Durante a experiência eu senti muito relaxamento. Depois, acho que voltei um bocadinho à realidade. O Zé falou em doutor Pedro, que estava à minha espera. Eu acho que voltei. Como vocês dizem, é que é eu cai na real. Mas durante o filme deixei mesmo ir. Agora estou a cair mesmo na realidade outra vez, mas pronto.","Depois, acho que voltei um bocadinho à realidade.",voltei bocadinho realidade,3,True,True,,"Depois, acho que voltei um bocadinho à realidade.",6,6_tempo_espera_tempo espera_agora,"['tempo', 'espera', 'tempo espera', 'agora', 'minutos', 'vez', 'eventualmente', 'voltei', 'rápido', 'realidade']","['E depois passei o tempo todo à espera.', 'eventualmente sim este tempo de espera seria muito mais para mim sofreria mais porque estaria mais entregue a mim própria eventualmente e E a pensar não nos problemas e não em outras coisas, que foi o que aconteceu aqui.', 'O tempo de espera.']",tempo - espera - tempo espera - agora - minutos - vez - eventualmente - voltei - rápido - realidade,0.1350231674017807,False,Waiting experience
31,12,12,Q1,Como se sente agora?,3,1,VR Art,"Durante a experiência eu senti muito relaxamento. Depois, acho que voltei um bocadinho à realidade. O Zé falou em doutor Pedro, que estava à minha espera. Eu acho que voltei. Como vocês dizem, é que é eu cai na real. Mas durante o filme deixei mesmo ir. Agora estou a cair mesmo na realidade outra vez, mas pronto.","O Zé falou em doutor Pedro, que estava à minha espera.",zé falou doutor pedro espera,5,True,True,,"O Zé falou em doutor Pedro, que estava à minha espera.",3,3_cirurgia_vai_fazer_pode depressa,"['cirurgia', 'vai', 'fazer', 'pode depressa', 'óculos', 'exame', 'doutor', 'sou', 'depressa', 'sei']","['A minha técnica consta em fazer uma revisão do que tenho para fazer depois da cirurgia e organizar os meus pensamentos, organizar os meus planos, de maneira a que não foque no que realmente me preocupa no imediato que vai acontecer.', 'É mesmo só essa ansiosa, ansiosa, pode mais depressa melhor, pode mais depressa isto, pode mais depressa sai, mas é mesmo, a preocupação é mesmo o cuidado e o pós, o que é que vai vir a seguir, vai correr tudo bem, é certo, mas não deixa de ser uma cirurgia, não deixa de ser...', 'durante o vídeo eu abstraí-me completamente do sítio onde estava estava completamente envolvida no vídeo após tirar os óculos senti-me um bocadinho mais calma mas como entretanto entrou o doutor Pedro o meu pensamento voltou outra vez para a cirurgia mas acho que o facto desse vídeo ser neste momento eu acho que sim que faz muito sentido principalmente para quem está com descansamentos']",cirurgia - vai - fazer - pode depressa - óculos - exame - doutor - sou - depressa - sei,0.2222878062001415,False,Surgical concerns and coping
32,12,12,Q1,Como se sente agora?,4,1,VR Art,"Durante a experiência eu senti muito relaxamento. Depois, acho que voltei um bocadinho à realidade. O Zé falou em doutor Pedro, que estava à minha espera. Eu acho que voltei. Como vocês dizem, é que é eu cai na real. Mas durante o filme deixei mesmo ir. Agora estou a cair mesmo na realidade outra vez, mas pronto.",Eu acho que voltei.,voltei,1,True,True,,Eu acho que voltei.,6,6_tempo_espera_tempo espera_agora,"['tempo', 'espera', 'tempo espera', 'agora', 'minutos', 'vez', 'eventualmente', 'voltei', 'rápido', 'realidade']","['E depois passei o tempo todo à espera.', 'eventualmente sim este tempo de espera seria muito mais para mim sofreria mais porque estaria mais entregue a mim própria eventualmente e E a pensar não nos problemas e não em outras coisas, que foi o que aconteceu aqui.', 'O tempo de espera.']",tempo - espera - tempo espera - agora - minutos - vez - eventualmente - voltei - rápido - realidade,0.1473407939356895,False,Waiting experience
33,12,12,Q1,Como se sente agora?,5,1,VR Art,"Durante a experiência eu senti muito relaxamento. Depois, acho que voltei um bocadinho à realidade. O Zé falou em doutor Pedro, que estava à minha espera. Eu acho que voltei. Como vocês dizem, é que é eu cai na real. Mas durante o filme deixei mesmo ir. Agora estou a cair mesmo na realidade outra vez, mas pronto.","Como vocês dizem, é que é eu cai na real.",dizem cai real,3,True,True,,"Como vocês dizem, é que é eu cai na real.",6,6_tempo_espera_tempo espera_agora,"['tempo', 'espera', 'tempo espera', 'agora', 'minutos', 'vez', 'eventualmente', 'voltei', 'rápido', 'realidade']","['E depois passei o tempo todo à espera.', 'eventualmente sim este tempo de espera seria muito mais para mim sofreria mais porque estaria mais entregue a mim própria eventualmente e E a pensar não nos problemas e não em outras coisas, que foi o que aconteceu aqui.', 'O tempo de espera.']",tempo - espera - tempo espera - agora - minutos - vez - eventualmente - voltei - rápido - realidade,0.1556675616478499,False,Waiting experience
34,12,12,Q1,Como se sente agora?,6,1,VR Art,"Durante a experiência eu senti muito relaxamento. Depois, acho que voltei um bocadinho à realidade. O Zé falou em doutor Pedro, que estava à minha espera. Eu acho que voltei. Como vocês dizem, é que é eu cai na real. Mas durante o filme deixei mesmo ir. Agora estou a cair mesmo na realidade outra vez, mas pronto.",Mas durante o filme deixei mesmo ir.,durante filme deixei ir,4,True,True,,Mas durante o filme deixei mesmo ir.,0,0_tranquila_calma_relaxada_sinto,"['tranquila', 'calma', 'relaxada', 'sinto', 'bocadinho', 'bocadinho calma', 'filme', 'sinto tranquila', 'imagens', 'tranquilidade']","['Um bocadinho mais calma.', 'um bocadinho mais calma.', 'Sim, sinto-me mais tranquila.']",tranquila - calma - relaxada - sinto - bocadinho - bocadinho calma - filme - sinto tranquila - imagens - tranquilidade,1.0,False,Calm and relaxation
35,12,12,Q1,Como se sente agora?,7,1,VR Art,"Durante a experiência eu senti muito relaxamento. Depois, acho que voltei um bocadinho à realidade. O Zé falou em doutor Pedro, que estava à minha espera. Eu acho que voltei. Como vocês dizem, é que é eu cai na real. Mas durante o filme deixei mesmo ir. Agora estou a cair mesmo na realidade outra vez, mas pronto.","Agora estou a cair mesmo na realidade outra vez, mas pronto.",agora cair realidade outra vez,5,True,True,,"Agora estou a cair mesmo na realidade outra vez, mas pronto.",6,6_tempo_espera_tempo espera_agora,"['tempo', 'espera', 'tempo espera', 'agora', 'minutos', 'vez', 'eventualmente', 'voltei', 'rápido', 'realidade']","['E depois passei o tempo todo à espera.', 'eventualmente sim este tempo de espera seria muito mais para mim sofreria mais porque estaria mais entregue a mim própria eventualmente e E a pensar não nos problemas e não em outras coisas, que foi o que aconteceu aqui.', 'O tempo de espera.']",tempo - espera - tempo espera - agora - minutos - vez - eventualmente - voltei - rápido - realidade,0.1467418417173638,False,Waiting experience
36,13,13,Q1,Como se sente agora?,1,3,Control,"Sim, sinto-me mais relaxada ainda, mais tranquila, porque também tenho o corpo relaxado e descansado e sinto-me muito bem.","Sim, sinto-me mais relaxada ainda, mais tranquila, porque também tenho o corpo relaxado e descansado e sinto-me muito bem.",sinto relaxada ainda tranquila corpo relaxado descansado sinto,8,True,True,,"Sim, sinto-me mais relaxada ainda, mais tranquila, porque também tenho o corpo relaxado e descansado e sinto-me muito bem.",0,0_tranquila_calma_relaxada_sinto,"['tranquila', 'calma', 'relaxada', 'sinto', 'bocadinho', 'bocadinho calma', 'filme', 'sinto tranquila', 'imagens', 'tranquilidade']","['Um bocadinho mais calma.', 'um bocadinho mais calma.', 'Sim, sinto-me mais tranquila.']",tranquila - calma - relaxada - sinto - bocadinho - bocadinho calma - filme - sinto tranquila - imagens - tranquilidade,0.4724696728930687,False,Calm and relaxation
37,14,14,Q1,Como se sente agora?,1,1,VR Art,"Eu acho que talvez me prestaria mais um bocadinho, talvez mais relaxada. Estava a observar, estava descontraída","Eu acho que talvez me prestaria mais um bocadinho, talvez mais relaxada.",talvez prestaria bocadinho talvez relaxada,5,True,True,,"Eu acho que talvez me prestaria mais um bocadinho, talvez mais relaxada.",0,0_tranquila_calma_relaxada_sinto,"['tranquila', 'calma', 'relaxada', 'sinto', 'bocadinho', 'bocadinho calma', 'filme', 'sinto tranquila', 'imagens', 'tranquilidade']","['Um bocadinho mais calma.', 'um bocadinho mais calma.', 'Sim, sinto-me mais tranquila.']",tranquila - calma - relaxada - sinto - bocadinho - bocadinho calma - filme - sinto tranquila - imagens - tranquilidade,1.0,False,Calm and relaxation
38,14,14,Q1,Como se sente agora?,2,1,VR Art,"Eu acho que talvez me prestaria mais um bocadinho, talvez mais relaxada. Estava a observar, estava descontraída","Estava a observar, estava descontraída",observar descontraída,2,True,True,,"Estava a observar, estava descontraída",0,0_tranquila_calma_relaxada_sinto,"['tranquila', 'calma', 'relaxada', 'sinto', 'bocadinho', 'bocadinho calma', 'filme', 'sinto tranquila', 'imagens', 'tranquilidade']","['Um bocadinho mais calma.', 'um bocadinho mais calma.', 'Sim, sinto-me mais tranquila.']",tranquila - calma - relaxada - sinto - bocadinho - bocadinho calma - filme - sinto tranquila - imagens - tranquilidade,0.6177242871057798,False,Calm and relaxation
39,15,15,Q1,Como se sente agora?,1,2,VR Only,"Eu estou bem, fiquei bem.","Eu estou bem, fiquei bem.",fiquei,1,True,True,,"Eu estou bem, fiquei bem.",10,10_sinto_sinto sinto_estável sinto_desde cheguei,"['sinto', 'sinto sinto', 'estável sinto', 'desde cheguei', 'sentindo sinto', 'quentinha cuidada', 'quentinha', 'fiquei sinto', 'sinto disposta', 'estável']","['Sinto bem.', 'Sinto-me bem.', 'Sinto-me bem, sinto-me estável.']",sinto - sinto sinto - estável sinto - desde cheguei - sentindo sinto - quentinha cuidada - quentinha - fiquei sinto - sinto disposta - estável,1.0,False,Feeling well and stable
40,17,17,Q1,Como se sente agora?,1,1,VR Art,"A sensação de nós estarmos a viajar com o vídeo, então há momentos bem bonitos, quando vamos atrás do pássaro parece que estamos mesmo lá, então isso cria um sentimento muito agradável, esquecendo-nos que estamos aqui.","A sensação de nós estarmos a viajar com o vídeo, então há momentos bem bonitos, quando vamos atrás do pássaro parece que estamos mesmo lá, então isso cria um sentimento muito agradável, esquecendo-nos que estamos aqui.",sensação estarmos viajar vídeo momentos bonitos vamos atrás pássaro parece estamos lá cria sentimento agradável esquecendo estamos,17,True,True,,"A sensação de nós estarmos a viajar com o vídeo, então há momentos bem bonitos, quando vamos atrás do pássaro parece que estamos mesmo lá, então isso cria um sentimento muito agradável, esquecendo-nos que estamos aqui.",0,0_tranquila_calma_relaxada_sinto,"['tranquila', 'calma', 'relaxada', 'sinto', 'bocadinho', 'bocadinho calma', 'filme', 'sinto tranquila', 'imagens', 'tranquilidade']","['Um bocadinho mais calma.', 'um bocadinho mais calma.', 'Sim, sinto-me mais tranquila.']",tranquila - calma - relaxada - sinto - bocadinho - bocadinho calma - filme - sinto tranquila - imagens - tranquilidade,1.0,False,Calm and relaxation
41,18,18,Q1,Como se sente agora?,1,2,VR Only,"Foi agradável, bastante, e bastante relaxante. Estou completamente relaxada, como estava a dizer. O acolhimento é cinco estrelas.","Foi agradável, bastante, e bastante relaxante.",agradável bastante bastante relaxante,4,True,True,,"Foi agradável, bastante, e bastante relaxante.",0,0_tranquila_calma_relaxada_sinto,"['tranquila', 'calma', 'relaxada', 'sinto', 'bocadinho', 'bocadinho calma', 'filme', 'sinto tranquila', 'imagens', 'tranquilidade']","['Um bocadinho mais calma.', 'um bocadinho mais calma.', 'Sim, sinto-me mais tranquila.']",tranquila - calma - relaxada - sinto - bocadinho - bocadinho calma - filme - sinto tranquila - imagens - tranquilidade,0.5877614357369992,False,Calm and relaxation
42,18,18,Q1,Como se sente agora?,2,2,VR Only,"Foi agradável, bastante, e bastante relaxante. Estou completamente relaxada, como estava a dizer. O acolhimento é cinco estrelas.","Estou completamente relaxada, como estava a dizer.",completamente relaxada,2,True,True,,"Estou completamente relaxada, como estava a dizer.",0,0_tranquila_calma_relaxada_sinto,"['tranquila', 'calma', 'relaxada', 'sinto', 'bocadinho', 'bocadinho calma', 'filme', 'sinto tranquila', 'imagens', 'tranquilidade']","['Um bocadinho mais calma.', 'um bocadinho mais calma.', 'Sim, sinto-me mais tranquila.']",tranquila - calma - relaxada - sinto - bocadinho - bocadinho calma - filme - sinto tranquila - imagens - tranquilidade,1.0,False,Calm and relaxation
43,18,18,Q1,Como se sente agora?,3,2,VR Only,"Foi agradável, bastante, e bastante relaxante. Estou completamente relaxada, como estava a dizer. O acolhimento é cinco estrelas.",O acolhimento é cinco estrelas.,acolhimento cinco estrelas,3,True,True,,O acolhimento é cinco estrelas.,8,8_cinco_estrelas_cinco estrelas_mesma,"['cinco', 'estrelas', 'cinco estrelas', 'mesma', 'seja', 'mudou', 'seja falar', 'significativo pensamento', 'sempr', 'similar']","['O acolhimento é cinco estrelas.', 'Não, cinco estrelas.', 'Não, acho que aqui são cinco estrelas.']",cinco - estrelas - cinco estrelas - mesma - seja - mudou - seja falar - significativo pensamento - sempr - similar,0.1222738869357778,True,No perceived change and brief appraisals
44,19,19,Q1,Como se sente agora?,1,2,VR Only,"Não no estado de espírito, mas no nível de relaxamento. Sinto-me mais relaxada. Mesmo no início, sentindo que achava que me ia enervar por causa dos pássaros. Mas a verdade é que tentei-me focar no verde e naquilo que são os elementos da natureza. E depois lembrei-me da viagem. Eu acho que se ficasse mais tempo ia acabar por relaxar ainda mais.","Não no estado de espírito, mas no nível de relaxamento.",estado espírito nível relaxamento,4,True,True,,"Não no estado de espírito, mas no nível de relaxamento.",0,0_tranquila_calma_relaxada_sinto,"['tranquila', 'calma', 'relaxada', 'sinto', 'bocadinho', 'bocadinho calma', 'filme', 'sinto tranquila', 'imagens', 'tranquilidade']","['Um bocadinho mais calma.', 'um bocadinho mais calma.', 'Sim, sinto-me mais tranquila.']",tranquila - calma - relaxada - sinto - bocadinho - bocadinho calma - filme - sinto tranquila - imagens - tranquilidade,1.0,False,Calm and relaxation
45,19,19,Q1,Como se sente agora?,2,2,VR Only,"Não no estado de espírito, mas no nível de relaxamento. Sinto-me mais relaxada. Mesmo no início, sentindo que achava que me ia enervar por causa dos pássaros. Mas a verdade é que tentei-me focar no verde e naquilo que são os elementos da natureza. E depois lembrei-me da viagem. Eu acho que se ficasse mais tempo ia acabar por relaxar ainda mais.",Sinto-me mais relaxada.,sinto relaxada,2,True,True,,Sinto-me mais relaxada.,0,0_tranquila_calma_relaxada_sinto,"['tranquila', 'calma', 'relaxada', 'sinto', 'bocadinho', 'bocadinho calma', 'filme', 'sinto tranquila', 'imagens', 'tranquilidade']","['Um bocadinho mais calma.', 'um bocadinho mais calma.', 'Sim, sinto-me mais tranquila.']",tranquila - calma - relaxada - sinto - bocadinho - bocadinho calma - filme - sinto tranquila - imagens - tranquilidade,1.0,False,Calm and relaxation
46,19,19,Q1,Como se sente agora?,3,2,VR Only,"Não no estado de espírito, mas no nível de relaxamento. Sinto-me mais relaxada. Mesmo no início, sentindo que achava que me ia enervar por causa dos pássaros. Mas a verdade é que tentei-me focar no verde e naquilo que são os elementos da natureza. E depois lembrei-me da viagem. Eu acho que se ficasse mais tempo ia acabar por relaxar ainda mais.","Mesmo no início, sentindo que achava que me ia enervar por causa dos pássaros.",início sentindo achava ia enervar causa pássaros,7,True,True,,"Mesmo no início, sentindo que achava que me ia enervar por causa dos pássaros.",5,5_água_natureza_ar_mar,"['água', 'natureza', 'ar', 'mar', 'barulho', 'gostei', 'barulho água', 'verde', 'falta', 'certa']","['Essa parte, por exemplo, das flores e das árvores, não gostei, porque senti uma certa falta de ar.', 'igual apesar de que tenho uma experiência nova era de toda a improvável que fosse neste sítio é divertido por isso e acho que pode ajudar algumas pessoas que sem os meus medos de precipícios e de cobras conseguirem entrar nesse mundo e distrair-se um bocadinho é mais complicado encontrar uma cobra em um precipício são duas coisas que se calhar os meus valores já aumentaram mas de resto gostei', 'fazer exercícios que eu já costumo fazer que é respiração profunda respirar, reter e depois deitar fora o ar pensando sempre que estou num riacho que estou a nadar numa água muito quente e que estou numa experiência eu associo sempre as experiências aquáticas a coisas boas mas o verbo também é importante então eu situo-me num riacho com águas moras em que estou tranquilamente a nadar.']",água - natureza - ar - mar - barulho - gostei - barulho água - verde - falta - certa,1.0,False,Nature imagery and sensory responses
47,19,19,Q1,Como se sente agora?,4,2,VR Only,"Não no estado de espírito, mas no nível de relaxamento. Sinto-me mais relaxada. Mesmo no início, sentindo que achava que me ia enervar por causa dos pássaros. Mas a verdade é que tentei-me focar no verde e naquilo que são os elementos da natureza. E depois lembrei-me da viagem. Eu acho que se ficasse mais tempo ia acabar por relaxar ainda mais.",Mas a verdade é que tentei-me focar no verde e naquilo que são os elementos da natureza.,verdade tentei focar verde naquilo elementos natureza,7,True,True,,Mas a verdade é que tentei-me focar no verde e naquilo que são os elementos da natureza.,5,5_água_natureza_ar_mar,"['água', 'natureza', 'ar', 'mar', 'barulho', 'gostei', 'barulho água', 'verde', 'falta', 'certa']","['Essa parte, por exemplo, das flores e das árvores, não gostei, porque senti uma certa falta de ar.', 'igual apesar de que tenho uma experiência nova era de toda a improvável que fosse neste sítio é divertido por isso e acho que pode ajudar algumas pessoas que sem os meus medos de precipícios e de cobras conseguirem entrar nesse mundo e distrair-se um bocadinho é mais complicado encontrar uma cobra em um precipício são duas coisas que se calhar os meus valores já aumentaram mas de resto gostei', 'fazer exercícios que eu já costumo fazer que é respiração profunda respirar, reter e depois deitar fora o ar pensando sempre que estou num riacho que estou a nadar numa água muito quente e que estou numa experiência eu associo sempre as experiências aquáticas a coisas boas mas o verbo também é importante então eu situo-me num riacho com águas moras em que estou tranquilamente a nadar.']",água - natureza - ar - mar - barulho - gostei - barulho água - verde - falta - certa,1.0,False,Nature imagery and sensory responses
48,19,19,Q1,Como se sente agora?,5,2,VR Only,"Não no estado de espírito, mas no nível de relaxamento. Sinto-me mais relaxada. Mesmo no início, sentindo que achava que me ia enervar por causa dos pássaros. Mas a verdade é que tentei-me focar no verde e naquilo que são os elementos da natureza. E depois lembrei-me da viagem. Eu acho que se ficasse mais tempo ia acabar por relaxar ainda mais.",E depois lembrei-me da viagem.,lembrei viagem,2,True,True,,E depois lembrei-me da viagem.,2,2_mim_diferente_diferença_bocadinho,"['mim', 'diferente', 'diferença', 'bocadinho', 'tipo', 'vídeo', 'pôs', 'emoção', 'logo', 'bocadinho diferença']","['pôs logo e vê-se perfeitamente que entrou na veia logo.', 'Eu acho que a diferença, eu já estava calma, acho que a diferença foi explotar um bocadinho mais de sentimentos mais de alegria, mais bem disposta, digamos.', 'É claro que se sente um bocadinho, mas não é assim uma diferença, no meu caso, significativa.']",mim - diferente - diferença - bocadinho - tipo - vídeo - pôs - emoção - logo - bocadinho diferença,0.2674835342322188,False,Subjective emotional and experiential effects
49,19,19,Q1,Como se sente agora?,6,2,VR Only,"Não no estado de espírito, mas no nível de relaxamento. Sinto-me mais relaxada. Mesmo no início, sentindo que achava que me ia enervar por causa dos pássaros. Mas a verdade é que tentei-me focar no verde e naquilo que são os elementos da natureza. E depois lembrei-me da viagem. Eu acho que se ficasse mais tempo ia acabar por relaxar ainda mais.",Eu acho que se ficasse mais tempo ia acabar por relaxar ainda mais.,ficasse tempo ia acabar relaxar ainda,6,True,True,,Eu acho que se ficasse mais tempo ia acabar por relaxar ainda mais.,0,0_tranquila_calma_relaxada_sinto,"['tranquila', 'calma', 'relaxada', 'sinto', 'bocadinho', 'bocadinho calma', 'filme', 'sinto tranquila', 'imagens', 'tranquilidade']","['Um bocadinho mais calma.', 'um bocadinho mais calma.', 'Sim, sinto-me mais tranquila.']",tranquila - calma - relaxada - sinto - bocadinho - bocadinho calma - filme - sinto tranquila - imagens - tranquilidade,1.0,False,Calm and relaxation
50,20,20,Q1,Como se sente agora?,1,3,Control,"Eu penso que me sinto um pouco mais tranquila, relaxada, porque, bem, na preparação, você fica mais tranquila e com fome.","Eu penso que me sinto um pouco mais tranquila, relaxada, porque, bem, na preparação, você fica mais tranquila e com fome.",penso sinto pouco tranquila relaxada preparação fica tranquila fome,9,True,True,,"Eu penso que me sinto um pouco mais tranquila, relaxada, porque, bem, na preparação, você fica mais tranquila e com fome.",0,0_tranquila_calma_relaxada_sinto,"['tranquila', 'calma', 'relaxada', 'sinto', 'bocadinho', 'bocadinho calma', 'filme', 'sinto tranquila', 'imagens', 'tranquilidade']","['Um bocadinho mais calma.', 'um bocadinho mais calma.', 'Sim, sinto-me mais tranquila.']",tranquila - calma - relaxada - sinto - bocadinho - bocadinho calma - filme - sinto tranquila - imagens - tranquilidade,0.4496764110789414,False,Calm and relaxation
51,21,21,Q1,Como se sente agora?,1,1,VR Art,durante o vídeo eu abstraí-me completamente do sítio onde estava estava completamente envolvida no vídeo após tirar os óculos senti-me um bocadinho mais calma mas como entretanto entrou o doutor Pedro o meu pensamento voltou outra vez para a cirurgia mas acho que o facto desse vídeo ser neste momento eu acho que sim que faz muito sentido principalmente para quem está com descansamentos,durante o vídeo eu abstraí-me completamente do sítio onde estava estava completamente envolvida no vídeo após tirar os óculos senti-me um bocadinho mais calma mas como entretanto entrou o doutor Pedro o meu pensamento voltou outra vez para a cirurgia mas acho que o facto desse vídeo ser neste momento eu acho que sim que faz muito sentido principalmente para quem está com descansamentos,durante vídeo abstraí completamente sítio onde completamente envolvida vídeo após tirar óculos senti bocadinho calma entretanto entrou doutor pedro pensamento voltou outra vez cirurgia facto desse vídeo neste momento faz sentido principalmente descansamentos,33,True,True,,durante o vídeo eu abstraí-me completamente do sítio onde estava estava completamente envolvida no vídeo após tirar os óculos senti-me um bocadinho mais calma mas como entretanto entrou o doutor Pedro o meu pensamento voltou outra vez para a cirurgia mas acho que o facto desse vídeo ser neste momento eu acho que sim que faz muito sentido principalmente para quem está com descansamentos,3,3_cirurgia_vai_fazer_pode depressa,"['cirurgia', 'vai', 'fazer', 'pode depressa', 'óculos', 'exame', 'doutor', 'sou', 'depressa', 'sei']","['A minha técnica consta em fazer uma revisão do que tenho para fazer depois da cirurgia e organizar os meus pensamentos, organizar os meus planos, de maneira a que não foque no que realmente me preocupa no imediato que vai acontecer.', 'É mesmo só essa ansiosa, ansiosa, pode mais depressa melhor, pode mais depressa isto, pode mais depressa sai, mas é mesmo, a preocupação é mesmo o cuidado e o pós, o que é que vai vir a seguir, vai correr tudo bem, é certo, mas não deixa de ser uma cirurgia, não deixa de ser...', 'durante o vídeo eu abstraí-me completamente do sítio onde estava estava completamente envolvida no vídeo após tirar os óculos senti-me um bocadinho mais calma mas como entretanto entrou o doutor Pedro o meu pensamento voltou outra vez para a cirurgia mas acho que o facto desse vídeo ser neste momento eu acho que sim que faz muito sentido principalmente para quem está com descansamentos']",cirurgia - vai - fazer - pode depressa - óculos - exame - doutor - sou - depressa - sei,0.3922775631605424,True,Surgical concerns and coping
52,22,22,Q1,Como se sente agora?,1,3,Control,"Eu acho que estava um bocadinho mais relaxada até vocês saírem daqui. Acho que estava um bocadinho mais. Mas agora já fica, já... Nem que não seja a falar comigo, mas já é. Na família, não é? Próxima, nos amigos. E que isto passe depressa. E que corra tudo bem, que fique bem. E que o tempo, agora, morte por me acordarem na sala no recobro. O tempo me custou muito a passar. Custou mais, até pensava que se tinha esquecido de mim, estou a brincar. Falou em 12 minutos, não foi? E foi 12 minutos. Ah, apareceu assim, tipo, mais, um bocadinho.",Eu acho que estava um bocadinho mais relaxada até vocês saírem daqui.,bocadinho relaxada saírem daqui,4,True,True,,Eu acho que estava um bocadinho mais relaxada até vocês saírem daqui.,0,0_tranquila_calma_relaxada_sinto,"['tranquila', 'calma', 'relaxada', 'sinto', 'bocadinho', 'bocadinho calma', 'filme', 'sinto tranquila', 'imagens', 'tranquilidade']","['Um bocadinho mais calma.', 'um bocadinho mais calma.', 'Sim, sinto-me mais tranquila.']",tranquila - calma - relaxada - sinto - bocadinho - bocadinho calma - filme - sinto tranquila - imagens - tranquilidade,1.0,False,Calm and relaxation
53,22,22,Q1,Como se sente agora?,2,3,Control,"Eu acho que estava um bocadinho mais relaxada até vocês saírem daqui. Acho que estava um bocadinho mais. Mas agora já fica, já... Nem que não seja a falar comigo, mas já é. Na família, não é? Próxima, nos amigos. E que isto passe depressa. E que corra tudo bem, que fique bem. E que o tempo, agora, morte por me acordarem na sala no recobro. O tempo me custou muito a passar. Custou mais, até pensava que se tinha esquecido de mim, estou a brincar. Falou em 12 minutos, não foi? E foi 12 minutos. Ah, apareceu assim, tipo, mais, um bocadinho.",Acho que estava um bocadinho mais.,bocadinho,1,True,True,,Acho que estava um bocadinho mais.,2,2_mim_diferente_diferença_bocadinho,"['mim', 'diferente', 'diferença', 'bocadinho', 'tipo', 'vídeo', 'pôs', 'emoção', 'logo', 'bocadinho diferença']","['pôs logo e vê-se perfeitamente que entrou na veia logo.', 'Eu acho que a diferença, eu já estava calma, acho que a diferença foi explotar um bocadinho mais de sentimentos mais de alegria, mais bem disposta, digamos.', 'É claro que se sente um bocadinho, mas não é assim uma diferença, no meu caso, significativa.']",mim - diferente - diferença - bocadinho - tipo - vídeo - pôs - emoção - logo - bocadinho diferença,0.141676828653995,False,Subjective emotional and experiential effects
54,22,22,Q1,Como se sente agora?,3,3,Control,"Eu acho que estava um bocadinho mais relaxada até vocês saírem daqui. Acho que estava um bocadinho mais. Mas agora já fica, já... Nem que não seja a falar comigo, mas já é. Na família, não é? Próxima, nos amigos. E que isto passe depressa. E que corra tudo bem, que fique bem. E que o tempo, agora, morte por me acordarem na sala no recobro. O tempo me custou muito a passar. Custou mais, até pensava que se tinha esquecido de mim, estou a brincar. Falou em 12 minutos, não foi? E foi 12 minutos. Ah, apareceu assim, tipo, mais, um bocadinho.","Mas agora já fica, já...",agora fica,2,True,True,,"Mas agora já fica, já...",6,6_tempo_espera_tempo espera_agora,"['tempo', 'espera', 'tempo espera', 'agora', 'minutos', 'vez', 'eventualmente', 'voltei', 'rápido', 'realidade']","['E depois passei o tempo todo à espera.', 'eventualmente sim este tempo de espera seria muito mais para mim sofreria mais porque estaria mais entregue a mim própria eventualmente e E a pensar não nos problemas e não em outras coisas, que foi o que aconteceu aqui.', 'O tempo de espera.']",tempo - espera - tempo espera - agora - minutos - vez - eventualmente - voltei - rápido - realidade,0.1670643939334943,False,Waiting experience
55,22,22,Q1,Como se sente agora?,4,3,Control,"Eu acho que estava um bocadinho mais relaxada até vocês saírem daqui. Acho que estava um bocadinho mais. Mas agora já fica, já... Nem que não seja a falar comigo, mas já é. Na família, não é? Próxima, nos amigos. E que isto passe depressa. E que corra tudo bem, que fique bem. E que o tempo, agora, morte por me acordarem na sala no recobro. O tempo me custou muito a passar. Custou mais, até pensava que se tinha esquecido de mim, estou a brincar. Falou em 12 minutos, não foi? E foi 12 minutos. Ah, apareceu assim, tipo, mais, um bocadinho.","Nem que não seja a falar comigo, mas já é.",seja falar comigo,3,True,True,,"Nem que não seja a falar comigo, mas já é.",8,8_cinco_estrelas_cinco estrelas_mesma,"['cinco', 'estrelas', 'cinco estrelas', 'mesma', 'seja', 'mudou', 'seja falar', 'significativo pensamento', 'sempr', 'similar']","['O acolhimento é cinco estrelas.', 'Não, cinco estrelas.', 'Não, acho que aqui são cinco estrelas.']",cinco - estrelas - cinco estrelas - mesma - seja - mudou - seja falar - significativo pensamento - sempr - similar,1.0,False,No perceived change and brief appraisals
56,22,22,Q1,Como se sente agora?,5,3,Control,"Eu acho que estava um bocadinho mais relaxada até vocês saírem daqui. Acho que estava um bocadinho mais. Mas agora já fica, já... Nem que não seja a falar comigo, mas já é. Na família, não é? Próxima, nos amigos. E que isto passe depressa. E que corra tudo bem, que fique bem. E que o tempo, agora, morte por me acordarem na sala no recobro. O tempo me custou muito a passar. Custou mais, até pensava que se tinha esquecido de mim, estou a brincar. Falou em 12 minutos, não foi? E foi 12 minutos. Ah, apareceu assim, tipo, mais, um bocadinho.","Na família, não é?",família,1,True,True,,"Na família, não é?",-1,-1_será_será alguém_alguém_família,"['será', 'será alguém', 'alguém', 'família', 'valia', 'saber será', 'saber', 'olhar será', 'olha acolhimento', 'olha']","['Olha, o acolhimento é excelente, mas esta experiência, no meu entender, é uma mais-valia.', 'Não é de saber, pronto, será que alguém está a olhar?', 'Será que alguém está a ver?']",será - será alguém - alguém - família - valia - saber será - saber - olhar será - olha acolhimento - olha,0.6443509818911658,False,Unassigned or mixed content
57,22,22,Q1,Como se sente agora?,6,3,Control,"Eu acho que estava um bocadinho mais relaxada até vocês saírem daqui. Acho que estava um bocadinho mais. Mas agora já fica, já... Nem que não seja a falar comigo, mas já é. Na família, não é? Próxima, nos amigos. E que isto passe depressa. E que corra tudo bem, que fique bem. E que o tempo, agora, morte por me acordarem na sala no recobro. O tempo me custou muito a passar. Custou mais, até pensava que se tinha esquecido de mim, estou a brincar. Falou em 12 minutos, não foi? E foi 12 minutos. Ah, apareceu assim, tipo, mais, um bocadinho.","Próxima, nos amigos.",próxima amigos,2,True,True,,"Próxima, nos amigos.",1,1_pessoas_cuidado_doentes_todas,"['pessoas', 'cuidado', 'doentes', 'todas', 'simpático', 'tratada', 'preocupação', 'às', 'mundo simpático', 'outra enfermeira']","['Portanto, esta forma atenciosa com que pedem autorização para colocar os procedimentos, ou avisar que vai ser desagradável, ou pedir desculpa, tudo isso é muito humanizante.', 'Às vezes parece que das experiências que eu tive, não só da minha parte, mas do acompanhamento que fiz a outros doentes, nomeadamente os meus pais, Às vezes nós não sabermos se as pessoas estão a ser, no mínimo, profissionais, deixam-nos muito mais incertos.', 'O cuidado no detalhe, a preocupação com que sempre nos tratam, o rigor no trato das pessoas é muito importante e faz-nos sentir muito bem.']",pessoas - cuidado - doentes - todas - simpático - tratada - preocupação - às - mundo simpático - outra enfermeira,0.1922824688887503,False,Compassionate and professional care
58,22,22,Q1,Como se sente agora?,7,3,Control,"Eu acho que estava um bocadinho mais relaxada até vocês saírem daqui. Acho que estava um bocadinho mais. Mas agora já fica, já... Nem que não seja a falar comigo, mas já é. Na família, não é? Próxima, nos amigos. E que isto passe depressa. E que corra tudo bem, que fique bem. E que o tempo, agora, morte por me acordarem na sala no recobro. O tempo me custou muito a passar. Custou mais, até pensava que se tinha esquecido de mim, estou a brincar. Falou em 12 minutos, não foi? E foi 12 minutos. Ah, apareceu assim, tipo, mais, um bocadinho.",E que isto passe depressa.,passe depressa,2,True,True,,E que isto passe depressa.,6,6_tempo_espera_tempo espera_agora,"['tempo', 'espera', 'tempo espera', 'agora', 'minutos', 'vez', 'eventualmente', 'voltei', 'rápido', 'realidade']","['E depois passei o tempo todo à espera.', 'eventualmente sim este tempo de espera seria muito mais para mim sofreria mais porque estaria mais entregue a mim própria eventualmente e E a pensar não nos problemas e não em outras coisas, que foi o que aconteceu aqui.', 'O tempo de espera.']",tempo - espera - tempo espera - agora - minutos - vez - eventualmente - voltei - rápido - realidade,1.0,False,Waiting experience
59,22,22,Q1,Como se sente agora?,8,3,Control,"Eu acho que estava um bocadinho mais relaxada até vocês saírem daqui. Acho que estava um bocadinho mais. Mas agora já fica, já... Nem que não seja a falar comigo, mas já é. Na família, não é? Próxima, nos amigos. E que isto passe depressa. E que corra tudo bem, que fique bem. E que o tempo, agora, morte por me acordarem na sala no recobro. O tempo me custou muito a passar. Custou mais, até pensava que se tinha esquecido de mim, estou a brincar. Falou em 12 minutos, não foi? E foi 12 minutos. Ah, apareceu assim, tipo, mais, um bocadinho.","E que corra tudo bem, que fique bem.",corra fique,2,True,True,,"E que corra tudo bem, que fique bem.",7,7_manter_correu_positiva_manter positiva,"['manter', 'correu', 'positiva', 'manter positiva', 'dentro', 'positivo', 'normal', 'normal dentro', 'positivo razão', 'positiva neste']","['Bem, dentro do normal, bem, dentro das circunstâncias', 'Eu acho que é importante a pessoa manter-se positiva.', 'O esforço é manter-se sempre positiva e neste nível de positividade.']",manter - correu - positiva - manter positiva - dentro - positivo - normal - normal dentro - positivo razão - positiva neste,1.0,False,Positive appraisal and optimism
60,22,22,Q1,Como se sente agora?,9,3,Control,"Eu acho que estava um bocadinho mais relaxada até vocês saírem daqui. Acho que estava um bocadinho mais. Mas agora já fica, já... Nem que não seja a falar comigo, mas já é. Na família, não é? Próxima, nos amigos. E que isto passe depressa. E que corra tudo bem, que fique bem. E que o tempo, agora, morte por me acordarem na sala no recobro. O tempo me custou muito a passar. Custou mais, até pensava que se tinha esquecido de mim, estou a brincar. Falou em 12 minutos, não foi? E foi 12 minutos. Ah, apareceu assim, tipo, mais, um bocadinho.","E que o tempo, agora, morte por me acordarem na sala no recobro.",tempo agora morte acordarem sala recobro,6,True,True,,"E que o tempo, agora, morte por me acordarem na sala no recobro.",6,6_tempo_espera_tempo espera_agora,"['tempo', 'espera', 'tempo espera', 'agora', 'minutos', 'vez', 'eventualmente', 'voltei', 'rápido', 'realidade']","['E depois passei o tempo todo à espera.', 'eventualmente sim este tempo de espera seria muito mais para mim sofreria mais porque estaria mais entregue a mim própria eventualmente e E a pensar não nos problemas e não em outras coisas, que foi o que aconteceu aqui.', 'O tempo de espera.']",tempo - espera - tempo espera - agora - minutos - vez - eventualmente - voltei - rápido - realidade,0.2088648031711149,False,Waiting experience
61,22,22,Q1,Como se sente agora?,10,3,Control,"Eu acho que estava um bocadinho mais relaxada até vocês saírem daqui. Acho que estava um bocadinho mais. Mas agora já fica, já... Nem que não seja a falar comigo, mas já é. Na família, não é? Próxima, nos amigos. E que isto passe depressa. E que corra tudo bem, que fique bem. E que o tempo, agora, morte por me acordarem na sala no recobro. O tempo me custou muito a passar. Custou mais, até pensava que se tinha esquecido de mim, estou a brincar. Falou em 12 minutos, não foi? E foi 12 minutos. Ah, apareceu assim, tipo, mais, um bocadinho.",O tempo me custou muito a passar.,tempo custou passar,3,True,True,,O tempo me custou muito a passar.,6,6_tempo_espera_tempo espera_agora,"['tempo', 'espera', 'tempo espera', 'agora', 'minutos', 'vez', 'eventualmente', 'voltei', 'rápido', 'realidade']","['E depois passei o tempo todo à espera.', 'eventualmente sim este tempo de espera seria muito mais para mim sofreria mais porque estaria mais entregue a mim própria eventualmente e E a pensar não nos problemas e não em outras coisas, que foi o que aconteceu aqui.', 'O tempo de espera.']",tempo - espera - tempo espera - agora - minutos - vez - eventualmente - voltei - rápido - realidade,1.0,False,Waiting experience
62,22,22,Q1,Como se sente agora?,11,3,Control,"Eu acho que estava um bocadinho mais relaxada até vocês saírem daqui. Acho que estava um bocadinho mais. Mas agora já fica, já... Nem que não seja a falar comigo, mas já é. Na família, não é? Próxima, nos amigos. E que isto passe depressa. E que corra tudo bem, que fique bem. E que o tempo, agora, morte por me acordarem na sala no recobro. O tempo me custou muito a passar. Custou mais, até pensava que se tinha esquecido de mim, estou a brincar. Falou em 12 minutos, não foi? E foi 12 minutos. Ah, apareceu assim, tipo, mais, um bocadinho.","Custou mais, até pensava que se tinha esquecido de mim, estou a brincar.",custou pensava tinha esquecido mim brincar,6,True,True,,"Custou mais, até pensava que se tinha esquecido de mim, estou a brincar.",2,2_mim_diferente_diferença_bocadinho,"['mim', 'diferente', 'diferença', 'bocadinho', 'tipo', 'vídeo', 'pôs', 'emoção', 'logo', 'bocadinho diferença']","['pôs logo e vê-se perfeitamente que entrou na veia logo.', 'Eu acho que a diferença, eu já estava calma, acho que a diferença foi explotar um bocadinho mais de sentimentos mais de alegria, mais bem disposta, digamos.', 'É claro que se sente um bocadinho, mas não é assim uma diferença, no meu caso, significativa.']",mim - diferente - diferença - bocadinho - tipo - vídeo - pôs - emoção - logo - bocadinho diferença,1.0,False,Subjective emotional and experiential effects
63,22,22,Q1,Como se sente agora?,12,3,Control,"Eu acho que estava um bocadinho mais relaxada até vocês saírem daqui. Acho que estava um bocadinho mais. Mas agora já fica, já... Nem que não seja a falar comigo, mas já é. Na família, não é? Próxima, nos amigos. E que isto passe depressa. E que corra tudo bem, que fique bem. E que o tempo, agora, morte por me acordarem na sala no recobro. O tempo me custou muito a passar. Custou mais, até pensava que se tinha esquecido de mim, estou a brincar. Falou em 12 minutos, não foi? E foi 12 minutos. Ah, apareceu assim, tipo, mais, um bocadinho.","Falou em 12 minutos, não foi?",falou minutos,2,True,True,,"Falou em 12 minutos, não foi?",6,6_tempo_espera_tempo espera_agora,"['tempo', 'espera', 'tempo espera', 'agora', 'minutos', 'vez', 'eventualmente', 'voltei', 'rápido', 'realidade']","['E depois passei o tempo todo à espera.', 'eventualmente sim este tempo de espera seria muito mais para mim sofreria mais porque estaria mais entregue a mim própria eventualmente e E a pensar não nos problemas e não em outras coisas, que foi o que aconteceu aqui.', 'O tempo de espera.']",tempo - espera - tempo espera - agora - minutos - vez - eventualmente - voltei - rápido - realidade,1.0,False,Waiting experience
64,22,22,Q1,Como se sente agora?,13,3,Control,"Eu acho que estava um bocadinho mais relaxada até vocês saírem daqui. Acho que estava um bocadinho mais. Mas agora já fica, já... Nem que não seja a falar comigo, mas já é. Na família, não é? Próxima, nos amigos. E que isto passe depressa. E que corra tudo bem, que fique bem. E que o tempo, agora, morte por me acordarem na sala no recobro. O tempo me custou muito a passar. Custou mais, até pensava que se tinha esquecido de mim, estou a brincar. Falou em 12 minutos, não foi? E foi 12 minutos. Ah, apareceu assim, tipo, mais, um bocadinho.",E foi 12 minutos.,minutos,1,True,True,,E foi 12 minutos.,6,6_tempo_espera_tempo espera_agora,"['tempo', 'espera', 'tempo espera', 'agora', 'minutos', 'vez', 'eventualmente', 'voltei', 'rápido', 'realidade']","['E depois passei o tempo todo à espera.', 'eventualmente sim este tempo de espera seria muito mais para mim sofreria mais porque estaria mais entregue a mim própria eventualmente e E a pensar não nos problemas e não em outras coisas, que foi o que aconteceu aqui.', 'O tempo de espera.']",tempo - espera - tempo espera - agora - minutos - vez - eventualmente - voltei - rápido - realidade,1.0,False,Waiting experience
65,22,22,Q1,Como se sente agora?,14,3,Control,"Eu acho que estava um bocadinho mais relaxada até vocês saírem daqui. Acho que estava um bocadinho mais. Mas agora já fica, já... Nem que não seja a falar comigo, mas já é. Na família, não é? Próxima, nos amigos. E que isto passe depressa. E que corra tudo bem, que fique bem. E que o tempo, agora, morte por me acordarem na sala no recobro. O tempo me custou muito a passar. Custou mais, até pensava que se tinha esquecido de mim, estou a brincar. Falou em 12 minutos, não foi? E foi 12 minutos. Ah, apareceu assim, tipo, mais, um bocadinho.","Ah, apareceu assim, tipo, mais, um bocadinho.",ah apareceu tipo bocadinho,4,True,True,,"Ah, apareceu assim, tipo, mais, um bocadinho.",2,2_mim_diferente_diferença_bocadinho,"['mim', 'diferente', 'diferença', 'bocadinho', 'tipo', 'vídeo', 'pôs', 'emoção', 'logo', 'bocadinho diferença']","['pôs logo e vê-se perfeitamente que entrou na veia logo.', 'Eu acho que a diferença, eu já estava calma, acho que a diferença foi explotar um bocadinho mais de sentimentos mais de alegria, mais bem disposta, digamos.', 'É claro que se sente um bocadinho, mas não é assim uma diferença, no meu caso, significativa.']",mim - diferente - diferença - bocadinho - tipo - vídeo - pôs - emoção - logo - bocadinho diferença,0.1636276748875385,False,Subjective emotional and experiential effects
66,24,24,Q1,Como se sente agora?,1,1,VR Art,igual apesar de que tenho uma experiência nova era de toda a improvável que fosse neste sítio é divertido por isso e acho que pode ajudar algumas pessoas que sem os meus medos de precipícios e de cobras conseguirem entrar nesse mundo e distrair-se um bocadinho é mais complicado encontrar uma cobra em um precipício são duas coisas que se calhar os meus valores já aumentaram mas de resto gostei,igual apesar de que tenho uma experiência nova era de toda a improvável que fosse neste sítio é divertido por isso e acho que pode ajudar algumas pessoas que sem os meus medos de precipícios e de cobras conseguirem entrar nesse mundo e distrair-se um bocadinho é mais complicado encontrar uma cobra em um precipício são duas coisas que se calhar os meus valores já aumentaram mas de resto gostei,igual apesar experiência nova improvável fosse neste sítio divertido pode ajudar algumas pessoas meus medos precipícios cobras conseguirem entrar nesse mundo distrair bocadinho complicado encontrar cobra precipício duas calhar meus valores aumentaram resto gostei,34,True,True,,igual apesar de que tenho uma experiência nova era de toda a improvável que fosse neste sítio é divertido por isso e acho que pode ajudar algumas pessoas que sem os meus medos de precipícios e de cobras conseguirem entrar nesse mundo e distrair-se um bocadinho é mais complicado encontrar uma cobra em um precipício são duas coisas que se calhar os meus valores já aumentaram mas de resto gostei,5,5_água_natureza_ar_mar,"['água', 'natureza', 'ar', 'mar', 'barulho', 'gostei', 'barulho água', 'verde', 'falta', 'certa']","['Essa parte, por exemplo, das flores e das árvores, não gostei, porque senti uma certa falta de ar.', 'igual apesar de que tenho uma experiência nova era de toda a improvável que fosse neste sítio é divertido por isso e acho que pode ajudar algumas pessoas que sem os meus medos de precipícios e de cobras conseguirem entrar nesse mundo e distrair-se um bocadinho é mais complicado encontrar uma cobra em um precipício são duas coisas que se calhar os meus valores já aumentaram mas de resto gostei', 'fazer exercícios que eu já costumo fazer que é respiração profunda respirar, reter e depois deitar fora o ar pensando sempre que estou num riacho que estou a nadar numa água muito quente e que estou numa experiência eu associo sempre as experiências aquáticas a coisas boas mas o verbo também é importante então eu situo-me num riacho com águas moras em que estou tranquilamente a nadar.']",água - natureza - ar - mar - barulho - gostei - barulho água - verde - falta - certa,1.0,True,Nature imagery and sensory responses
67,25,25,Q1,Como se sente agora?,1,2,VR Only,"continuo a sentir-me tranquila, agora acho que até um bocadinho mais relaxada e com aqui boas memórias, porque as imagens levaram-me para sítios que também já visitei, então é uma experiência muito, muito agradável.","continuo a sentir-me tranquila, agora acho que até um bocadinho mais relaxada e com aqui boas memórias, porque as imagens levaram-me para sítios que também já visitei, então é uma experiência muito, muito agradável.",continuo sentir tranquila agora bocadinho relaxada boas memórias imagens levaram sítios visitei experiência agradável,14,True,True,,"continuo a sentir-me tranquila, agora acho que até um bocadinho mais relaxada e com aqui boas memórias, porque as imagens levaram-me para sítios que também já visitei, então é uma experiência muito, muito agradável.",0,0_tranquila_calma_relaxada_sinto,"['tranquila', 'calma', 'relaxada', 'sinto', 'bocadinho', 'bocadinho calma', 'filme', 'sinto tranquila', 'imagens', 'tranquilidade']","['Um bocadinho mais calma.', 'um bocadinho mais calma.', 'Sim, sinto-me mais tranquila.']",tranquila - calma - relaxada - sinto - bocadinho - bocadinho calma - filme - sinto tranquila - imagens - tranquilidade,0.476832715439698,False,Calm and relaxation
68,26,26,Q1,Como se sente agora?,1,3,Control,"Bem, ansiosa um bocadinho, não é? Preocupada um bocadinho, não é uma situação confortável, mas pronto, mas tudo bem. Estou tranquila, não...","Bem, ansiosa um bocadinho, não é?",ansiosa bocadinho,2,True,True,,"Bem, ansiosa um bocadinho, não é?",9,9_ansiedade_ansiosa_bocadinho_nervosismo,"['ansiedade', 'ansiosa', 'bocadinho', 'nervosismo', 'bocadinho agitada', 'agitada', 'aumenta', 'ansiosa bocadinho', 'ansiedade nervosismo', 'durante']","['Não, quer dizer, como digo, à medida que se aproxima e ir para o bloco, a ansiedade aumenta e o receio de que algo possa correr mal também.', 'Durante estes 12 minutos estive a fazer aqui uma técnica própria que desenvolvi para não escalar a ansiedade durante o período que tenho de esperar até a entrada na sala de cirurgia.', 'sim, acho que sinto sinto um pouco mais de ansiedade acho eu, nada assim de extraordinário mas pronto, ficar aqui sozinha sem ninguém para falar ou para abstrair daqui acho que aumenta um bocadinho a ansiedade']",ansiedade - ansiosa - bocadinho - nervosismo - bocadinho agitada - agitada - aumenta - ansiosa bocadinho - ansiedade nervosismo - durante,1.0,False,Anxiety and nervousness
69,26,26,Q1,Como se sente agora?,2,3,Control,"Bem, ansiosa um bocadinho, não é? Preocupada um bocadinho, não é uma situação confortável, mas pronto, mas tudo bem. Estou tranquila, não...","Preocupada um bocadinho, não é uma situação confortável, mas pronto, mas tudo bem.",preocupada bocadinho situação confortável,4,True,True,,"Preocupada um bocadinho, não é uma situação confortável, mas pronto, mas tudo bem.",0,0_tranquila_calma_relaxada_sinto,"['tranquila', 'calma', 'relaxada', 'sinto', 'bocadinho', 'bocadinho calma', 'filme', 'sinto tranquila', 'imagens', 'tranquilidade']","['Um bocadinho mais calma.', 'um bocadinho mais calma.', 'Sim, sinto-me mais tranquila.']",tranquila - calma - relaxada - sinto - bocadinho - bocadinho calma - filme - sinto tranquila - imagens - tranquilidade,1.0,False,Calm and relaxation
70,26,26,Q1,Como se sente agora?,3,3,Control,"Bem, ansiosa um bocadinho, não é? Preocupada um bocadinho, não é uma situação confortável, mas pronto, mas tudo bem. Estou tranquila, não...","Estou tranquila, não...",tranquila,1,True,True,,"Estou tranquila, não...",0,0_tranquila_calma_relaxada_sinto,"['tranquila', 'calma', 'relaxada', 'sinto', 'bocadinho', 'bocadinho calma', 'filme', 'sinto tranquila', 'imagens', 'tranquilidade']","['Um bocadinho mais calma.', 'um bocadinho mais calma.', 'Sim, sinto-me mais tranquila.']",tranquila - calma - relaxada - sinto - bocadinho - bocadinho calma - filme - sinto tranquila - imagens - tranquilidade,1.0,False,Calm and relaxation
71,27,27,Q1,Como se sente agora?,1,1,VR Art,sinto-me calma confiante e pouco preocupada sim,sinto-me calma confiante e pouco preocupada sim,sinto calma confiante pouco preocupada,5,True,True,,sinto-me calma confiante e pouco preocupada sim,0,0_tranquila_calma_relaxada_sinto,"['tranquila', 'calma', 'relaxada', 'sinto', 'bocadinho', 'bocadinho calma', 'filme', 'sinto tranquila', 'imagens', 'tranquilidade']","['Um bocadinho mais calma.', 'um bocadinho mais calma.', 'Sim, sinto-me mais tranquila.']",tranquila - calma - relaxada - sinto - bocadinho - bocadinho calma - filme - sinto tranquila - imagens - tranquilidade,1.0,False,Calm and relaxation
72,28,28,Q1,Como se sente agora?,1,2,VR Only,Tanto desjo que isto acabe,Tanto desjo que isto acabe,tanto desjo acabe,3,True,True,,Tanto desjo que isto acabe,6,6_tempo_espera_tempo espera_agora,"['tempo', 'espera', 'tempo espera', 'agora', 'minutos', 'vez', 'eventualmente', 'voltei', 'rápido', 'realidade']","['E depois passei o tempo todo à espera.', 'eventualmente sim este tempo de espera seria muito mais para mim sofreria mais porque estaria mais entregue a mim própria eventualmente e E a pensar não nos problemas e não em outras coisas, que foi o que aconteceu aqui.', 'O tempo de espera.']",tempo - espera - tempo espera - agora - minutos - vez - eventualmente - voltei - rápido - realidade,0.298446128903803,False,Waiting experience
73,29,29,Q1,Como se sente agora?,1,3,Control,"Bem, dentro do normal, bem, dentro das circunstâncias","Bem, dentro do normal, bem, dentro das circunstâncias",dentro normal dentro circunstâncias,4,True,True,,"Bem, dentro do normal, bem, dentro das circunstâncias",7,7_manter_correu_positiva_manter positiva,"['manter', 'correu', 'positiva', 'manter positiva', 'dentro', 'positivo', 'normal', 'normal dentro', 'positivo razão', 'positiva neste']","['Bem, dentro do normal, bem, dentro das circunstâncias', 'Eu acho que é importante a pessoa manter-se positiva.', 'O esforço é manter-se sempre positiva e neste nível de positividade.']",manter - correu - positiva - manter positiva - dentro - positivo - normal - normal dentro - positivo razão - positiva neste,0.2106129619148097,True,Positive appraisal and optimism
74,31,31,Q1,Como se sente agora?,1,1,VR Art,Eu sinto-me bem.,Eu sinto-me bem.,sinto,1,True,True,,Eu sinto-me bem.,10,10_sinto_sinto sinto_estável sinto_desde cheguei,"['sinto', 'sinto sinto', 'estável sinto', 'desde cheguei', 'sentindo sinto', 'quentinha cuidada', 'quentinha', 'fiquei sinto', 'sinto disposta', 'estável']","['Sinto bem.', 'Sinto-me bem.', 'Sinto-me bem, sinto-me estável.']",sinto - sinto sinto - estável sinto - desde cheguei - sentindo sinto - quentinha cuidada - quentinha - fiquei sinto - sinto disposta - estável,1.0,False,Feeling well and stable
75,32,32,Q1,Como se sente agora?,1,2,VR Only,"Agora, agora parece que estou assim um bocadinho mais agitada. Não gostei muito das alturas, não.","Agora, agora parece que estou assim um bocadinho mais agitada.",agora agora parece bocadinho agitada,5,True,True,,"Agora, agora parece que estou assim um bocadinho mais agitada.",9,9_ansiedade_ansiosa_bocadinho_nervosismo,"['ansiedade', 'ansiosa', 'bocadinho', 'nervosismo', 'bocadinho agitada', 'agitada', 'aumenta', 'ansiosa bocadinho', 'ansiedade nervosismo', 'durante']","['Não, quer dizer, como digo, à medida que se aproxima e ir para o bloco, a ansiedade aumenta e o receio de que algo possa correr mal também.', 'Durante estes 12 minutos estive a fazer aqui uma técnica própria que desenvolvi para não escalar a ansiedade durante o período que tenho de esperar até a entrada na sala de cirurgia.', 'sim, acho que sinto sinto um pouco mais de ansiedade acho eu, nada assim de extraordinário mas pronto, ficar aqui sozinha sem ninguém para falar ou para abstrair daqui acho que aumenta um bocadinho a ansiedade']",ansiedade - ansiosa - bocadinho - nervosismo - bocadinho agitada - agitada - aumenta - ansiosa bocadinho - ansiedade nervosismo - durante,1.0,False,Anxiety and nervousness
76,32,32,Q1,Como se sente agora?,2,2,VR Only,"Agora, agora parece que estou assim um bocadinho mais agitada. Não gostei muito das alturas, não.","Não gostei muito das alturas, não.",gostei alturas,2,True,True,,"Não gostei muito das alturas, não.",5,5_água_natureza_ar_mar,"['água', 'natureza', 'ar', 'mar', 'barulho', 'gostei', 'barulho água', 'verde', 'falta', 'certa']","['Essa parte, por exemplo, das flores e das árvores, não gostei, porque senti uma certa falta de ar.', 'igual apesar de que tenho uma experiência nova era de toda a improvável que fosse neste sítio é divertido por isso e acho que pode ajudar algumas pessoas que sem os meus medos de precipícios e de cobras conseguirem entrar nesse mundo e distrair-se um bocadinho é mais complicado encontrar uma cobra em um precipício são duas coisas que se calhar os meus valores já aumentaram mas de resto gostei', 'fazer exercícios que eu já costumo fazer que é respiração profunda respirar, reter e depois deitar fora o ar pensando sempre que estou num riacho que estou a nadar numa água muito quente e que estou numa experiência eu associo sempre as experiências aquáticas a coisas boas mas o verbo também é importante então eu situo-me num riacho com águas moras em que estou tranquilamente a nadar.']",água - natureza - ar - mar - barulho - gostei - barulho água - verde - falta - certa,0.338395174558798,False,Nature imagery and sensory responses
82,34,34,Q1,Como se sente agora?,1,3,Control,"Porque a minha intranquilidade deve-se ao facto desta experiência com o enfermeiro que bateu-me imenso nas mãos. E depois acho que um bom profissional não põe a culpa no doente. E depois estava a dizer que eu é que afastei a mão da outra enfermeira. pôs logo e vê-se perfeitamente que entrou na veia logo. Não é andar com o bico à procura, ainda por cima numa zona que é fácil de acesso. Isto tem sido bastante fácil. Isso pôs-me intranquila. Também não acho que falar muito alto e ser muito expansivo traga tranquilidade. Acho que uma voz calma para estas situações é o ideal. fazer exercícios que eu já costumo fazer que é respiração profunda respirar, reter e depois deitar fora o ar pensando sempre que estou num riacho que estou a nadar numa água muito quente e que estou numa experiência eu associo sempre as experiências aquáticas a coisas boas mas o verbo também é importante então eu situo-me num riacho com águas moras em que estou tranquilamente a nadar. E vou fazendo a respiração a pensar nisso.",Porque a minha intranquilidade deve-se ao facto desta experiência com o enfermeiro que bateu-me imenso nas mãos.,intranquilidade deve facto desta experiência enfermeiro bateu imenso mãos,9,True,True,,Porque a minha intranquilidade deve-se ao facto desta experiência com o enfermeiro que bateu-me imenso nas mãos.,1,1_pessoas_cuidado_doentes_todas,"['pessoas', 'cuidado', 'doentes', 'todas', 'simpático', 'tratada', 'preocupação', 'às', 'mundo simpático', 'outra enfermeira']","['Portanto, esta forma atenciosa com que pedem autorização para colocar os procedimentos, ou avisar que vai ser desagradável, ou pedir desculpa, tudo isso é muito humanizante.', 'Às vezes parece que das experiências que eu tive, não só da minha parte, mas do acompanhamento que fiz a outros doentes, nomeadamente os meus pais, Às vezes nós não sabermos se as pessoas estão a ser, no mínimo, profissionais, deixam-nos muito mais incertos.', 'O cuidado no detalhe, a preocupação com que sempre nos tratam, o rigor no trato das pessoas é muito importante e faz-nos sentir muito bem.']",pessoas - cuidado - doentes - todas - simpático - tratada - preocupação - às - mundo simpático - outra enfermeira,0.1030213405369259,False,Compassionate and professional care
83,34,34,Q1,Como se sente agora?,2,3,Control,"Porque a minha intranquilidade deve-se ao facto desta experiência com o enfermeiro que bateu-me imenso nas mãos. E depois acho que um bom profissional não põe a culpa no doente. E depois estava a dizer que eu é que afastei a mão da outra enfermeira. pôs logo e vê-se perfeitamente que entrou na veia logo. Não é andar com o bico à procura, ainda por cima numa zona que é fácil de acesso. Isto tem sido bastante fácil. Isso pôs-me intranquila. Também não acho que falar muito alto e ser muito expansivo traga tranquilidade. Acho que uma voz calma para estas situações é o ideal. fazer exercícios que eu já costumo fazer que é respiração profunda respirar, reter e depois deitar fora o ar pensando sempre que estou num riacho que estou a nadar numa água muito quente e que estou numa experiência eu associo sempre as experiências aquáticas a coisas boas mas o verbo também é importante então eu situo-me num riacho com águas moras em que estou tranquilamente a nadar. E vou fazendo a respiração a pensar nisso.",E depois acho que um bom profissional não põe a culpa no doente.,profissional põe culpa doente,4,True,True,,E depois acho que um bom profissional não põe a culpa no doente.,1,1_pessoas_cuidado_doentes_todas,"['pessoas', 'cuidado', 'doentes', 'todas', 'simpático', 'tratada', 'preocupação', 'às', 'mundo simpático', 'outra enfermeira']","['Portanto, esta forma atenciosa com que pedem autorização para colocar os procedimentos, ou avisar que vai ser desagradável, ou pedir desculpa, tudo isso é muito humanizante.', 'Às vezes parece que das experiências que eu tive, não só da minha parte, mas do acompanhamento que fiz a outros doentes, nomeadamente os meus pais, Às vezes nós não sabermos se as pessoas estão a ser, no mínimo, profissionais, deixam-nos muito mais incertos.', 'O cuidado no detalhe, a preocupação com que sempre nos tratam, o rigor no trato das pessoas é muito importante e faz-nos sentir muito bem.']",pessoas - cuidado - doentes - todas - simpático - tratada - preocupação - às - mundo simpático - outra enfermeira,0.1574125856200531,False,Compassionate and professional care
84,34,34,Q1,Como se sente agora?,3,3,Control,"Porque a minha intranquilidade deve-se ao facto desta experiência com o enfermeiro que bateu-me imenso nas mãos. E depois acho que um bom profissional não põe a culpa no doente. E depois estava a dizer que eu é que afastei a mão da outra enfermeira. pôs logo e vê-se perfeitamente que entrou na veia logo. Não é andar com o bico à procura, ainda por cima numa zona que é fácil de acesso. Isto tem sido bastante fácil. Isso pôs-me intranquila. Também não acho que falar muito alto e ser muito expansivo traga tranquilidade. Acho que uma voz calma para estas situações é o ideal. fazer exercícios que eu já costumo fazer que é respiração profunda respirar, reter e depois deitar fora o ar pensando sempre que estou num riacho que estou a nadar numa água muito quente e que estou numa experiência eu associo sempre as experiências aquáticas a coisas boas mas o verbo também é importante então eu situo-me num riacho com águas moras em que estou tranquilamente a nadar. E vou fazendo a respiração a pensar nisso.",E depois estava a dizer que eu é que afastei a mão da outra enfermeira.,afastei mão outra enfermeira,4,True,True,,E depois estava a dizer que eu é que afastei a mão da outra enfermeira.,1,1_pessoas_cuidado_doentes_todas,"['pessoas', 'cuidado', 'doentes', 'todas', 'simpático', 'tratada', 'preocupação', 'às', 'mundo simpático', 'outra enfermeira']","['Portanto, esta forma atenciosa com que pedem autorização para colocar os procedimentos, ou avisar que vai ser desagradável, ou pedir desculpa, tudo isso é muito humanizante.', 'Às vezes parece que das experiências que eu tive, não só da minha parte, mas do acompanhamento que fiz a outros doentes, nomeadamente os meus pais, Às vezes nós não sabermos se as pessoas estão a ser, no mínimo, profissionais, deixam-nos muito mais incertos.', 'O cuidado no detalhe, a preocupação com que sempre nos tratam, o rigor no trato das pessoas é muito importante e faz-nos sentir muito bem.']",pessoas - cuidado - doentes - todas - simpático - tratada - preocupação - às - mundo simpático - outra enfermeira,0.1044470992636968,False,Compassionate and professional care
85,34,34,Q1,Como se sente agora?,4,3,Control,"Porque a minha intranquilidade deve-se ao facto desta experiência com o enfermeiro que bateu-me imenso nas mãos. E depois acho que um bom profissional não põe a culpa no doente. E depois estava a dizer que eu é que afastei a mão da outra enfermeira. pôs logo e vê-se perfeitamente que entrou na veia logo. Não é andar com o bico à procura, ainda por cima numa zona que é fácil de acesso. Isto tem sido bastante fácil. Isso pôs-me intranquila. Também não acho que falar muito alto e ser muito expansivo traga tranquilidade. Acho que uma voz calma para estas situações é o ideal. fazer exercícios que eu já costumo fazer que é respiração profunda respirar, reter e depois deitar fora o ar pensando sempre que estou num riacho que estou a nadar numa água muito quente e que estou numa experiência eu associo sempre as experiências aquáticas a coisas boas mas o verbo também é importante então eu situo-me num riacho com águas moras em que estou tranquilamente a nadar. E vou fazendo a respiração a pensar nisso.",pôs logo e vê-se perfeitamente que entrou na veia logo.,pôs logo vê perfeitamente entrou veia logo,7,True,True,,pôs logo e vê-se perfeitamente que entrou na veia logo.,2,2_mim_diferente_diferença_bocadinho,"['mim', 'diferente', 'diferença', 'bocadinho', 'tipo', 'vídeo', 'pôs', 'emoção', 'logo', 'bocadinho diferença']","['pôs logo e vê-se perfeitamente que entrou na veia logo.', 'Eu acho que a diferença, eu já estava calma, acho que a diferença foi explotar um bocadinho mais de sentimentos mais de alegria, mais bem disposta, digamos.', 'É claro que se sente um bocadinho, mas não é assim uma diferença, no meu caso, significativa.']",mim - diferente - diferença - bocadinho - tipo - vídeo - pôs - emoção - logo - bocadinho diferença,0.2209348321318996,True,Subjective emotional and experiential effects
86,34,34,Q1,Como se sente agora?,5,3,Control,"Porque a minha intranquilidade deve-se ao facto desta experiência com o enfermeiro que bateu-me imenso nas mãos. E depois acho que um bom profissional não põe a culpa no doente. E depois estava a dizer que eu é que afastei a mão da outra enfermeira. pôs logo e vê-se perfeitamente que entrou na veia logo. Não é andar com o bico à procura, ainda por cima numa zona que é fácil de acesso. Isto tem sido bastante fácil. Isso pôs-me intranquila. Também não acho que falar muito alto e ser muito expansivo traga tranquilidade. Acho que uma voz calma para estas situações é o ideal. fazer exercícios que eu já costumo fazer que é respiração profunda respirar, reter e depois deitar fora o ar pensando sempre que estou num riacho que estou a nadar numa água muito quente e que estou numa experiência eu associo sempre as experiências aquáticas a coisas boas mas o verbo também é importante então eu situo-me num riacho com águas moras em que estou tranquilamente a nadar. E vou fazendo a respiração a pensar nisso.","Não é andar com o bico à procura, ainda por cima numa zona que é fácil de acesso.",andar bico procura ainda cima zona fácil acesso,8,True,True,,"Não é andar com o bico à procura, ainda por cima numa zona que é fácil de acesso.",4,4_cima_ir_sítio_abaixo,"['cima', 'ir', 'sítio', 'abaixo', 'outro sítio', 'outro', 'vamos', 'despachar', 'trabalho', 'quero despachar']","['Eu houve ali mal um sítio que nós vamos e parece que vamos cair.', 'obrigou-me a ir lá acima e depois vim cá abaixo e depois pude ir para cima.', 'No meu caso, porque quero despachar as coisas, quero mesmo despachar, e portanto não é totalmente transportar para aquele lado e não se lembrar do que é que vai.']",cima - ir - sítio - abaixo - outro sítio - outro - vamos - despachar - trabalho - quero despachar,1.0,False,Movement and sense of place
87,34,34,Q1,Como se sente agora?,6,3,Control,"Porque a minha intranquilidade deve-se ao facto desta experiência com o enfermeiro que bateu-me imenso nas mãos. E depois acho que um bom profissional não põe a culpa no doente. E depois estava a dizer que eu é que afastei a mão da outra enfermeira. pôs logo e vê-se perfeitamente que entrou na veia logo. Não é andar com o bico à procura, ainda por cima numa zona que é fácil de acesso. Isto tem sido bastante fácil. Isso pôs-me intranquila. Também não acho que falar muito alto e ser muito expansivo traga tranquilidade. Acho que uma voz calma para estas situações é o ideal. fazer exercícios que eu já costumo fazer que é respiração profunda respirar, reter e depois deitar fora o ar pensando sempre que estou num riacho que estou a nadar numa água muito quente e que estou numa experiência eu associo sempre as experiências aquáticas a coisas boas mas o verbo também é importante então eu situo-me num riacho com águas moras em que estou tranquilamente a nadar. E vou fazendo a respiração a pensar nisso.",Isto tem sido bastante fácil.,bastante fácil,2,True,True,,Isto tem sido bastante fácil.,7,7_manter_correu_positiva_manter positiva,"['manter', 'correu', 'positiva', 'manter positiva', 'dentro', 'positivo', 'normal', 'normal dentro', 'positivo razão', 'positiva neste']","['Bem, dentro do normal, bem, dentro das circunstâncias', 'Eu acho que é importante a pessoa manter-se positiva.', 'O esforço é manter-se sempre positiva e neste nível de positividade.']",manter - correu - positiva - manter positiva - dentro - positivo - normal - normal dentro - positivo razão - positiva neste,0.4338312215601163,False,Positive appraisal and optimism
88,34,34,Q1,Como se sente agora?,7,3,Control,"Porque a minha intranquilidade deve-se ao facto desta experiência com o enfermeiro que bateu-me imenso nas mãos. E depois acho que um bom profissional não põe a culpa no doente. E depois estava a dizer que eu é que afastei a mão da outra enfermeira. pôs logo e vê-se perfeitamente que entrou na veia logo. Não é andar com o bico à procura, ainda por cima numa zona que é fácil de acesso. Isto tem sido bastante fácil. Isso pôs-me intranquila. Também não acho que falar muito alto e ser muito expansivo traga tranquilidade. Acho que uma voz calma para estas situações é o ideal. fazer exercícios que eu já costumo fazer que é respiração profunda respirar, reter e depois deitar fora o ar pensando sempre que estou num riacho que estou a nadar numa água muito quente e que estou numa experiência eu associo sempre as experiências aquáticas a coisas boas mas o verbo também é importante então eu situo-me num riacho com águas moras em que estou tranquilamente a nadar. E vou fazendo a respiração a pensar nisso.",Isso pôs-me intranquila.,pôs intranquila,2,True,True,,Isso pôs-me intranquila.,2,2_mim_diferente_diferença_bocadinho,"['mim', 'diferente', 'diferença', 'bocadinho', 'tipo', 'vídeo', 'pôs', 'emoção', 'logo', 'bocadinho diferença']","['pôs logo e vê-se perfeitamente que entrou na veia logo.', 'Eu acho que a diferença, eu já estava calma, acho que a diferença foi explotar um bocadinho mais de sentimentos mais de alegria, mais bem disposta, digamos.', 'É claro que se sente um bocadinho, mas não é assim uma diferença, no meu caso, significativa.']",mim - diferente - diferença - bocadinho - tipo - vídeo - pôs - emoção - logo - bocadinho diferença,1.0,False,Subjective emotional and experiential effects
89,34,34,Q1,Como se sente agora?,8,3,Control,"Porque a minha intranquilidade deve-se ao facto desta experiência com o enfermeiro que bateu-me imenso nas mãos. E depois acho que um bom profissional não põe a culpa no doente. E depois estava a dizer que eu é que afastei a mão da outra enfermeira. pôs logo e vê-se perfeitamente que entrou na veia logo. Não é andar com o bico à procura, ainda por cima numa zona que é fácil de acesso. Isto tem sido bastante fácil. Isso pôs-me intranquila. Também não acho que falar muito alto e ser muito expansivo traga tranquilidade. Acho que uma voz calma para estas situações é o ideal. fazer exercícios que eu já costumo fazer que é respiração profunda respirar, reter e depois deitar fora o ar pensando sempre que estou num riacho que estou a nadar numa água muito quente e que estou numa experiência eu associo sempre as experiências aquáticas a coisas boas mas o verbo também é importante então eu situo-me num riacho com águas moras em que estou tranquilamente a nadar. E vou fazendo a respiração a pensar nisso.",Também não acho que falar muito alto e ser muito expansivo traga tranquilidade.,falar alto expansivo traga tranquilidade,5,True,True,,Também não acho que falar muito alto e ser muito expansivo traga tranquilidade.,0,0_tranquila_calma_relaxada_sinto,"['tranquila', 'calma', 'relaxada', 'sinto', 'bocadinho', 'bocadinho calma', 'filme', 'sinto tranquila', 'imagens', 'tranquilidade']","['Um bocadinho mais calma.', 'um bocadinho mais calma.', 'Sim, sinto-me mais tranquila.']",tranquila - calma - relaxada - sinto - bocadinho - bocadinho calma - filme - sinto tranquila - imagens - tranquilidade,1.0,False,Calm and relaxation
90,34,34,Q1,Como se sente agora?,9,3,Control,"Porque a minha intranquilidade deve-se ao facto desta experiência com o enfermeiro que bateu-me imenso nas mãos. E depois acho que um bom profissional não põe a culpa no doente. E depois estava a dizer que eu é que afastei a mão da outra enfermeira. pôs logo e vê-se perfeitamente que entrou na veia logo. Não é andar com o bico à procura, ainda por cima numa zona que é fácil de acesso. Isto tem sido bastante fácil. Isso pôs-me intranquila. Também não acho que falar muito alto e ser muito expansivo traga tranquilidade. Acho que uma voz calma para estas situações é o ideal. fazer exercícios que eu já costumo fazer que é respiração profunda respirar, reter e depois deitar fora o ar pensando sempre que estou num riacho que estou a nadar numa água muito quente e que estou numa experiência eu associo sempre as experiências aquáticas a coisas boas mas o verbo também é importante então eu situo-me num riacho com águas moras em que estou tranquilamente a nadar. E vou fazendo a respiração a pensar nisso.",Acho que uma voz calma para estas situações é o ideal.,voz calma situações ideal,4,True,True,,Acho que uma voz calma para estas situações é o ideal.,0,0_tranquila_calma_relaxada_sinto,"['tranquila', 'calma', 'relaxada', 'sinto', 'bocadinho', 'bocadinho calma', 'filme', 'sinto tranquila', 'imagens', 'tranquilidade']","['Um bocadinho mais calma.', 'um bocadinho mais calma.', 'Sim, sinto-me mais tranquila.']",tranquila - calma - relaxada - sinto - bocadinho - bocadinho calma - filme - sinto tranquila - imagens - tranquilidade,1.0,False,Calm and relaxation
91,34,34,Q1,Como se sente agora?,10,3,Control,"Porque a minha intranquilidade deve-se ao facto desta experiência com o enfermeiro que bateu-me imenso nas mãos. E depois acho que um bom profissional não põe a culpa no doente. E depois estava a dizer que eu é que afastei a mão da outra enfermeira. pôs logo e vê-se perfeitamente que entrou na veia logo. Não é andar com o bico à procura, ainda por cima numa zona que é fácil de acesso. Isto tem sido bastante fácil. Isso pôs-me intranquila. Também não acho que falar muito alto e ser muito expansivo traga tranquilidade. Acho que uma voz calma para estas situações é o ideal. fazer exercícios que eu já costumo fazer que é respiração profunda respirar, reter e depois deitar fora o ar pensando sempre que estou num riacho que estou a nadar numa água muito quente e que estou numa experiência eu associo sempre as experiências aquáticas a coisas boas mas o verbo também é importante então eu situo-me num riacho com águas moras em que estou tranquilamente a nadar. E vou fazendo a respiração a pensar nisso.","fazer exercícios que eu já costumo fazer que é respiração profunda respirar, reter e depois deitar fora o ar pensando sempre que estou num riacho que estou a nadar numa água muito quente e que estou numa experiência eu associo sempre as experiências aquáticas a coisas boas mas o verbo também é importante então eu situo-me num riacho com águas moras em que estou tranquilamente a nadar.",fazer exercícios costumo fazer respiração profunda respirar reter deitar fora ar pensando riacho nadar água quente experiência associo experiências aquáticas boas verbo importante situo riacho águas moras tranquilamente nadar,29,True,True,,"fazer exercícios que eu já costumo fazer que é respiração profunda respirar, reter e depois deitar fora o ar pensando sempre que estou num riacho que estou a nadar numa água muito quente e que estou numa experiência eu associo sempre as experiências aquáticas a coisas boas mas o verbo também é importante então eu situo-me num riacho com águas moras em que estou tranquilamente a nadar.",5,5_água_natureza_ar_mar,"['água', 'natureza', 'ar', 'mar', 'barulho', 'gostei', 'barulho água', 'verde', 'falta', 'certa']","['Essa parte, por exemplo, das flores e das árvores, não gostei, porque senti uma certa falta de ar.', 'igual apesar de que tenho uma experiência nova era de toda a improvável que fosse neste sítio é divertido por isso e acho que pode ajudar algumas pessoas que sem os meus medos de precipícios e de cobras conseguirem entrar nesse mundo e distrair-se um bocadinho é mais complicado encontrar uma cobra em um precipício são duas coisas que se calhar os meus valores já aumentaram mas de resto gostei', 'fazer exercícios que eu já costumo fazer que é respiração profunda respirar, reter e depois deitar fora o ar pensando sempre que estou num riacho que estou a nadar numa água muito quente e que estou numa experiência eu associo sempre as experiências aquáticas a coisas boas mas o verbo também é importante então eu situo-me num riacho com águas moras em que estou tranquilamente a nadar.']",água - natureza - ar - mar - barulho - gostei - barulho água - verde - falta - certa,1.0,True,Nature imagery and sensory responses
92,34,34,Q1,Como se sente agora?,11,3,Control,"Porque a minha intranquilidade deve-se ao facto desta experiência com o enfermeiro que bateu-me imenso nas mãos. E depois acho que um bom profissional não põe a culpa no doente. E depois estava a dizer que eu é que afastei a mão da outra enfermeira. pôs logo e vê-se perfeitamente que entrou na veia logo. Não é andar com o bico à procura, ainda por cima numa zona que é fácil de acesso. Isto tem sido bastante fácil. Isso pôs-me intranquila. Também não acho que falar muito alto e ser muito expansivo traga tranquilidade. Acho que uma voz calma para estas situações é o ideal. fazer exercícios que eu já costumo fazer que é respiração profunda respirar, reter e depois deitar fora o ar pensando sempre que estou num riacho que estou a nadar numa água muito quente e que estou numa experiência eu associo sempre as experiências aquáticas a coisas boas mas o verbo também é importante então eu situo-me num riacho com águas moras em que estou tranquilamente a nadar. E vou fazendo a respiração a pensar nisso.",E vou fazendo a respiração a pensar nisso.,vou fazendo respiração pensar nisso,5,True,True,,E vou fazendo a respiração a pensar nisso.,5,5_água_natureza_ar_mar,"['água', 'natureza', 'ar', 'mar', 'barulho', 'gostei', 'barulho água', 'verde', 'falta', 'certa']","['Essa parte, por exemplo, das flores e das árvores, não gostei, porque senti uma certa falta de ar.', 'igual apesar de que tenho uma experiência nova era de toda a improvável que fosse neste sítio é divertido por isso e acho que pode ajudar algumas pessoas que sem os meus medos de precipícios e de cobras conseguirem entrar nesse mundo e distrair-se um bocadinho é mais complicado encontrar uma cobra em um precipício são duas coisas que se calhar os meus valores já aumentaram mas de resto gostei', 'fazer exercícios que eu já costumo fazer que é respiração profunda respirar, reter e depois deitar fora o ar pensando sempre que estou num riacho que estou a nadar numa água muito quente e que estou numa experiência eu associo sempre as experiências aquáticas a coisas boas mas o verbo também é importante então eu situo-me num riacho com águas moras em que estou tranquilamente a nadar.']",água - natureza - ar - mar - barulho - gostei - barulho água - verde - falta - certa,0.1231283890410792,False,Nature imagery and sensory responses
93,35,35,Q1,Como se sente agora?,1,1,VR Art,"Estou bem disposta. Sinto uma calma. O filme é um bocadinho assustador. Tem muitas cores escuras e fantasmas. E parece que vamos colidir contra as estruturas, as paredes. E água, muita água. Sensação de afogamento. É assim.",Estou bem disposta.,disposta,1,True,True,,Estou bem disposta.,10,10_sinto_sinto sinto_estável sinto_desde cheguei,"['sinto', 'sinto sinto', 'estável sinto', 'desde cheguei', 'sentindo sinto', 'quentinha cuidada', 'quentinha', 'fiquei sinto', 'sinto disposta', 'estável']","['Sinto bem.', 'Sinto-me bem.', 'Sinto-me bem, sinto-me estável.']",sinto - sinto sinto - estável sinto - desde cheguei - sentindo sinto - quentinha cuidada - quentinha - fiquei sinto - sinto disposta - estável,1.0,False,Feeling well and stable
94,35,35,Q1,Como se sente agora?,2,1,VR Art,"Estou bem disposta. Sinto uma calma. O filme é um bocadinho assustador. Tem muitas cores escuras e fantasmas. E parece que vamos colidir contra as estruturas, as paredes. E água, muita água. Sensação de afogamento. É assim.",Sinto uma calma.,sinto calma,2,True,True,,Sinto uma calma.,0,0_tranquila_calma_relaxada_sinto,"['tranquila', 'calma', 'relaxada', 'sinto', 'bocadinho', 'bocadinho calma', 'filme', 'sinto tranquila', 'imagens', 'tranquilidade']","['Um bocadinho mais calma.', 'um bocadinho mais calma.', 'Sim, sinto-me mais tranquila.']",tranquila - calma - relaxada - sinto - bocadinho - bocadinho calma - filme - sinto tranquila - imagens - tranquilidade,1.0,False,Calm and relaxation
95,35,35,Q1,Como se sente agora?,3,1,VR Art,"Estou bem disposta. Sinto uma calma. O filme é um bocadinho assustador. Tem muitas cores escuras e fantasmas. E parece que vamos colidir contra as estruturas, as paredes. E água, muita água. Sensação de afogamento. É assim.",O filme é um bocadinho assustador.,filme bocadinho assustador,3,True,True,,O filme é um bocadinho assustador.,0,0_tranquila_calma_relaxada_sinto,"['tranquila', 'calma', 'relaxada', 'sinto', 'bocadinho', 'bocadinho calma', 'filme', 'sinto tranquila', 'imagens', 'tranquilidade']","['Um bocadinho mais calma.', 'um bocadinho mais calma.', 'Sim, sinto-me mais tranquila.']",tranquila - calma - relaxada - sinto - bocadinho - bocadinho calma - filme - sinto tranquila - imagens - tranquilidade,1.0,False,Calm and relaxation
96,35,35,Q1,Como se sente agora?,4,1,VR Art,"Estou bem disposta. Sinto uma calma. O filme é um bocadinho assustador. Tem muitas cores escuras e fantasmas. E parece que vamos colidir contra as estruturas, as paredes. E água, muita água. Sensação de afogamento. É assim.",Tem muitas cores escuras e fantasmas.,cores escuras fantasmas,3,True,True,,Tem muitas cores escuras e fantasmas.,0,0_tranquila_calma_relaxada_sinto,"['tranquila', 'calma', 'relaxada', 'sinto', 'bocadinho', 'bocadinho calma', 'filme', 'sinto tranquila', 'imagens', 'tranquilidade']","['Um bocadinho mais calma.', 'um bocadinho mais calma.', 'Sim, sinto-me mais tranquila.']",tranquila - calma - relaxada - sinto - bocadinho - bocadinho calma - filme - sinto tranquila - imagens - tranquilidade,1.0,False,Calm and relaxation
97,35,35,Q1,Como se sente agora?,5,1,VR Art,"Estou bem disposta. Sinto uma calma. O filme é um bocadinho assustador. Tem muitas cores escuras e fantasmas. E parece que vamos colidir contra as estruturas, as paredes. E água, muita água. Sensação de afogamento. É assim.","E parece que vamos colidir contra as estruturas, as paredes.",parece vamos colidir contra estruturas paredes,6,True,True,,"E parece que vamos colidir contra as estruturas, as paredes.",4,4_cima_ir_sítio_abaixo,"['cima', 'ir', 'sítio', 'abaixo', 'outro sítio', 'outro', 'vamos', 'despachar', 'trabalho', 'quero despachar']","['Eu houve ali mal um sítio que nós vamos e parece que vamos cair.', 'obrigou-me a ir lá acima e depois vim cá abaixo e depois pude ir para cima.', 'No meu caso, porque quero despachar as coisas, quero mesmo despachar, e portanto não é totalmente transportar para aquele lado e não se lembrar do que é que vai.']",cima - ir - sítio - abaixo - outro sítio - outro - vamos - despachar - trabalho - quero despachar,1.0,False,Movement and sense of place
98,35,35,Q1,Como se sente agora?,6,1,VR Art,"Estou bem disposta. Sinto uma calma. O filme é um bocadinho assustador. Tem muitas cores escuras e fantasmas. E parece que vamos colidir contra as estruturas, as paredes. E água, muita água. Sensação de afogamento. É assim.","E água, muita água.",água água,2,True,True,,"E água, muita água.",5,5_água_natureza_ar_mar,"['água', 'natureza', 'ar', 'mar', 'barulho', 'gostei', 'barulho água', 'verde', 'falta', 'certa']","['Essa parte, por exemplo, das flores e das árvores, não gostei, porque senti uma certa falta de ar.', 'igual apesar de que tenho uma experiência nova era de toda a improvável que fosse neste sítio é divertido por isso e acho que pode ajudar algumas pessoas que sem os meus medos de precipícios e de cobras conseguirem entrar nesse mundo e distrair-se um bocadinho é mais complicado encontrar uma cobra em um precipício são duas coisas que se calhar os meus valores já aumentaram mas de resto gostei', 'fazer exercícios que eu já costumo fazer que é respiração profunda respirar, reter e depois deitar fora o ar pensando sempre que estou num riacho que estou a nadar numa água muito quente e que estou numa experiência eu associo sempre as experiências aquáticas a coisas boas mas o verbo também é importante então eu situo-me num riacho com águas moras em que estou tranquilamente a nadar.']",água - natureza - ar - mar - barulho - gostei - barulho água - verde - falta - certa,0.2896591379625072,False,Nature imagery and sensory responses
99,35,35,Q1,Como se sente agora?,7,1,VR Art,"Estou bem disposta. Sinto uma calma. O filme é um bocadinho assustador. Tem muitas cores escuras e fantasmas. E parece que vamos colidir contra as estruturas, as paredes. E água, muita água. Sensação de afogamento. É assim.",Sensação de afogamento.,sensação afogamento,2,True,True,,Sensação de afogamento.,2,2_mim_diferente_diferença_bocadinho,"['mim', 'diferente', 'diferença', 'bocadinho', 'tipo', 'vídeo', 'pôs', 'emoção', 'logo', 'bocadinho diferença']","['pôs logo e vê-se perfeitamente que entrou na veia logo.', 'Eu acho que a diferença, eu já estava calma, acho que a diferença foi explotar um bocadinho mais de sentimentos mais de alegria, mais bem disposta, digamos.', 'É claro que se sente um bocadinho, mas não é assim uma diferença, no meu caso, significativa.']",mim - diferente - diferença - bocadinho - tipo - vídeo - pôs - emoção - logo - bocadinho diferença,1.0,False,Subjective emotional and experiential effects
101,36,36,Q1,Como se sente agora?,1,3,Control,Um bocadito mais calma que estive tanto acusada.,Um bocadito mais calma que estive tanto acusada.,bocadito calma estive tanto acusada,5,True,True,,Um bocadito mais calma que estive tanto acusada.,0,0_tranquila_calma_relaxada_sinto,"['tranquila', 'calma', 'relaxada', 'sinto', 'bocadinho', 'bocadinho calma', 'filme', 'sinto tranquila', 'imagens', 'tranquilidade']","['Um bocadinho mais calma.', 'um bocadinho mais calma.', 'Sim, sinto-me mais tranquila.']",tranquila - calma - relaxada - sinto - bocadinho - bocadinho calma - filme - sinto tranquila - imagens - tranquilidade,1.0,False,Calm and relaxation
102,37,37,Q1,Como se sente agora?,1,2,VR Only,"Estou relaxada, mas um pouquinho preocupada, mas confiante.","Estou relaxada, mas um pouquinho preocupada, mas confiante.",relaxada pouquinho preocupada confiante,4,True,True,,"Estou relaxada, mas um pouquinho preocupada, mas confiante.",0,0_tranquila_calma_relaxada_sinto,"['tranquila', 'calma', 'relaxada', 'sinto', 'bocadinho', 'bocadinho calma', 'filme', 'sinto tranquila', 'imagens', 'tranquilidade']","['Um bocadinho mais calma.', 'um bocadinho mais calma.', 'Sim, sinto-me mais tranquila.']",tranquila - calma - relaxada - sinto - bocadinho - bocadinho calma - filme - sinto tranquila - imagens - tranquilidade,1.0,False,Calm and relaxation
103,38,38,Q1,Como se sente agora?,1,1,VR Art,"Foi muito bonito, a animação foi muito bonita. Fez-me querer sair e passear e ver coisas novas. Natureza, coisas que eu adoro, natureza. Caminhadas. Fez-me levantar e sair","Foi muito bonito, a animação foi muito bonita.",bonito animação bonita,3,True,True,,"Foi muito bonito, a animação foi muito bonita.",0,0_tranquila_calma_relaxada_sinto,"['tranquila', 'calma', 'relaxada', 'sinto', 'bocadinho', 'bocadinho calma', 'filme', 'sinto tranquila', 'imagens', 'tranquilidade']","['Um bocadinho mais calma.', 'um bocadinho mais calma.', 'Sim, sinto-me mais tranquila.']",tranquila - calma - relaxada - sinto - bocadinho - bocadinho calma - filme - sinto tranquila - imagens - tranquilidade,1.0,False,Calm and relaxation
104,38,38,Q1,Como se sente agora?,2,1,VR Art,"Foi muito bonito, a animação foi muito bonita. Fez-me querer sair e passear e ver coisas novas. Natureza, coisas que eu adoro, natureza. Caminhadas. Fez-me levantar e sair",Fez-me querer sair e passear e ver coisas novas.,fez querer sair passear ver novas,6,True,True,,Fez-me querer sair e passear e ver coisas novas.,5,5_água_natureza_ar_mar,"['água', 'natureza', 'ar', 'mar', 'barulho', 'gostei', 'barulho água', 'verde', 'falta', 'certa']","['Essa parte, por exemplo, das flores e das árvores, não gostei, porque senti uma certa falta de ar.', 'igual apesar de que tenho uma experiência nova era de toda a improvável que fosse neste sítio é divertido por isso e acho que pode ajudar algumas pessoas que sem os meus medos de precipícios e de cobras conseguirem entrar nesse mundo e distrair-se um bocadinho é mais complicado encontrar uma cobra em um precipício são duas coisas que se calhar os meus valores já aumentaram mas de resto gostei', 'fazer exercícios que eu já costumo fazer que é respiração profunda respirar, reter e depois deitar fora o ar pensando sempre que estou num riacho que estou a nadar numa água muito quente e que estou numa experiência eu associo sempre as experiências aquáticas a coisas boas mas o verbo também é importante então eu situo-me num riacho com águas moras em que estou tranquilamente a nadar.']",água - natureza - ar - mar - barulho - gostei - barulho água - verde - falta - certa,0.1293255371530463,False,Nature imagery and sensory responses
105,38,38,Q1,Como se sente agora?,3,1,VR Art,"Foi muito bonito, a animação foi muito bonita. Fez-me querer sair e passear e ver coisas novas. Natureza, coisas que eu adoro, natureza. Caminhadas. Fez-me levantar e sair","Natureza, coisas que eu adoro, natureza.",natureza adoro natureza,3,True,True,,"Natureza, coisas que eu adoro, natureza.",5,5_água_natureza_ar_mar,"['água', 'natureza', 'ar', 'mar', 'barulho', 'gostei', 'barulho água', 'verde', 'falta', 'certa']","['Essa parte, por exemplo, das flores e das árvores, não gostei, porque senti uma certa falta de ar.', 'igual apesar de que tenho uma experiência nova era de toda a improvável que fosse neste sítio é divertido por isso e acho que pode ajudar algumas pessoas que sem os meus medos de precipícios e de cobras conseguirem entrar nesse mundo e distrair-se um bocadinho é mais complicado encontrar uma cobra em um precipício são duas coisas que se calhar os meus valores já aumentaram mas de resto gostei', 'fazer exercícios que eu já costumo fazer que é respiração profunda respirar, reter e depois deitar fora o ar pensando sempre que estou num riacho que estou a nadar numa água muito quente e que estou numa experiência eu associo sempre as experiências aquáticas a coisas boas mas o verbo também é importante então eu situo-me num riacho com águas moras em que estou tranquilamente a nadar.']",água - natureza - ar - mar - barulho - gostei - barulho água - verde - falta - certa,1.0,False,Nature imagery and sensory responses
106,38,38,Q1,Como se sente agora?,4,1,VR Art,"Foi muito bonito, a animação foi muito bonita. Fez-me querer sair e passear e ver coisas novas. Natureza, coisas que eu adoro, natureza. Caminhadas. Fez-me levantar e sair",Caminhadas.,caminhadas,1,True,True,,Caminhadas.,4,4_cima_ir_sítio_abaixo,"['cima', 'ir', 'sítio', 'abaixo', 'outro sítio', 'outro', 'vamos', 'despachar', 'trabalho', 'quero despachar']","['Eu houve ali mal um sítio que nós vamos e parece que vamos cair.', 'obrigou-me a ir lá acima e depois vim cá abaixo e depois pude ir para cima.', 'No meu caso, porque quero despachar as coisas, quero mesmo despachar, e portanto não é totalmente transportar para aquele lado e não se lembrar do que é que vai.']",cima - ir - sítio - abaixo - outro sítio - outro - vamos - despachar - trabalho - quero despachar,1.0,False,Movement and sense of place
107,38,38,Q1,Como se sente agora?,5,1,VR Art,"Foi muito bonito, a animação foi muito bonita. Fez-me querer sair e passear e ver coisas novas. Natureza, coisas que eu adoro, natureza. Caminhadas. Fez-me levantar e sair",Fez-me levantar e sair,fez levantar sair,3,True,True,,Fez-me levantar e sair,4,4_cima_ir_sítio_abaixo,"['cima', 'ir', 'sítio', 'abaixo', 'outro sítio', 'outro', 'vamos', 'despachar', 'trabalho', 'quero despachar']","['Eu houve ali mal um sítio que nós vamos e parece que vamos cair.', 'obrigou-me a ir lá acima e depois vim cá abaixo e depois pude ir para cima.', 'No meu caso, porque quero despachar as coisas, quero mesmo despachar, e portanto não é totalmente transportar para aquele lado e não se lembrar do que é que vai.']",cima - ir - sítio - abaixo - outro sítio - outro - vamos - despachar - trabalho - quero despachar,1.0,False,Movement and sense of place
108,39,39,Q1,Como se sente agora?,1,3,Control,"Muito tranquila. Estive a pensar em coisas de trabalho. Coisas que tenho que resolver. E que... Pronto, coisas de trabalho mesmo.",Muito tranquila.,tranquila,1,True,True,,Muito tranquila.,0,0_tranquila_calma_relaxada_sinto,"['tranquila', 'calma', 'relaxada', 'sinto', 'bocadinho', 'bocadinho calma', 'filme', 'sinto tranquila', 'imagens', 'tranquilidade']","['Um bocadinho mais calma.', 'um bocadinho mais calma.', 'Sim, sinto-me mais tranquila.']",tranquila - calma - relaxada - sinto - bocadinho - bocadinho calma - filme - sinto tranquila - imagens - tranquilidade,0.6123623352110497,False,Calm and relaxation
109,39,39,Q1,Como se sente agora?,2,3,Control,"Muito tranquila. Estive a pensar em coisas de trabalho. Coisas que tenho que resolver. E que... Pronto, coisas de trabalho mesmo.",Estive a pensar em coisas de trabalho.,estive pensar trabalho,3,True,True,,Estive a pensar em coisas de trabalho.,4,4_cima_ir_sítio_abaixo,"['cima', 'ir', 'sítio', 'abaixo', 'outro sítio', 'outro', 'vamos', 'despachar', 'trabalho', 'quero despachar']","['Eu houve ali mal um sítio que nós vamos e parece que vamos cair.', 'obrigou-me a ir lá acima e depois vim cá abaixo e depois pude ir para cima.', 'No meu caso, porque quero despachar as coisas, quero mesmo despachar, e portanto não é totalmente transportar para aquele lado e não se lembrar do que é que vai.']",cima - ir - sítio - abaixo - outro sítio - outro - vamos - despachar - trabalho - quero despachar,0.1041402862134594,False,Movement and sense of place
110,39,39,Q1,Como se sente agora?,3,3,Control,"Muito tranquila. Estive a pensar em coisas de trabalho. Coisas que tenho que resolver. E que... Pronto, coisas de trabalho mesmo.",Coisas que tenho que resolver.,resolver,1,True,True,,Coisas que tenho que resolver.,4,4_cima_ir_sítio_abaixo,"['cima', 'ir', 'sítio', 'abaixo', 'outro sítio', 'outro', 'vamos', 'despachar', 'trabalho', 'quero despachar']","['Eu houve ali mal um sítio que nós vamos e parece que vamos cair.', 'obrigou-me a ir lá acima e depois vim cá abaixo e depois pude ir para cima.', 'No meu caso, porque quero despachar as coisas, quero mesmo despachar, e portanto não é totalmente transportar para aquele lado e não se lembrar do que é que vai.']",cima - ir - sítio - abaixo - outro sítio - outro - vamos - despachar - trabalho - quero despachar,0.0976946746808553,False,Movement and sense of place
112,39,39,Q1,Como se sente agora?,5,3,Control,"Muito tranquila. Estive a pensar em coisas de trabalho. Coisas que tenho que resolver. E que... Pronto, coisas de trabalho mesmo.","Pronto, coisas de trabalho mesmo.",trabalho,1,True,True,,"Pronto, coisas de trabalho mesmo.",4,4_cima_ir_sítio_abaixo,"['cima', 'ir', 'sítio', 'abaixo', 'outro sítio', 'outro', 'vamos', 'despachar', 'trabalho', 'quero despachar']","['Eu houve ali mal um sítio que nós vamos e parece que vamos cair.', 'obrigou-me a ir lá acima e depois vim cá abaixo e depois pude ir para cima.', 'No meu caso, porque quero despachar as coisas, quero mesmo despachar, e portanto não é totalmente transportar para aquele lado e não se lembrar do que é que vai.']",cima - ir - sítio - abaixo - outro sítio - outro - vamos - despachar - trabalho - quero despachar,0.0996729173747253,False,Movement and sense of place
113,40,40,Q1,Como se sente agora?,1,2,VR Only,"Sinto-me bem, sinto-me estável.","Sinto-me bem, sinto-me estável.",sinto sinto estável,3,True,True,,"Sinto-me bem, sinto-me estável.",10,10_sinto_sinto sinto_estável sinto_desde cheguei,"['sinto', 'sinto sinto', 'estável sinto', 'desde cheguei', 'sentindo sinto', 'quentinha cuidada', 'quentinha', 'fiquei sinto', 'sinto disposta', 'estável']","['Sinto bem.', 'Sinto-me bem.', 'Sinto-me bem, sinto-me estável.']",sinto - sinto sinto - estável sinto - desde cheguei - sentindo sinto - quentinha cuidada - quentinha - fiquei sinto - sinto disposta - estável,1.0,True,Feeling well and stable
114,41,41,Q1,Como se sente agora?,1,1,VR Art,Estou mais calma. Não era medo. São imagens muito fortes. A gente irá andar. Parece que vamos andar no mar. E no ar.,Estou mais calma.,calma,1,True,True,,Estou mais calma.,0,0_tranquila_calma_relaxada_sinto,"['tranquila', 'calma', 'relaxada', 'sinto', 'bocadinho', 'bocadinho calma', 'filme', 'sinto tranquila', 'imagens', 'tranquilidade']","['Um bocadinho mais calma.', 'um bocadinho mais calma.', 'Sim, sinto-me mais tranquila.']",tranquila - calma - relaxada - sinto - bocadinho - bocadinho calma - filme - sinto tranquila - imagens - tranquilidade,1.0,False,Calm and relaxation
115,41,41,Q1,Como se sente agora?,2,1,VR Art,Estou mais calma. Não era medo. São imagens muito fortes. A gente irá andar. Parece que vamos andar no mar. E no ar.,Não era medo.,medo,1,True,True,,Não era medo.,0,0_tranquila_calma_relaxada_sinto,"['tranquila', 'calma', 'relaxada', 'sinto', 'bocadinho', 'bocadinho calma', 'filme', 'sinto tranquila', 'imagens', 'tranquilidade']","['Um bocadinho mais calma.', 'um bocadinho mais calma.', 'Sim, sinto-me mais tranquila.']",tranquila - calma - relaxada - sinto - bocadinho - bocadinho calma - filme - sinto tranquila - imagens - tranquilidade,1.0,False,Calm and relaxation
116,41,41,Q1,Como se sente agora?,3,1,VR Art,Estou mais calma. Não era medo. São imagens muito fortes. A gente irá andar. Parece que vamos andar no mar. E no ar.,São imagens muito fortes.,imagens fortes,2,True,True,,São imagens muito fortes.,0,0_tranquila_calma_relaxada_sinto,"['tranquila', 'calma', 'relaxada', 'sinto', 'bocadinho', 'bocadinho calma', 'filme', 'sinto tranquila', 'imagens', 'tranquilidade']","['Um bocadinho mais calma.', 'um bocadinho mais calma.', 'Sim, sinto-me mais tranquila.']",tranquila - calma - relaxada - sinto - bocadinho - bocadinho calma - filme - sinto tranquila - imagens - tranquilidade,1.0,False,Calm and relaxation
117,41,41,Q1,Como se sente agora?,4,1,VR Art,Estou mais calma. Não era medo. São imagens muito fortes. A gente irá andar. Parece que vamos andar no mar. E no ar.,A gente irá andar.,gente irá andar,3,True,True,,A gente irá andar.,4,4_cima_ir_sítio_abaixo,"['cima', 'ir', 'sítio', 'abaixo', 'outro sítio', 'outro', 'vamos', 'despachar', 'trabalho', 'quero despachar']","['Eu houve ali mal um sítio que nós vamos e parece que vamos cair.', 'obrigou-me a ir lá acima e depois vim cá abaixo e depois pude ir para cima.', 'No meu caso, porque quero despachar as coisas, quero mesmo despachar, e portanto não é totalmente transportar para aquele lado e não se lembrar do que é que vai.']",cima - ir - sítio - abaixo - outro sítio - outro - vamos - despachar - trabalho - quero despachar,1.0,False,Movement and sense of place
118,41,41,Q1,Como se sente agora?,5,1,VR Art,Estou mais calma. Não era medo. São imagens muito fortes. A gente irá andar. Parece que vamos andar no mar. E no ar.,Parece que vamos andar no mar.,parece vamos andar mar,4,True,True,,Parece que vamos andar no mar.,5,5_água_natureza_ar_mar,"['água', 'natureza', 'ar', 'mar', 'barulho', 'gostei', 'barulho água', 'verde', 'falta', 'certa']","['Essa parte, por exemplo, das flores e das árvores, não gostei, porque senti uma certa falta de ar.', 'igual apesar de que tenho uma experiência nova era de toda a improvável que fosse neste sítio é divertido por isso e acho que pode ajudar algumas pessoas que sem os meus medos de precipícios e de cobras conseguirem entrar nesse mundo e distrair-se um bocadinho é mais complicado encontrar uma cobra em um precipício são duas coisas que se calhar os meus valores já aumentaram mas de resto gostei', 'fazer exercícios que eu já costumo fazer que é respiração profunda respirar, reter e depois deitar fora o ar pensando sempre que estou num riacho que estou a nadar numa água muito quente e que estou numa experiência eu associo sempre as experiências aquáticas a coisas boas mas o verbo também é importante então eu situo-me num riacho com águas moras em que estou tranquilamente a nadar.']",água - natureza - ar - mar - barulho - gostei - barulho água - verde - falta - certa,0.2579553384224117,False,Nature imagery and sensory responses
119,41,41,Q1,Como se sente agora?,6,1,VR Art,Estou mais calma. Não era medo. São imagens muito fortes. A gente irá andar. Parece que vamos andar no mar. E no ar.,E no ar.,ar,1,True,True,,E no ar.,5,5_água_natureza_ar_mar,"['água', 'natureza', 'ar', 'mar', 'barulho', 'gostei', 'barulho água', 'verde', 'falta', 'certa']","['Essa parte, por exemplo, das flores e das árvores, não gostei, porque senti uma certa falta de ar.', 'igual apesar de que tenho uma experiência nova era de toda a improvável que fosse neste sítio é divertido por isso e acho que pode ajudar algumas pessoas que sem os meus medos de precipícios e de cobras conseguirem entrar nesse mundo e distrair-se um bocadinho é mais complicado encontrar uma cobra em um precipício são duas coisas que se calhar os meus valores já aumentaram mas de resto gostei', 'fazer exercícios que eu já costumo fazer que é respiração profunda respirar, reter e depois deitar fora o ar pensando sempre que estou num riacho que estou a nadar numa água muito quente e que estou numa experiência eu associo sempre as experiências aquáticas a coisas boas mas o verbo também é importante então eu situo-me num riacho com águas moras em que estou tranquilamente a nadar.']",água - natureza - ar - mar - barulho - gostei - barulho água - verde - falta - certa,0.2146058877138249,False,Nature imagery and sensory responses
120,42,42,Q1,Como se sente agora?,1,3,Control,"Sinto bem. Sinto bem. Ligeiramente a aguardar a entrada para a cirurgia. Confiante, acho que sim. Eu acho que é importante a pessoa manter-se positiva. O esforço é manter-se sempre positiva e neste nível de positividade. Porque se vai abaixo, depois é muito mais difícil caminhar para cima. Portanto, o esforço é não ir abaixo. Não é o sair da coisa, é muito mais complicado.",Sinto bem.,sinto,1,True,True,,Sinto bem.,10,10_sinto_sinto sinto_estável sinto_desde cheguei,"['sinto', 'sinto sinto', 'estável sinto', 'desde cheguei', 'sentindo sinto', 'quentinha cuidada', 'quentinha', 'fiquei sinto', 'sinto disposta', 'estável']","['Sinto bem.', 'Sinto-me bem.', 'Sinto-me bem, sinto-me estável.']",sinto - sinto sinto - estável sinto - desde cheguei - sentindo sinto - quentinha cuidada - quentinha - fiquei sinto - sinto disposta - estável,1.0,True,Feeling well and stable
121,42,42,Q1,Como se sente agora?,2,3,Control,"Sinto bem. Sinto bem. Ligeiramente a aguardar a entrada para a cirurgia. Confiante, acho que sim. Eu acho que é importante a pessoa manter-se positiva. O esforço é manter-se sempre positiva e neste nível de positividade. Porque se vai abaixo, depois é muito mais difícil caminhar para cima. Portanto, o esforço é não ir abaixo. Não é o sair da coisa, é muito mais complicado.",Sinto bem.,sinto,1,True,True,,Sinto bem.,10,10_sinto_sinto sinto_estável sinto_desde cheguei,"['sinto', 'sinto sinto', 'estável sinto', 'desde cheguei', 'sentindo sinto', 'quentinha cuidada', 'quentinha', 'fiquei sinto', 'sinto disposta', 'estável']","['Sinto bem.', 'Sinto-me bem.', 'Sinto-me bem, sinto-me estável.']",sinto - sinto sinto - estável sinto - desde cheguei - sentindo sinto - quentinha cuidada - quentinha - fiquei sinto - sinto disposta - estável,1.0,True,Feeling well and stable
122,42,42,Q1,Como se sente agora?,3,3,Control,"Sinto bem. Sinto bem. Ligeiramente a aguardar a entrada para a cirurgia. Confiante, acho que sim. Eu acho que é importante a pessoa manter-se positiva. O esforço é manter-se sempre positiva e neste nível de positividade. Porque se vai abaixo, depois é muito mais difícil caminhar para cima. Portanto, o esforço é não ir abaixo. Não é o sair da coisa, é muito mais complicado.",Ligeiramente a aguardar a entrada para a cirurgia.,ligeiramente aguardar entrada cirurgia,4,True,True,,Ligeiramente a aguardar a entrada para a cirurgia.,3,3_cirurgia_vai_fazer_pode depressa,"['cirurgia', 'vai', 'fazer', 'pode depressa', 'óculos', 'exame', 'doutor', 'sou', 'depressa', 'sei']","['A minha técnica consta em fazer uma revisão do que tenho para fazer depois da cirurgia e organizar os meus pensamentos, organizar os meus planos, de maneira a que não foque no que realmente me preocupa no imediato que vai acontecer.', 'É mesmo só essa ansiosa, ansiosa, pode mais depressa melhor, pode mais depressa isto, pode mais depressa sai, mas é mesmo, a preocupação é mesmo o cuidado e o pós, o que é que vai vir a seguir, vai correr tudo bem, é certo, mas não deixa de ser uma cirurgia, não deixa de ser...', 'durante o vídeo eu abstraí-me completamente do sítio onde estava estava completamente envolvida no vídeo após tirar os óculos senti-me um bocadinho mais calma mas como entretanto entrou o doutor Pedro o meu pensamento voltou outra vez para a cirurgia mas acho que o facto desse vídeo ser neste momento eu acho que sim que faz muito sentido principalmente para quem está com descansamentos']",cirurgia - vai - fazer - pode depressa - óculos - exame - doutor - sou - depressa - sei,1.0,False,Surgical concerns and coping
123,42,42,Q1,Como se sente agora?,4,3,Control,"Sinto bem. Sinto bem. Ligeiramente a aguardar a entrada para a cirurgia. Confiante, acho que sim. Eu acho que é importante a pessoa manter-se positiva. O esforço é manter-se sempre positiva e neste nível de positividade. Porque se vai abaixo, depois é muito mais difícil caminhar para cima. Portanto, o esforço é não ir abaixo. Não é o sair da coisa, é muito mais complicado.","Confiante, acho que sim.",confiante,1,True,True,,"Confiante, acho que sim.",0,0_tranquila_calma_relaxada_sinto,"['tranquila', 'calma', 'relaxada', 'sinto', 'bocadinho', 'bocadinho calma', 'filme', 'sinto tranquila', 'imagens', 'tranquilidade']","['Um bocadinho mais calma.', 'um bocadinho mais calma.', 'Sim, sinto-me mais tranquila.']",tranquila - calma - relaxada - sinto - bocadinho - bocadinho calma - filme - sinto tranquila - imagens - tranquilidade,0.6846643066734494,False,Calm and relaxation
124,42,42,Q1,Como se sente agora?,5,3,Control,"Sinto bem. Sinto bem. Ligeiramente a aguardar a entrada para a cirurgia. Confiante, acho que sim. Eu acho que é importante a pessoa manter-se positiva. O esforço é manter-se sempre positiva e neste nível de positividade. Porque se vai abaixo, depois é muito mais difícil caminhar para cima. Portanto, o esforço é não ir abaixo. Não é o sair da coisa, é muito mais complicado.",Eu acho que é importante a pessoa manter-se positiva.,importante pessoa manter positiva,4,True,True,,Eu acho que é importante a pessoa manter-se positiva.,7,7_manter_correu_positiva_manter positiva,"['manter', 'correu', 'positiva', 'manter positiva', 'dentro', 'positivo', 'normal', 'normal dentro', 'positivo razão', 'positiva neste']","['Bem, dentro do normal, bem, dentro das circunstâncias', 'Eu acho que é importante a pessoa manter-se positiva.', 'O esforço é manter-se sempre positiva e neste nível de positividade.']",manter - correu - positiva - manter positiva - dentro - positivo - normal - normal dentro - positivo razão - positiva neste,0.2288103063014333,True,Positive appraisal and optimism
125,42,42,Q1,Como se sente agora?,6,3,Control,"Sinto bem. Sinto bem. Ligeiramente a aguardar a entrada para a cirurgia. Confiante, acho que sim. Eu acho que é importante a pessoa manter-se positiva. O esforço é manter-se sempre positiva e neste nível de positividade. Porque se vai abaixo, depois é muito mais difícil caminhar para cima. Portanto, o esforço é não ir abaixo. Não é o sair da coisa, é muito mais complicado.",O esforço é manter-se sempre positiva e neste nível de positividade.,esforço manter positiva neste nível positividade,6,True,True,,O esforço é manter-se sempre positiva e neste nível de positividade.,7,7_manter_correu_positiva_manter positiva,"['manter', 'correu', 'positiva', 'manter positiva', 'dentro', 'positivo', 'normal', 'normal dentro', 'positivo razão', 'positiva neste']","['Bem, dentro do normal, bem, dentro das circunstâncias', 'Eu acho que é importante a pessoa manter-se positiva.', 'O esforço é manter-se sempre positiva e neste nível de positividade.']",manter - correu - positiva - manter positiva - dentro - positivo - normal - normal dentro - positivo razão - positiva neste,0.1923944288218068,True,Positive appraisal and optimism
126,42,42,Q1,Como se sente agora?,7,3,Control,"Sinto bem. Sinto bem. Ligeiramente a aguardar a entrada para a cirurgia. Confiante, acho que sim. Eu acho que é importante a pessoa manter-se positiva. O esforço é manter-se sempre positiva e neste nível de positividade. Porque se vai abaixo, depois é muito mais difícil caminhar para cima. Portanto, o esforço é não ir abaixo. Não é o sair da coisa, é muito mais complicado.","Porque se vai abaixo, depois é muito mais difícil caminhar para cima.",vai abaixo difícil caminhar cima,5,True,True,,"Porque se vai abaixo, depois é muito mais difícil caminhar para cima.",4,4_cima_ir_sítio_abaixo,"['cima', 'ir', 'sítio', 'abaixo', 'outro sítio', 'outro', 'vamos', 'despachar', 'trabalho', 'quero despachar']","['Eu houve ali mal um sítio que nós vamos e parece que vamos cair.', 'obrigou-me a ir lá acima e depois vim cá abaixo e depois pude ir para cima.', 'No meu caso, porque quero despachar as coisas, quero mesmo despachar, e portanto não é totalmente transportar para aquele lado e não se lembrar do que é que vai.']",cima - ir - sítio - abaixo - outro sítio - outro - vamos - despachar - trabalho - quero despachar,1.0,False,Movement and sense of place
127,42,42,Q1,Como se sente agora?,8,3,Control,"Sinto bem. Sinto bem. Ligeiramente a aguardar a entrada para a cirurgia. Confiante, acho que sim. Eu acho que é importante a pessoa manter-se positiva. O esforço é manter-se sempre positiva e neste nível de positividade. Porque se vai abaixo, depois é muito mais difícil caminhar para cima. Portanto, o esforço é não ir abaixo. Não é o sair da coisa, é muito mais complicado.","Portanto, o esforço é não ir abaixo.",esforço ir abaixo,3,True,True,,"Portanto, o esforço é não ir abaixo.",4,4_cima_ir_sítio_abaixo,"['cima', 'ir', 'sítio', 'abaixo', 'outro sítio', 'outro', 'vamos', 'despachar', 'trabalho', 'quero despachar']","['Eu houve ali mal um sítio que nós vamos e parece que vamos cair.', 'obrigou-me a ir lá acima e depois vim cá abaixo e depois pude ir para cima.', 'No meu caso, porque quero despachar as coisas, quero mesmo despachar, e portanto não é totalmente transportar para aquele lado e não se lembrar do que é que vai.']",cima - ir - sítio - abaixo - outro sítio - outro - vamos - despachar - trabalho - quero despachar,0.1586020090421837,False,Movement and sense of place
128,42,42,Q1,Como se sente agora?,9,3,Control,"Sinto bem. Sinto bem. Ligeiramente a aguardar a entrada para a cirurgia. Confiante, acho que sim. Eu acho que é importante a pessoa manter-se positiva. O esforço é manter-se sempre positiva e neste nível de positividade. Porque se vai abaixo, depois é muito mais difícil caminhar para cima. Portanto, o esforço é não ir abaixo. Não é o sair da coisa, é muito mais complicado.","Não é o sair da coisa, é muito mais complicado.",sair complicado,2,True,True,,"Não é o sair da coisa, é muito mais complicado.",4,4_cima_ir_sítio_abaixo,"['cima', 'ir', 'sítio', 'abaixo', 'outro sítio', 'outro', 'vamos', 'despachar', 'trabalho', 'quero despachar']","['Eu houve ali mal um sítio que nós vamos e parece que vamos cair.', 'obrigou-me a ir lá acima e depois vim cá abaixo e depois pude ir para cima.', 'No meu caso, porque quero despachar as coisas, quero mesmo despachar, e portanto não é totalmente transportar para aquele lado e não se lembrar do que é que vai.']",cima - ir - sítio - abaixo - outro sítio - outro - vamos - despachar - trabalho - quero despachar,1.0,False,Movement and sense of place
129,43,43,Q1,Como se sente agora?,1,2,VR Only,"Foi uma sensação de estar numa ligação, de sensação de paz, de equilíbrio, de harmonia e ajudou-me a relaxar. E houve determinados momentos que comecei a fechar os olhos, a sentir mais sonolência, mas no sentido de estar relaxada, tranquila e em paz. Foi uma sensação muito de conforto e de relaxamento.","Foi uma sensação de estar numa ligação, de sensação de paz, de equilíbrio, de harmonia e ajudou-me a relaxar.",sensação ligação sensação paz equilíbrio harmonia ajudou relaxar,8,True,True,,"Foi uma sensação de estar numa ligação, de sensação de paz, de equilíbrio, de harmonia e ajudou-me a relaxar.",0,0_tranquila_calma_relaxada_sinto,"['tranquila', 'calma', 'relaxada', 'sinto', 'bocadinho', 'bocadinho calma', 'filme', 'sinto tranquila', 'imagens', 'tranquilidade']","['Um bocadinho mais calma.', 'um bocadinho mais calma.', 'Sim, sinto-me mais tranquila.']",tranquila - calma - relaxada - sinto - bocadinho - bocadinho calma - filme - sinto tranquila - imagens - tranquilidade,0.4463839676076572,False,Calm and relaxation
130,43,43,Q1,Como se sente agora?,2,2,VR Only,"Foi uma sensação de estar numa ligação, de sensação de paz, de equilíbrio, de harmonia e ajudou-me a relaxar. E houve determinados momentos que comecei a fechar os olhos, a sentir mais sonolência, mas no sentido de estar relaxada, tranquila e em paz. Foi uma sensação muito de conforto e de relaxamento.","E houve determinados momentos que comecei a fechar os olhos, a sentir mais sonolência, mas no sentido de estar relaxada, tranquila e em paz.",determinados momentos comecei fechar olhos sentir sonolência sentido relaxada tranquila paz,11,True,True,,"E houve determinados momentos que comecei a fechar os olhos, a sentir mais sonolência, mas no sentido de estar relaxada, tranquila e em paz.",0,0_tranquila_calma_relaxada_sinto,"['tranquila', 'calma', 'relaxada', 'sinto', 'bocadinho', 'bocadinho calma', 'filme', 'sinto tranquila', 'imagens', 'tranquilidade']","['Um bocadinho mais calma.', 'um bocadinho mais calma.', 'Sim, sinto-me mais tranquila.']",tranquila - calma - relaxada - sinto - bocadinho - bocadinho calma - filme - sinto tranquila - imagens - tranquilidade,0.4367394935464301,False,Calm and relaxation
131,43,43,Q1,Como se sente agora?,3,2,VR Only,"Foi uma sensação de estar numa ligação, de sensação de paz, de equilíbrio, de harmonia e ajudou-me a relaxar. E houve determinados momentos que comecei a fechar os olhos, a sentir mais sonolência, mas no sentido de estar relaxada, tranquila e em paz. Foi uma sensação muito de conforto e de relaxamento.",Foi uma sensação muito de conforto e de relaxamento.,sensação conforto relaxamento,3,True,True,,Foi uma sensação muito de conforto e de relaxamento.,0,0_tranquila_calma_relaxada_sinto,"['tranquila', 'calma', 'relaxada', 'sinto', 'bocadinho', 'bocadinho calma', 'filme', 'sinto tranquila', 'imagens', 'tranquilidade']","['Um bocadinho mais calma.', 'um bocadinho mais calma.', 'Sim, sinto-me mais tranquila.']",tranquila - calma - relaxada - sinto - bocadinho - bocadinho calma - filme - sinto tranquila - imagens - tranquilidade,0.5718598810850064,False,Calm and relaxation
132,44,44,Q1,Como se sente agora?,1,1,VR Art,calma sendo tranquila gostei do do vídeo da animação gostei acho que ia ser mais realista ia ser mais realista mas achei achei que me despertou também a curiosidade de ver as várias coisas que estariam a acontecer hum Como é que me sinto? Sinto-me ainda mais abstraída da cirurgia.,calma sendo tranquila gostei do do vídeo da animação gostei acho que ia ser mais realista ia ser mais realista mas achei achei que me despertou também a curiosidade de ver as várias coisas que estariam a acontecer hum Como é que me sinto?,calma sendo tranquila gostei vídeo animação gostei ia realista ia realista achei achei despertou curiosidade ver várias estariam acontecer hum sinto,21,True,True,,calma sendo tranquila gostei do do vídeo da animação gostei acho que ia ser mais realista ia ser mais realista mas achei achei que me despertou também a curiosidade de ver as várias coisas que estariam a acontecer hum Como é que me sinto?,0,0_tranquila_calma_relaxada_sinto,"['tranquila', 'calma', 'relaxada', 'sinto', 'bocadinho', 'bocadinho calma', 'filme', 'sinto tranquila', 'imagens', 'tranquilidade']","['Um bocadinho mais calma.', 'um bocadinho mais calma.', 'Sim, sinto-me mais tranquila.']",tranquila - calma - relaxada - sinto - bocadinho - bocadinho calma - filme - sinto tranquila - imagens - tranquilidade,1.0,False,Calm and relaxation
133,44,44,Q1,Como se sente agora?,2,1,VR Art,calma sendo tranquila gostei do do vídeo da animação gostei acho que ia ser mais realista ia ser mais realista mas achei achei que me despertou também a curiosidade de ver as várias coisas que estariam a acontecer hum Como é que me sinto? Sinto-me ainda mais abstraída da cirurgia.,Sinto-me ainda mais abstraída da cirurgia.,sinto ainda abstraída cirurgia,4,True,True,,Sinto-me ainda mais abstraída da cirurgia.,3,3_cirurgia_vai_fazer_pode depressa,"['cirurgia', 'vai', 'fazer', 'pode depressa', 'óculos', 'exame', 'doutor', 'sou', 'depressa', 'sei']","['A minha técnica consta em fazer uma revisão do que tenho para fazer depois da cirurgia e organizar os meus pensamentos, organizar os meus planos, de maneira a que não foque no que realmente me preocupa no imediato que vai acontecer.', 'É mesmo só essa ansiosa, ansiosa, pode mais depressa melhor, pode mais depressa isto, pode mais depressa sai, mas é mesmo, a preocupação é mesmo o cuidado e o pós, o que é que vai vir a seguir, vai correr tudo bem, é certo, mas não deixa de ser uma cirurgia, não deixa de ser...', 'durante o vídeo eu abstraí-me completamente do sítio onde estava estava completamente envolvida no vídeo após tirar os óculos senti-me um bocadinho mais calma mas como entretanto entrou o doutor Pedro o meu pensamento voltou outra vez para a cirurgia mas acho que o facto desse vídeo ser neste momento eu acho que sim que faz muito sentido principalmente para quem está com descansamentos']",cirurgia - vai - fazer - pode depressa - óculos - exame - doutor - sou - depressa - sei,1.0,False,Surgical concerns and coping
134,45,45,Q1,Como se sente agora?,1,3,Control,"Estou-me a sentir, ou seja, um pouco, não diria ansiosa, mas pode ser ansiosa. Espero que isso passe tudo, não é? E que a cirurgia seja feita rapidamente, mas tranquila, mas tranquila e confiante, que vai correr tudo bem.","Estou-me a sentir, ou seja, um pouco, não diria ansiosa, mas pode ser ansiosa.",sentir seja pouco diria ansiosa pode ansiosa,7,True,True,,"Estou-me a sentir, ou seja, um pouco, não diria ansiosa, mas pode ser ansiosa.",9,9_ansiedade_ansiosa_bocadinho_nervosismo,"['ansiedade', 'ansiosa', 'bocadinho', 'nervosismo', 'bocadinho agitada', 'agitada', 'aumenta', 'ansiosa bocadinho', 'ansiedade nervosismo', 'durante']","['Não, quer dizer, como digo, à medida que se aproxima e ir para o bloco, a ansiedade aumenta e o receio de que algo possa correr mal também.', 'Durante estes 12 minutos estive a fazer aqui uma técnica própria que desenvolvi para não escalar a ansiedade durante o período que tenho de esperar até a entrada na sala de cirurgia.', 'sim, acho que sinto sinto um pouco mais de ansiedade acho eu, nada assim de extraordinário mas pronto, ficar aqui sozinha sem ninguém para falar ou para abstrair daqui acho que aumenta um bocadinho a ansiedade']",ansiedade - ansiosa - bocadinho - nervosismo - bocadinho agitada - agitada - aumenta - ansiosa bocadinho - ansiedade nervosismo - durante,1.0,False,Anxiety and nervousness
135,45,45,Q1,Como se sente agora?,2,3,Control,"Estou-me a sentir, ou seja, um pouco, não diria ansiosa, mas pode ser ansiosa. Espero que isso passe tudo, não é? E que a cirurgia seja feita rapidamente, mas tranquila, mas tranquila e confiante, que vai correr tudo bem.","Espero que isso passe tudo, não é?",espero passe,2,True,True,,"Espero que isso passe tudo, não é?",7,7_manter_correu_positiva_manter positiva,"['manter', 'correu', 'positiva', 'manter positiva', 'dentro', 'positivo', 'normal', 'normal dentro', 'positivo razão', 'positiva neste']","['Bem, dentro do normal, bem, dentro das circunstâncias', 'Eu acho que é importante a pessoa manter-se positiva.', 'O esforço é manter-se sempre positiva e neste nível de positividade.']",manter - correu - positiva - manter positiva - dentro - positivo - normal - normal dentro - positivo razão - positiva neste,1.0,False,Positive appraisal and optimism
136,45,45,Q1,Como se sente agora?,3,3,Control,"Estou-me a sentir, ou seja, um pouco, não diria ansiosa, mas pode ser ansiosa. Espero que isso passe tudo, não é? E que a cirurgia seja feita rapidamente, mas tranquila, mas tranquila e confiante, que vai correr tudo bem.","E que a cirurgia seja feita rapidamente, mas tranquila, mas tranquila e confiante, que vai correr tudo bem.",cirurgia seja feita rapidamente tranquila tranquila confiante vai correr,9,True,True,,"E que a cirurgia seja feita rapidamente, mas tranquila, mas tranquila e confiante, que vai correr tudo bem.",3,3_cirurgia_vai_fazer_pode depressa,"['cirurgia', 'vai', 'fazer', 'pode depressa', 'óculos', 'exame', 'doutor', 'sou', 'depressa', 'sei']","['A minha técnica consta em fazer uma revisão do que tenho para fazer depois da cirurgia e organizar os meus pensamentos, organizar os meus planos, de maneira a que não foque no que realmente me preocupa no imediato que vai acontecer.', 'É mesmo só essa ansiosa, ansiosa, pode mais depressa melhor, pode mais depressa isto, pode mais depressa sai, mas é mesmo, a preocupação é mesmo o cuidado e o pós, o que é que vai vir a seguir, vai correr tudo bem, é certo, mas não deixa de ser uma cirurgia, não deixa de ser...', 'durante o vídeo eu abstraí-me completamente do sítio onde estava estava completamente envolvida no vídeo após tirar os óculos senti-me um bocadinho mais calma mas como entretanto entrou o doutor Pedro o meu pensamento voltou outra vez para a cirurgia mas acho que o facto desse vídeo ser neste momento eu acho que sim que faz muito sentido principalmente para quem está com descansamentos']",cirurgia - vai - fazer - pode depressa - óculos - exame - doutor - sou - depressa - sei,1.0,False,Surgical concerns and coping
137,46,46,Q1,Como se sente agora?,1,2,VR Only,Sinto-me bem. Relaxada Bem.,Sinto-me bem.,sinto,1,True,True,,Sinto-me bem.,10,10_sinto_sinto sinto_estável sinto_desde cheguei,"['sinto', 'sinto sinto', 'estável sinto', 'desde cheguei', 'sentindo sinto', 'quentinha cuidada', 'quentinha', 'fiquei sinto', 'sinto disposta', 'estável']","['Sinto bem.', 'Sinto-me bem.', 'Sinto-me bem, sinto-me estável.']",sinto - sinto sinto - estável sinto - desde cheguei - sentindo sinto - quentinha cuidada - quentinha - fiquei sinto - sinto disposta - estável,1.0,True,Feeling well and stable
138,46,46,Q1,Como se sente agora?,2,2,VR Only,Sinto-me bem. Relaxada Bem.,Relaxada Bem.,relaxada,1,True,True,,Relaxada Bem.,0,0_tranquila_calma_relaxada_sinto,"['tranquila', 'calma', 'relaxada', 'sinto', 'bocadinho', 'bocadinho calma', 'filme', 'sinto tranquila', 'imagens', 'tranquilidade']","['Um bocadinho mais calma.', 'um bocadinho mais calma.', 'Sim, sinto-me mais tranquila.']",tranquila - calma - relaxada - sinto - bocadinho - bocadinho calma - filme - sinto tranquila - imagens - tranquilidade,1.0,False,Calm and relaxation
141,50,50,Q1,Como se sente agora?,1,1,VR Art,"Pronto, o filme, de facto, dá uma sensação de calma. Mas depois põe-nos em diversas situações em que quando nós entramos numa floresta, obviamente umas árvores muito elevadas, muito grandes, eu fiquei com uma sensação, não é bem assustadora, mas é de claustrofobia. E depois as árvores ficam lá em cima e nós ficamos no chão. ou seja, muito pequenino, e penso que é uma certa falta de ar. Entretanto, saímos daí e, outra vez, ar, mar, montanhas ao fundo, portanto, é a parte que eu mais gosto. Portanto, essa sensação... obrigou-me a ir lá acima e depois vim cá abaixo e depois pude ir para cima. Mas a música ajuda a que nós mantenhamos calmas.","Pronto, o filme, de facto, dá uma sensação de calma.",filme facto dá sensação calma,5,True,True,,"Pronto, o filme, de facto, dá uma sensação de calma.",0,0_tranquila_calma_relaxada_sinto,"['tranquila', 'calma', 'relaxada', 'sinto', 'bocadinho', 'bocadinho calma', 'filme', 'sinto tranquila', 'imagens', 'tranquilidade']","['Um bocadinho mais calma.', 'um bocadinho mais calma.', 'Sim, sinto-me mais tranquila.']",tranquila - calma - relaxada - sinto - bocadinho - bocadinho calma - filme - sinto tranquila - imagens - tranquilidade,0.7895352981852131,False,Calm and relaxation
142,50,50,Q1,Como se sente agora?,2,1,VR Art,"Pronto, o filme, de facto, dá uma sensação de calma. Mas depois põe-nos em diversas situações em que quando nós entramos numa floresta, obviamente umas árvores muito elevadas, muito grandes, eu fiquei com uma sensação, não é bem assustadora, mas é de claustrofobia. E depois as árvores ficam lá em cima e nós ficamos no chão. ou seja, muito pequenino, e penso que é uma certa falta de ar. Entretanto, saímos daí e, outra vez, ar, mar, montanhas ao fundo, portanto, é a parte que eu mais gosto. Portanto, essa sensação... obrigou-me a ir lá acima e depois vim cá abaixo e depois pude ir para cima. Mas a música ajuda a que nós mantenhamos calmas.","Mas depois põe-nos em diversas situações em que quando nós entramos numa floresta, obviamente umas árvores muito elevadas, muito grandes, eu fiquei com uma sensação, não é bem assustadora, mas é de claustrofobia.",põe diversas situações entramos floresta obviamente árvores elevadas grandes fiquei sensação assustadora claustrofobia,13,True,True,,"Mas depois põe-nos em diversas situações em que quando nós entramos numa floresta, obviamente umas árvores muito elevadas, muito grandes, eu fiquei com uma sensação, não é bem assustadora, mas é de claustrofobia.",5,5_água_natureza_ar_mar,"['água', 'natureza', 'ar', 'mar', 'barulho', 'gostei', 'barulho água', 'verde', 'falta', 'certa']","['Essa parte, por exemplo, das flores e das árvores, não gostei, porque senti uma certa falta de ar.', 'igual apesar de que tenho uma experiência nova era de toda a improvável que fosse neste sítio é divertido por isso e acho que pode ajudar algumas pessoas que sem os meus medos de precipícios e de cobras conseguirem entrar nesse mundo e distrair-se um bocadinho é mais complicado encontrar uma cobra em um precipício são duas coisas que se calhar os meus valores já aumentaram mas de resto gostei', 'fazer exercícios que eu já costumo fazer que é respiração profunda respirar, reter e depois deitar fora o ar pensando sempre que estou num riacho que estou a nadar numa água muito quente e que estou numa experiência eu associo sempre as experiências aquáticas a coisas boas mas o verbo também é importante então eu situo-me num riacho com águas moras em que estou tranquilamente a nadar.']",água - natureza - ar - mar - barulho - gostei - barulho água - verde - falta - certa,1.0,False,Nature imagery and sensory responses
143,50,50,Q1,Como se sente agora?,3,1,VR Art,"Pronto, o filme, de facto, dá uma sensação de calma. Mas depois põe-nos em diversas situações em que quando nós entramos numa floresta, obviamente umas árvores muito elevadas, muito grandes, eu fiquei com uma sensação, não é bem assustadora, mas é de claustrofobia. E depois as árvores ficam lá em cima e nós ficamos no chão. ou seja, muito pequenino, e penso que é uma certa falta de ar. Entretanto, saímos daí e, outra vez, ar, mar, montanhas ao fundo, portanto, é a parte que eu mais gosto. Portanto, essa sensação... obrigou-me a ir lá acima e depois vim cá abaixo e depois pude ir para cima. Mas a música ajuda a que nós mantenhamos calmas.",E depois as árvores ficam lá em cima e nós ficamos no chão.,árvores ficam lá cima ficamos chão,6,True,True,,E depois as árvores ficam lá em cima e nós ficamos no chão.,4,4_cima_ir_sítio_abaixo,"['cima', 'ir', 'sítio', 'abaixo', 'outro sítio', 'outro', 'vamos', 'despachar', 'trabalho', 'quero despachar']","['Eu houve ali mal um sítio que nós vamos e parece que vamos cair.', 'obrigou-me a ir lá acima e depois vim cá abaixo e depois pude ir para cima.', 'No meu caso, porque quero despachar as coisas, quero mesmo despachar, e portanto não é totalmente transportar para aquele lado e não se lembrar do que é que vai.']",cima - ir - sítio - abaixo - outro sítio - outro - vamos - despachar - trabalho - quero despachar,1.0,False,Movement and sense of place
144,50,50,Q1,Como se sente agora?,4,1,VR Art,"Pronto, o filme, de facto, dá uma sensação de calma. Mas depois põe-nos em diversas situações em que quando nós entramos numa floresta, obviamente umas árvores muito elevadas, muito grandes, eu fiquei com uma sensação, não é bem assustadora, mas é de claustrofobia. E depois as árvores ficam lá em cima e nós ficamos no chão. ou seja, muito pequenino, e penso que é uma certa falta de ar. Entretanto, saímos daí e, outra vez, ar, mar, montanhas ao fundo, portanto, é a parte que eu mais gosto. Portanto, essa sensação... obrigou-me a ir lá acima e depois vim cá abaixo e depois pude ir para cima. Mas a música ajuda a que nós mantenhamos calmas.","ou seja, muito pequenino, e penso que é uma certa falta de ar.",seja pequenino penso certa falta ar,6,True,True,,"ou seja, muito pequenino, e penso que é uma certa falta de ar.",5,5_água_natureza_ar_mar,"['água', 'natureza', 'ar', 'mar', 'barulho', 'gostei', 'barulho água', 'verde', 'falta', 'certa']","['Essa parte, por exemplo, das flores e das árvores, não gostei, porque senti uma certa falta de ar.', 'igual apesar de que tenho uma experiência nova era de toda a improvável que fosse neste sítio é divertido por isso e acho que pode ajudar algumas pessoas que sem os meus medos de precipícios e de cobras conseguirem entrar nesse mundo e distrair-se um bocadinho é mais complicado encontrar uma cobra em um precipício são duas coisas que se calhar os meus valores já aumentaram mas de resto gostei', 'fazer exercícios que eu já costumo fazer que é respiração profunda respirar, reter e depois deitar fora o ar pensando sempre que estou num riacho que estou a nadar numa água muito quente e que estou numa experiência eu associo sempre as experiências aquáticas a coisas boas mas o verbo também é importante então eu situo-me num riacho com águas moras em que estou tranquilamente a nadar.']",água - natureza - ar - mar - barulho - gostei - barulho água - verde - falta - certa,0.1602939122034886,False,Nature imagery and sensory responses
145,50,50,Q1,Como se sente agora?,5,1,VR Art,"Pronto, o filme, de facto, dá uma sensação de calma. Mas depois põe-nos em diversas situações em que quando nós entramos numa floresta, obviamente umas árvores muito elevadas, muito grandes, eu fiquei com uma sensação, não é bem assustadora, mas é de claustrofobia. E depois as árvores ficam lá em cima e nós ficamos no chão. ou seja, muito pequenino, e penso que é uma certa falta de ar. Entretanto, saímos daí e, outra vez, ar, mar, montanhas ao fundo, portanto, é a parte que eu mais gosto. Portanto, essa sensação... obrigou-me a ir lá acima e depois vim cá abaixo e depois pude ir para cima. Mas a música ajuda a que nós mantenhamos calmas.","Entretanto, saímos daí e, outra vez, ar, mar, montanhas ao fundo, portanto, é a parte que eu mais gosto.",entretanto saímos daí outra vez ar mar montanhas fundo parte gosto,11,True,True,,"Entretanto, saímos daí e, outra vez, ar, mar, montanhas ao fundo, portanto, é a parte que eu mais gosto.",5,5_água_natureza_ar_mar,"['água', 'natureza', 'ar', 'mar', 'barulho', 'gostei', 'barulho água', 'verde', 'falta', 'certa']","['Essa parte, por exemplo, das flores e das árvores, não gostei, porque senti uma certa falta de ar.', 'igual apesar de que tenho uma experiência nova era de toda a improvável que fosse neste sítio é divertido por isso e acho que pode ajudar algumas pessoas que sem os meus medos de precipícios e de cobras conseguirem entrar nesse mundo e distrair-se um bocadinho é mais complicado encontrar uma cobra em um precipício são duas coisas que se calhar os meus valores já aumentaram mas de resto gostei', 'fazer exercícios que eu já costumo fazer que é respiração profunda respirar, reter e depois deitar fora o ar pensando sempre que estou num riacho que estou a nadar numa água muito quente e que estou numa experiência eu associo sempre as experiências aquáticas a coisas boas mas o verbo também é importante então eu situo-me num riacho com águas moras em que estou tranquilamente a nadar.']",água - natureza - ar - mar - barulho - gostei - barulho água - verde - falta - certa,1.0,False,Nature imagery and sensory responses
146,50,50,Q1,Como se sente agora?,6,1,VR Art,"Pronto, o filme, de facto, dá uma sensação de calma. Mas depois põe-nos em diversas situações em que quando nós entramos numa floresta, obviamente umas árvores muito elevadas, muito grandes, eu fiquei com uma sensação, não é bem assustadora, mas é de claustrofobia. E depois as árvores ficam lá em cima e nós ficamos no chão. ou seja, muito pequenino, e penso que é uma certa falta de ar. Entretanto, saímos daí e, outra vez, ar, mar, montanhas ao fundo, portanto, é a parte que eu mais gosto. Portanto, essa sensação... obrigou-me a ir lá acima e depois vim cá abaixo e depois pude ir para cima. Mas a música ajuda a que nós mantenhamos calmas.","Portanto, essa sensação...",sensação,1,True,True,,"Portanto, essa sensação...",2,2_mim_diferente_diferença_bocadinho,"['mim', 'diferente', 'diferença', 'bocadinho', 'tipo', 'vídeo', 'pôs', 'emoção', 'logo', 'bocadinho diferença']","['pôs logo e vê-se perfeitamente que entrou na veia logo.', 'Eu acho que a diferença, eu já estava calma, acho que a diferença foi explotar um bocadinho mais de sentimentos mais de alegria, mais bem disposta, digamos.', 'É claro que se sente um bocadinho, mas não é assim uma diferença, no meu caso, significativa.']",mim - diferente - diferença - bocadinho - tipo - vídeo - pôs - emoção - logo - bocadinho diferença,1.0,False,Subjective emotional and experiential effects
147,50,50,Q1,Como se sente agora?,7,1,VR Art,"Pronto, o filme, de facto, dá uma sensação de calma. Mas depois põe-nos em diversas situações em que quando nós entramos numa floresta, obviamente umas árvores muito elevadas, muito grandes, eu fiquei com uma sensação, não é bem assustadora, mas é de claustrofobia. E depois as árvores ficam lá em cima e nós ficamos no chão. ou seja, muito pequenino, e penso que é uma certa falta de ar. Entretanto, saímos daí e, outra vez, ar, mar, montanhas ao fundo, portanto, é a parte que eu mais gosto. Portanto, essa sensação... obrigou-me a ir lá acima e depois vim cá abaixo e depois pude ir para cima. Mas a música ajuda a que nós mantenhamos calmas.",obrigou-me a ir lá acima e depois vim cá abaixo e depois pude ir para cima.,obrigou ir lá acima vim cá abaixo pude ir cima,10,True,True,,obrigou-me a ir lá acima e depois vim cá abaixo e depois pude ir para cima.,4,4_cima_ir_sítio_abaixo,"['cima', 'ir', 'sítio', 'abaixo', 'outro sítio', 'outro', 'vamos', 'despachar', 'trabalho', 'quero despachar']","['Eu houve ali mal um sítio que nós vamos e parece que vamos cair.', 'obrigou-me a ir lá acima e depois vim cá abaixo e depois pude ir para cima.', 'No meu caso, porque quero despachar as coisas, quero mesmo despachar, e portanto não é totalmente transportar para aquele lado e não se lembrar do que é que vai.']",cima - ir - sítio - abaixo - outro sítio - outro - vamos - despachar - trabalho - quero despachar,1.0,True,Movement and sense of place
148,50,50,Q1,Como se sente agora?,8,1,VR Art,"Pronto, o filme, de facto, dá uma sensação de calma. Mas depois põe-nos em diversas situações em que quando nós entramos numa floresta, obviamente umas árvores muito elevadas, muito grandes, eu fiquei com uma sensação, não é bem assustadora, mas é de claustrofobia. E depois as árvores ficam lá em cima e nós ficamos no chão. ou seja, muito pequenino, e penso que é uma certa falta de ar. Entretanto, saímos daí e, outra vez, ar, mar, montanhas ao fundo, portanto, é a parte que eu mais gosto. Portanto, essa sensação... obrigou-me a ir lá acima e depois vim cá abaixo e depois pude ir para cima. Mas a música ajuda a que nós mantenhamos calmas.",Mas a música ajuda a que nós mantenhamos calmas.,música ajuda mantenhamos calmas,4,True,True,,Mas a música ajuda a que nós mantenhamos calmas.,0,0_tranquila_calma_relaxada_sinto,"['tranquila', 'calma', 'relaxada', 'sinto', 'bocadinho', 'bocadinho calma', 'filme', 'sinto tranquila', 'imagens', 'tranquilidade']","['Um bocadinho mais calma.', 'um bocadinho mais calma.', 'Sim, sinto-me mais tranquila.']",tranquila - calma - relaxada - sinto - bocadinho - bocadinho calma - filme - sinto tranquila - imagens - tranquilidade,0.386980746630005,False,Calm and relaxation
149,51,51,Q1,Como se sente agora?,1,3,Control,"Porque sinto muito tudo isto. Porque sou médica, sou cirurgiã e sou cirurgiã de mama. Por isso, sei os passos que me vão, que eu vou ter que seguir e que vou ter que passar. Sei o tipo de cirurgia que me vão fazer. Acompanho tudo isto. Faço isto aos meus doentes. E então, por um lado, estou descansada porque estou com um ótimo cirurgião, mas sei que o que eu faço também, e que às vezes as coisas não correm tão bem como nós queremos. Por isso.",Porque sinto muito tudo isto.,sinto,1,True,True,,Porque sinto muito tudo isto.,2,2_mim_diferente_diferença_bocadinho,"['mim', 'diferente', 'diferença', 'bocadinho', 'tipo', 'vídeo', 'pôs', 'emoção', 'logo', 'bocadinho diferença']","['pôs logo e vê-se perfeitamente que entrou na veia logo.', 'Eu acho que a diferença, eu já estava calma, acho que a diferença foi explotar um bocadinho mais de sentimentos mais de alegria, mais bem disposta, digamos.', 'É claro que se sente um bocadinho, mas não é assim uma diferença, no meu caso, significativa.']",mim - diferente - diferença - bocadinho - tipo - vídeo - pôs - emoção - logo - bocadinho diferença,1.0,False,Subjective emotional and experiential effects
150,51,51,Q1,Como se sente agora?,2,3,Control,"Porque sinto muito tudo isto. Porque sou médica, sou cirurgiã e sou cirurgiã de mama. Por isso, sei os passos que me vão, que eu vou ter que seguir e que vou ter que passar. Sei o tipo de cirurgia que me vão fazer. Acompanho tudo isto. Faço isto aos meus doentes. E então, por um lado, estou descansada porque estou com um ótimo cirurgião, mas sei que o que eu faço também, e que às vezes as coisas não correm tão bem como nós queremos. Por isso.","Porque sou médica, sou cirurgiã e sou cirurgiã de mama.",sou médica sou cirurgiã sou cirurgiã mama,7,True,True,,"Porque sou médica, sou cirurgiã e sou cirurgiã de mama.",3,3_cirurgia_vai_fazer_pode depressa,"['cirurgia', 'vai', 'fazer', 'pode depressa', 'óculos', 'exame', 'doutor', 'sou', 'depressa', 'sei']","['A minha técnica consta em fazer uma revisão do que tenho para fazer depois da cirurgia e organizar os meus pensamentos, organizar os meus planos, de maneira a que não foque no que realmente me preocupa no imediato que vai acontecer.', 'É mesmo só essa ansiosa, ansiosa, pode mais depressa melhor, pode mais depressa isto, pode mais depressa sai, mas é mesmo, a preocupação é mesmo o cuidado e o pós, o que é que vai vir a seguir, vai correr tudo bem, é certo, mas não deixa de ser uma cirurgia, não deixa de ser...', 'durante o vídeo eu abstraí-me completamente do sítio onde estava estava completamente envolvida no vídeo após tirar os óculos senti-me um bocadinho mais calma mas como entretanto entrou o doutor Pedro o meu pensamento voltou outra vez para a cirurgia mas acho que o facto desse vídeo ser neste momento eu acho que sim que faz muito sentido principalmente para quem está com descansamentos']",cirurgia - vai - fazer - pode depressa - óculos - exame - doutor - sou - depressa - sei,1.0,False,Surgical concerns and coping
151,51,51,Q1,Como se sente agora?,3,3,Control,"Porque sinto muito tudo isto. Porque sou médica, sou cirurgiã e sou cirurgiã de mama. Por isso, sei os passos que me vão, que eu vou ter que seguir e que vou ter que passar. Sei o tipo de cirurgia que me vão fazer. Acompanho tudo isto. Faço isto aos meus doentes. E então, por um lado, estou descansada porque estou com um ótimo cirurgião, mas sei que o que eu faço também, e que às vezes as coisas não correm tão bem como nós queremos. Por isso.","Por isso, sei os passos que me vão, que eu vou ter que seguir e que vou ter que passar.",sei passos vão vou seguir vou passar,7,True,True,,"Por isso, sei os passos que me vão, que eu vou ter que seguir e que vou ter que passar.",4,4_cima_ir_sítio_abaixo,"['cima', 'ir', 'sítio', 'abaixo', 'outro sítio', 'outro', 'vamos', 'despachar', 'trabalho', 'quero despachar']","['Eu houve ali mal um sítio que nós vamos e parece que vamos cair.', 'obrigou-me a ir lá acima e depois vim cá abaixo e depois pude ir para cima.', 'No meu caso, porque quero despachar as coisas, quero mesmo despachar, e portanto não é totalmente transportar para aquele lado e não se lembrar do que é que vai.']",cima - ir - sítio - abaixo - outro sítio - outro - vamos - despachar - trabalho - quero despachar,1.0,False,Movement and sense of place
152,51,51,Q1,Como se sente agora?,4,3,Control,"Porque sinto muito tudo isto. Porque sou médica, sou cirurgiã e sou cirurgiã de mama. Por isso, sei os passos que me vão, que eu vou ter que seguir e que vou ter que passar. Sei o tipo de cirurgia que me vão fazer. Acompanho tudo isto. Faço isto aos meus doentes. E então, por um lado, estou descansada porque estou com um ótimo cirurgião, mas sei que o que eu faço também, e que às vezes as coisas não correm tão bem como nós queremos. Por isso.",Sei o tipo de cirurgia que me vão fazer.,sei tipo cirurgia vão fazer,5,True,True,,Sei o tipo de cirurgia que me vão fazer.,3,3_cirurgia_vai_fazer_pode depressa,"['cirurgia', 'vai', 'fazer', 'pode depressa', 'óculos', 'exame', 'doutor', 'sou', 'depressa', 'sei']","['A minha técnica consta em fazer uma revisão do que tenho para fazer depois da cirurgia e organizar os meus pensamentos, organizar os meus planos, de maneira a que não foque no que realmente me preocupa no imediato que vai acontecer.', 'É mesmo só essa ansiosa, ansiosa, pode mais depressa melhor, pode mais depressa isto, pode mais depressa sai, mas é mesmo, a preocupação é mesmo o cuidado e o pós, o que é que vai vir a seguir, vai correr tudo bem, é certo, mas não deixa de ser uma cirurgia, não deixa de ser...', 'durante o vídeo eu abstraí-me completamente do sítio onde estava estava completamente envolvida no vídeo após tirar os óculos senti-me um bocadinho mais calma mas como entretanto entrou o doutor Pedro o meu pensamento voltou outra vez para a cirurgia mas acho que o facto desse vídeo ser neste momento eu acho que sim que faz muito sentido principalmente para quem está com descansamentos']",cirurgia - vai - fazer - pode depressa - óculos - exame - doutor - sou - depressa - sei,1.0,False,Surgical concerns and coping
153,51,51,Q1,Como se sente agora?,5,3,Control,"Porque sinto muito tudo isto. Porque sou médica, sou cirurgiã e sou cirurgiã de mama. Por isso, sei os passos que me vão, que eu vou ter que seguir e que vou ter que passar. Sei o tipo de cirurgia que me vão fazer. Acompanho tudo isto. Faço isto aos meus doentes. E então, por um lado, estou descansada porque estou com um ótimo cirurgião, mas sei que o que eu faço também, e que às vezes as coisas não correm tão bem como nós queremos. Por isso.",Acompanho tudo isto.,acompanho,1,True,True,,Acompanho tudo isto.,4,4_cima_ir_sítio_abaixo,"['cima', 'ir', 'sítio', 'abaixo', 'outro sítio', 'outro', 'vamos', 'despachar', 'trabalho', 'quero despachar']","['Eu houve ali mal um sítio que nós vamos e parece que vamos cair.', 'obrigou-me a ir lá acima e depois vim cá abaixo e depois pude ir para cima.', 'No meu caso, porque quero despachar as coisas, quero mesmo despachar, e portanto não é totalmente transportar para aquele lado e não se lembrar do que é que vai.']",cima - ir - sítio - abaixo - outro sítio - outro - vamos - despachar - trabalho - quero despachar,0.190062483476882,False,Movement and sense of place
154,51,51,Q1,Como se sente agora?,6,3,Control,"Porque sinto muito tudo isto. Porque sou médica, sou cirurgiã e sou cirurgiã de mama. Por isso, sei os passos que me vão, que eu vou ter que seguir e que vou ter que passar. Sei o tipo de cirurgia que me vão fazer. Acompanho tudo isto. Faço isto aos meus doentes. E então, por um lado, estou descansada porque estou com um ótimo cirurgião, mas sei que o que eu faço também, e que às vezes as coisas não correm tão bem como nós queremos. Por isso.",Faço isto aos meus doentes.,faço meus doentes,3,True,True,,Faço isto aos meus doentes.,1,1_pessoas_cuidado_doentes_todas,"['pessoas', 'cuidado', 'doentes', 'todas', 'simpático', 'tratada', 'preocupação', 'às', 'mundo simpático', 'outra enfermeira']","['Portanto, esta forma atenciosa com que pedem autorização para colocar os procedimentos, ou avisar que vai ser desagradável, ou pedir desculpa, tudo isso é muito humanizante.', 'Às vezes parece que das experiências que eu tive, não só da minha parte, mas do acompanhamento que fiz a outros doentes, nomeadamente os meus pais, Às vezes nós não sabermos se as pessoas estão a ser, no mínimo, profissionais, deixam-nos muito mais incertos.', 'O cuidado no detalhe, a preocupação com que sempre nos tratam, o rigor no trato das pessoas é muito importante e faz-nos sentir muito bem.']",pessoas - cuidado - doentes - todas - simpático - tratada - preocupação - às - mundo simpático - outra enfermeira,0.1740463565415823,False,Compassionate and professional care
155,51,51,Q1,Como se sente agora?,7,3,Control,"Porque sinto muito tudo isto. Porque sou médica, sou cirurgiã e sou cirurgiã de mama. Por isso, sei os passos que me vão, que eu vou ter que seguir e que vou ter que passar. Sei o tipo de cirurgia que me vão fazer. Acompanho tudo isto. Faço isto aos meus doentes. E então, por um lado, estou descansada porque estou com um ótimo cirurgião, mas sei que o que eu faço também, e que às vezes as coisas não correm tão bem como nós queremos. Por isso.","E então, por um lado, estou descansada porque estou com um ótimo cirurgião, mas sei que o que eu faço também, e que às vezes as coisas não correm tão bem como nós queremos.",lado descansada ótimo cirurgião sei faço às vezes correm tão queremos,11,True,True,,"E então, por um lado, estou descansada porque estou com um ótimo cirurgião, mas sei que o que eu faço também, e que às vezes as coisas não correm tão bem como nós queremos.",3,3_cirurgia_vai_fazer_pode depressa,"['cirurgia', 'vai', 'fazer', 'pode depressa', 'óculos', 'exame', 'doutor', 'sou', 'depressa', 'sei']","['A minha técnica consta em fazer uma revisão do que tenho para fazer depois da cirurgia e organizar os meus pensamentos, organizar os meus planos, de maneira a que não foque no que realmente me preocupa no imediato que vai acontecer.', 'É mesmo só essa ansiosa, ansiosa, pode mais depressa melhor, pode mais depressa isto, pode mais depressa sai, mas é mesmo, a preocupação é mesmo o cuidado e o pós, o que é que vai vir a seguir, vai correr tudo bem, é certo, mas não deixa de ser uma cirurgia, não deixa de ser...', 'durante o vídeo eu abstraí-me completamente do sítio onde estava estava completamente envolvida no vídeo após tirar os óculos senti-me um bocadinho mais calma mas como entretanto entrou o doutor Pedro o meu pensamento voltou outra vez para a cirurgia mas acho que o facto desse vídeo ser neste momento eu acho que sim que faz muito sentido principalmente para quem está com descansamentos']",cirurgia - vai - fazer - pode depressa - óculos - exame - doutor - sou - depressa - sei,0.4632704826124567,False,Surgical concerns and coping
157,52,52,Q1,Como se sente agora?,1,2,VR Only,"Pronto, mais ou menos a mesma coisa. Eu estou me sentindo bem. só estou, pronto, um bocadinho preocupada para o resultado que lá vem. É mesmo só essa ansiosa, ansiosa, pode mais depressa melhor, pode mais depressa isto, pode mais depressa sai, mas é mesmo, a preocupação é mesmo o cuidado e o pós, o que é que vai vir a seguir, vai correr tudo bem, é certo, mas não deixa de ser uma cirurgia, não deixa de ser... tirar um bocadinho de mim e o resultado que vem de lá. Mas pronto, é só isso.","Pronto, mais ou menos a mesma coisa.",menos mesma,2,True,True,,"Pronto, mais ou menos a mesma coisa.",8,8_cinco_estrelas_cinco estrelas_mesma,"['cinco', 'estrelas', 'cinco estrelas', 'mesma', 'seja', 'mudou', 'seja falar', 'significativo pensamento', 'sempr', 'similar']","['O acolhimento é cinco estrelas.', 'Não, cinco estrelas.', 'Não, acho que aqui são cinco estrelas.']",cinco - estrelas - cinco estrelas - mesma - seja - mudou - seja falar - significativo pensamento - sempr - similar,0.1347012943563904,False,No perceived change and brief appraisals
158,52,52,Q1,Como se sente agora?,2,2,VR Only,"Pronto, mais ou menos a mesma coisa. Eu estou me sentindo bem. só estou, pronto, um bocadinho preocupada para o resultado que lá vem. É mesmo só essa ansiosa, ansiosa, pode mais depressa melhor, pode mais depressa isto, pode mais depressa sai, mas é mesmo, a preocupação é mesmo o cuidado e o pós, o que é que vai vir a seguir, vai correr tudo bem, é certo, mas não deixa de ser uma cirurgia, não deixa de ser... tirar um bocadinho de mim e o resultado que vem de lá. Mas pronto, é só isso.",Eu estou me sentindo bem.,sentindo,1,True,True,,Eu estou me sentindo bem.,10,10_sinto_sinto sinto_estável sinto_desde cheguei,"['sinto', 'sinto sinto', 'estável sinto', 'desde cheguei', 'sentindo sinto', 'quentinha cuidada', 'quentinha', 'fiquei sinto', 'sinto disposta', 'estável']","['Sinto bem.', 'Sinto-me bem.', 'Sinto-me bem, sinto-me estável.']",sinto - sinto sinto - estável sinto - desde cheguei - sentindo sinto - quentinha cuidada - quentinha - fiquei sinto - sinto disposta - estável,1.0,False,Feeling well and stable
159,52,52,Q1,Como se sente agora?,3,2,VR Only,"Pronto, mais ou menos a mesma coisa. Eu estou me sentindo bem. só estou, pronto, um bocadinho preocupada para o resultado que lá vem. É mesmo só essa ansiosa, ansiosa, pode mais depressa melhor, pode mais depressa isto, pode mais depressa sai, mas é mesmo, a preocupação é mesmo o cuidado e o pós, o que é que vai vir a seguir, vai correr tudo bem, é certo, mas não deixa de ser uma cirurgia, não deixa de ser... tirar um bocadinho de mim e o resultado que vem de lá. Mas pronto, é só isso.","só estou, pronto, um bocadinho preocupada para o resultado que lá vem.",bocadinho preocupada resultado lá vem,5,True,True,,"só estou, pronto, um bocadinho preocupada para o resultado que lá vem.",9,9_ansiedade_ansiosa_bocadinho_nervosismo,"['ansiedade', 'ansiosa', 'bocadinho', 'nervosismo', 'bocadinho agitada', 'agitada', 'aumenta', 'ansiosa bocadinho', 'ansiedade nervosismo', 'durante']","['Não, quer dizer, como digo, à medida que se aproxima e ir para o bloco, a ansiedade aumenta e o receio de que algo possa correr mal também.', 'Durante estes 12 minutos estive a fazer aqui uma técnica própria que desenvolvi para não escalar a ansiedade durante o período que tenho de esperar até a entrada na sala de cirurgia.', 'sim, acho que sinto sinto um pouco mais de ansiedade acho eu, nada assim de extraordinário mas pronto, ficar aqui sozinha sem ninguém para falar ou para abstrair daqui acho que aumenta um bocadinho a ansiedade']",ansiedade - ansiosa - bocadinho - nervosismo - bocadinho agitada - agitada - aumenta - ansiosa bocadinho - ansiedade nervosismo - durante,0.5614239850636563,False,Anxiety and nervousness
160,52,52,Q1,Como se sente agora?,4,2,VR Only,"Pronto, mais ou menos a mesma coisa. Eu estou me sentindo bem. só estou, pronto, um bocadinho preocupada para o resultado que lá vem. É mesmo só essa ansiosa, ansiosa, pode mais depressa melhor, pode mais depressa isto, pode mais depressa sai, mas é mesmo, a preocupação é mesmo o cuidado e o pós, o que é que vai vir a seguir, vai correr tudo bem, é certo, mas não deixa de ser uma cirurgia, não deixa de ser... tirar um bocadinho de mim e o resultado que vem de lá. Mas pronto, é só isso.","É mesmo só essa ansiosa, ansiosa, pode mais depressa melhor, pode mais depressa isto, pode mais depressa sai, mas é mesmo, a preocupação é mesmo o cuidado e o pós, o que é que vai vir a seguir, vai correr tudo bem, é certo, mas não deixa de ser uma cirurgia, não deixa de ser...",ansiosa ansiosa pode depressa melhor pode depressa pode depressa sai preocupação cuidado pós vai vir seguir vai correr certo deixa cirurgia deixa,22,True,True,,"É mesmo só essa ansiosa, ansiosa, pode mais depressa melhor, pode mais depressa isto, pode mais depressa sai, mas é mesmo, a preocupação é mesmo o cuidado e o pós, o que é que vai vir a seguir, vai correr tudo bem, é certo, mas não deixa de ser uma cirurgia, não deixa de ser...",3,3_cirurgia_vai_fazer_pode depressa,"['cirurgia', 'vai', 'fazer', 'pode depressa', 'óculos', 'exame', 'doutor', 'sou', 'depressa', 'sei']","['A minha técnica consta em fazer uma revisão do que tenho para fazer depois da cirurgia e organizar os meus pensamentos, organizar os meus planos, de maneira a que não foque no que realmente me preocupa no imediato que vai acontecer.', 'É mesmo só essa ansiosa, ansiosa, pode mais depressa melhor, pode mais depressa isto, pode mais depressa sai, mas é mesmo, a preocupação é mesmo o cuidado e o pós, o que é que vai vir a seguir, vai correr tudo bem, é certo, mas não deixa de ser uma cirurgia, não deixa de ser...', 'durante o vídeo eu abstraí-me completamente do sítio onde estava estava completamente envolvida no vídeo após tirar os óculos senti-me um bocadinho mais calma mas como entretanto entrou o doutor Pedro o meu pensamento voltou outra vez para a cirurgia mas acho que o facto desse vídeo ser neste momento eu acho que sim que faz muito sentido principalmente para quem está com descansamentos']",cirurgia - vai - fazer - pode depressa - óculos - exame - doutor - sou - depressa - sei,0.3391899983926956,True,Surgical concerns and coping
161,52,52,Q1,Como se sente agora?,5,2,VR Only,"Pronto, mais ou menos a mesma coisa. Eu estou me sentindo bem. só estou, pronto, um bocadinho preocupada para o resultado que lá vem. É mesmo só essa ansiosa, ansiosa, pode mais depressa melhor, pode mais depressa isto, pode mais depressa sai, mas é mesmo, a preocupação é mesmo o cuidado e o pós, o que é que vai vir a seguir, vai correr tudo bem, é certo, mas não deixa de ser uma cirurgia, não deixa de ser... tirar um bocadinho de mim e o resultado que vem de lá. Mas pronto, é só isso.",tirar um bocadinho de mim e o resultado que vem de lá.,tirar bocadinho mim resultado vem lá,6,True,True,,tirar um bocadinho de mim e o resultado que vem de lá.,2,2_mim_diferente_diferença_bocadinho,"['mim', 'diferente', 'diferença', 'bocadinho', 'tipo', 'vídeo', 'pôs', 'emoção', 'logo', 'bocadinho diferença']","['pôs logo e vê-se perfeitamente que entrou na veia logo.', 'Eu acho que a diferença, eu já estava calma, acho que a diferença foi explotar um bocadinho mais de sentimentos mais de alegria, mais bem disposta, digamos.', 'É claro que se sente um bocadinho, mas não é assim uma diferença, no meu caso, significativa.']",mim - diferente - diferença - bocadinho - tipo - vídeo - pôs - emoção - logo - bocadinho diferença,0.174942688488746,False,Subjective emotional and experiential effects
163,53,53,Q1,Como se sente agora?,1,1,VR Art,"Me sinto mais tranquila, gostei muito. Me levou a outro lugar e me deixou mais calma e tranquila e sem ansiedade.","Me sinto mais tranquila, gostei muito.",sinto tranquila gostei,3,True,True,,"Me sinto mais tranquila, gostei muito.",0,0_tranquila_calma_relaxada_sinto,"['tranquila', 'calma', 'relaxada', 'sinto', 'bocadinho', 'bocadinho calma', 'filme', 'sinto tranquila', 'imagens', 'tranquilidade']","['Um bocadinho mais calma.', 'um bocadinho mais calma.', 'Sim, sinto-me mais tranquila.']",tranquila - calma - relaxada - sinto - bocadinho - bocadinho calma - filme - sinto tranquila - imagens - tranquilidade,0.4411669863927781,False,Calm and relaxation
164,53,53,Q1,Como se sente agora?,2,1,VR Art,"Me sinto mais tranquila, gostei muito. Me levou a outro lugar e me deixou mais calma e tranquila e sem ansiedade.",Me levou a outro lugar e me deixou mais calma e tranquila e sem ansiedade.,levou outro lugar deixou calma tranquila ansiedade,7,True,True,,Me levou a outro lugar e me deixou mais calma e tranquila e sem ansiedade.,0,0_tranquila_calma_relaxada_sinto,"['tranquila', 'calma', 'relaxada', 'sinto', 'bocadinho', 'bocadinho calma', 'filme', 'sinto tranquila', 'imagens', 'tranquilidade']","['Um bocadinho mais calma.', 'um bocadinho mais calma.', 'Sim, sinto-me mais tranquila.']",tranquila - calma - relaxada - sinto - bocadinho - bocadinho calma - filme - sinto tranquila - imagens - tranquilidade,0.3480824310412313,False,Calm and relaxation
165,54,54,Q1,Como se sente agora?,1,2,VR Only,"Estou um bocadinho mais calma, foi bom, gostei de ver as imagens. Foi uma experiência boa.","Estou um bocadinho mais calma, foi bom, gostei de ver as imagens.",bocadinho calma gostei ver imagens,5,True,True,,"Estou um bocadinho mais calma, foi bom, gostei de ver as imagens.",0,0_tranquila_calma_relaxada_sinto,"['tranquila', 'calma', 'relaxada', 'sinto', 'bocadinho', 'bocadinho calma', 'filme', 'sinto tranquila', 'imagens', 'tranquilidade']","['Um bocadinho mais calma.', 'um bocadinho mais calma.', 'Sim, sinto-me mais tranquila.']",tranquila - calma - relaxada - sinto - bocadinho - bocadinho calma - filme - sinto tranquila - imagens - tranquilidade,1.0,False,Calm and relaxation
166,54,54,Q1,Como se sente agora?,2,2,VR Only,"Estou um bocadinho mais calma, foi bom, gostei de ver as imagens. Foi uma experiência boa.",Foi uma experiência boa.,experiência,1,True,True,,Foi uma experiência boa.,7,7_manter_correu_positiva_manter positiva,"['manter', 'correu', 'positiva', 'manter positiva', 'dentro', 'positivo', 'normal', 'normal dentro', 'positivo razão', 'positiva neste']","['Bem, dentro do normal, bem, dentro das circunstâncias', 'Eu acho que é importante a pessoa manter-se positiva.', 'O esforço é manter-se sempre positiva e neste nível de positividade.']",manter - correu - positiva - manter positiva - dentro - positivo - normal - normal dentro - positivo razão - positiva neste,0.3911030878418812,False,Positive appraisal and optimism
167,56,56,Q1,Como se sente agora?,1,1,VR Art,"Sinto-me tranquila, estou em paz, nada, com medo de nada, sinto-me bem.","Sinto-me tranquila, estou em paz, nada, com medo de nada, sinto-me bem.",sinto tranquila paz medo sinto,5,True,True,,"Sinto-me tranquila, estou em paz, nada, com medo de nada, sinto-me bem.",0,0_tranquila_calma_relaxada_sinto,"['tranquila', 'calma', 'relaxada', 'sinto', 'bocadinho', 'bocadinho calma', 'filme', 'sinto tranquila', 'imagens', 'tranquilidade']","['Um bocadinho mais calma.', 'um bocadinho mais calma.', 'Sim, sinto-me mais tranquila.']",tranquila - calma - relaxada - sinto - bocadinho - bocadinho calma - filme - sinto tranquila - imagens - tranquilidade,1.0,False,Calm and relaxation
168,57,57,Q1,Como se sente agora?,1,2,VR Only,Sinto-me bem.,Sinto-me bem.,sinto,1,True,True,,Sinto-me bem.,10,10_sinto_sinto sinto_estável sinto_desde cheguei,"['sinto', 'sinto sinto', 'estável sinto', 'desde cheguei', 'sentindo sinto', 'quentinha cuidada', 'quentinha', 'fiquei sinto', 'sinto disposta', 'estável']","['Sinto bem.', 'Sinto-me bem.', 'Sinto-me bem, sinto-me estável.']",sinto - sinto sinto - estável sinto - desde cheguei - sentindo sinto - quentinha cuidada - quentinha - fiquei sinto - sinto disposta - estável,1.0,True,Feeling well and stable
169,58,58,Q1,Como se sente agora?,1,3,Control,"Sinto-me de forma similar à anterior. Então, os níveis de ansiedade são os mesmos. Durante estes 12 minutos estive a fazer aqui uma técnica própria que desenvolvi para não escalar a ansiedade durante o período que tenho de esperar até a entrada na sala de cirurgia. A minha técnica consta em fazer uma revisão do que tenho para fazer depois da cirurgia e organizar os meus pensamentos, organizar os meus planos, de maneira a que não foque no que realmente me preocupa no imediato que vai acontecer.",Sinto-me de forma similar à anterior.,sinto forma similar anterior,4,True,True,,Sinto-me de forma similar à anterior.,8,8_cinco_estrelas_cinco estrelas_mesma,"['cinco', 'estrelas', 'cinco estrelas', 'mesma', 'seja', 'mudou', 'seja falar', 'significativo pensamento', 'sempr', 'similar']","['O acolhimento é cinco estrelas.', 'Não, cinco estrelas.', 'Não, acho que aqui são cinco estrelas.']",cinco - estrelas - cinco estrelas - mesma - seja - mudou - seja falar - significativo pensamento - sempr - similar,0.1244007162001029,False,No perceived change and brief appraisals
170,58,58,Q1,Como se sente agora?,2,3,Control,"Sinto-me de forma similar à anterior. Então, os níveis de ansiedade são os mesmos. Durante estes 12 minutos estive a fazer aqui uma técnica própria que desenvolvi para não escalar a ansiedade durante o período que tenho de esperar até a entrada na sala de cirurgia. A minha técnica consta em fazer uma revisão do que tenho para fazer depois da cirurgia e organizar os meus pensamentos, organizar os meus planos, de maneira a que não foque no que realmente me preocupa no imediato que vai acontecer.","Então, os níveis de ansiedade são os mesmos.",níveis ansiedade mesmos,3,True,True,,"Então, os níveis de ansiedade são os mesmos.",9,9_ansiedade_ansiosa_bocadinho_nervosismo,"['ansiedade', 'ansiosa', 'bocadinho', 'nervosismo', 'bocadinho agitada', 'agitada', 'aumenta', 'ansiosa bocadinho', 'ansiedade nervosismo', 'durante']","['Não, quer dizer, como digo, à medida que se aproxima e ir para o bloco, a ansiedade aumenta e o receio de que algo possa correr mal também.', 'Durante estes 12 minutos estive a fazer aqui uma técnica própria que desenvolvi para não escalar a ansiedade durante o período que tenho de esperar até a entrada na sala de cirurgia.', 'sim, acho que sinto sinto um pouco mais de ansiedade acho eu, nada assim de extraordinário mas pronto, ficar aqui sozinha sem ninguém para falar ou para abstrair daqui acho que aumenta um bocadinho a ansiedade']",ansiedade - ansiosa - bocadinho - nervosismo - bocadinho agitada - agitada - aumenta - ansiosa bocadinho - ansiedade nervosismo - durante,1.0,False,Anxiety and nervousness
171,58,58,Q1,Como se sente agora?,3,3,Control,"Sinto-me de forma similar à anterior. Então, os níveis de ansiedade são os mesmos. Durante estes 12 minutos estive a fazer aqui uma técnica própria que desenvolvi para não escalar a ansiedade durante o período que tenho de esperar até a entrada na sala de cirurgia. A minha técnica consta em fazer uma revisão do que tenho para fazer depois da cirurgia e organizar os meus pensamentos, organizar os meus planos, de maneira a que não foque no que realmente me preocupa no imediato que vai acontecer.",Durante estes 12 minutos estive a fazer aqui uma técnica própria que desenvolvi para não escalar a ansiedade durante o período que tenho de esperar até a entrada na sala de cirurgia.,durante minutos estive fazer técnica própria desenvolvi escalar ansiedade durante período esperar entrada sala cirurgia,15,True,True,,Durante estes 12 minutos estive a fazer aqui uma técnica própria que desenvolvi para não escalar a ansiedade durante o período que tenho de esperar até a entrada na sala de cirurgia.,9,9_ansiedade_ansiosa_bocadinho_nervosismo,"['ansiedade', 'ansiosa', 'bocadinho', 'nervosismo', 'bocadinho agitada', 'agitada', 'aumenta', 'ansiosa bocadinho', 'ansiedade nervosismo', 'durante']","['Não, quer dizer, como digo, à medida que se aproxima e ir para o bloco, a ansiedade aumenta e o receio de que algo possa correr mal também.', 'Durante estes 12 minutos estive a fazer aqui uma técnica própria que desenvolvi para não escalar a ansiedade durante o período que tenho de esperar até a entrada na sala de cirurgia.', 'sim, acho que sinto sinto um pouco mais de ansiedade acho eu, nada assim de extraordinário mas pronto, ficar aqui sozinha sem ninguém para falar ou para abstrair daqui acho que aumenta um bocadinho a ansiedade']",ansiedade - ansiosa - bocadinho - nervosismo - bocadinho agitada - agitada - aumenta - ansiosa bocadinho - ansiedade nervosismo - durante,0.281690289709149,True,Anxiety and nervousness
172,58,58,Q1,Como se sente agora?,4,3,Control,"Sinto-me de forma similar à anterior. Então, os níveis de ansiedade são os mesmos. Durante estes 12 minutos estive a fazer aqui uma técnica própria que desenvolvi para não escalar a ansiedade durante o período que tenho de esperar até a entrada na sala de cirurgia. A minha técnica consta em fazer uma revisão do que tenho para fazer depois da cirurgia e organizar os meus pensamentos, organizar os meus planos, de maneira a que não foque no que realmente me preocupa no imediato que vai acontecer.","A minha técnica consta em fazer uma revisão do que tenho para fazer depois da cirurgia e organizar os meus pensamentos, organizar os meus planos, de maneira a que não foque no que realmente me preocupa no imediato que vai acontecer.",técnica consta fazer revisão fazer cirurgia organizar meus pensamentos organizar meus planos maneira foque realmente preocupa imediato vai acontecer,19,True,True,,"A minha técnica consta em fazer uma revisão do que tenho para fazer depois da cirurgia e organizar os meus pensamentos, organizar os meus planos, de maneira a que não foque no que realmente me preocupa no imediato que vai acontecer.",3,3_cirurgia_vai_fazer_pode depressa,"['cirurgia', 'vai', 'fazer', 'pode depressa', 'óculos', 'exame', 'doutor', 'sou', 'depressa', 'sei']","['A minha técnica consta em fazer uma revisão do que tenho para fazer depois da cirurgia e organizar os meus pensamentos, organizar os meus planos, de maneira a que não foque no que realmente me preocupa no imediato que vai acontecer.', 'É mesmo só essa ansiosa, ansiosa, pode mais depressa melhor, pode mais depressa isto, pode mais depressa sai, mas é mesmo, a preocupação é mesmo o cuidado e o pós, o que é que vai vir a seguir, vai correr tudo bem, é certo, mas não deixa de ser uma cirurgia, não deixa de ser...', 'durante o vídeo eu abstraí-me completamente do sítio onde estava estava completamente envolvida no vídeo após tirar os óculos senti-me um bocadinho mais calma mas como entretanto entrou o doutor Pedro o meu pensamento voltou outra vez para a cirurgia mas acho que o facto desse vídeo ser neste momento eu acho que sim que faz muito sentido principalmente para quem está com descansamentos']",cirurgia - vai - fazer - pode depressa - óculos - exame - doutor - sou - depressa - sei,0.4609410746792827,True,Surgical concerns and coping
173,59,59,Q1,Como se sente agora?,1,1,VR Art,"Eu acho que estou um bocadinho mais calma. Não é que antes estivesse estressada, mas estou um bocadinho mais calma. Ajudou de alguma forma. Mais um bocadinho eu acho que adormecia, o que significa que é bom.",Eu acho que estou um bocadinho mais calma.,bocadinho calma,2,True,True,,Eu acho que estou um bocadinho mais calma.,0,0_tranquila_calma_relaxada_sinto,"['tranquila', 'calma', 'relaxada', 'sinto', 'bocadinho', 'bocadinho calma', 'filme', 'sinto tranquila', 'imagens', 'tranquilidade']","['Um bocadinho mais calma.', 'um bocadinho mais calma.', 'Sim, sinto-me mais tranquila.']",tranquila - calma - relaxada - sinto - bocadinho - bocadinho calma - filme - sinto tranquila - imagens - tranquilidade,1.0,False,Calm and relaxation
174,59,59,Q1,Como se sente agora?,2,1,VR Art,"Eu acho que estou um bocadinho mais calma. Não é que antes estivesse estressada, mas estou um bocadinho mais calma. Ajudou de alguma forma. Mais um bocadinho eu acho que adormecia, o que significa que é bom.","Não é que antes estivesse estressada, mas estou um bocadinho mais calma.",antes estivesse estressada bocadinho calma,5,True,True,,"Não é que antes estivesse estressada, mas estou um bocadinho mais calma.",0,0_tranquila_calma_relaxada_sinto,"['tranquila', 'calma', 'relaxada', 'sinto', 'bocadinho', 'bocadinho calma', 'filme', 'sinto tranquila', 'imagens', 'tranquilidade']","['Um bocadinho mais calma.', 'um bocadinho mais calma.', 'Sim, sinto-me mais tranquila.']",tranquila - calma - relaxada - sinto - bocadinho - bocadinho calma - filme - sinto tranquila - imagens - tranquilidade,0.5838452464193158,False,Calm and relaxation
175,59,59,Q1,Como se sente agora?,3,1,VR Art,"Eu acho que estou um bocadinho mais calma. Não é que antes estivesse estressada, mas estou um bocadinho mais calma. Ajudou de alguma forma. Mais um bocadinho eu acho que adormecia, o que significa que é bom.",Ajudou de alguma forma.,ajudou alguma forma,3,True,True,,Ajudou de alguma forma.,2,2_mim_diferente_diferença_bocadinho,"['mim', 'diferente', 'diferença', 'bocadinho', 'tipo', 'vídeo', 'pôs', 'emoção', 'logo', 'bocadinho diferença']","['pôs logo e vê-se perfeitamente que entrou na veia logo.', 'Eu acho que a diferença, eu já estava calma, acho que a diferença foi explotar um bocadinho mais de sentimentos mais de alegria, mais bem disposta, digamos.', 'É claro que se sente um bocadinho, mas não é assim uma diferença, no meu caso, significativa.']",mim - diferente - diferença - bocadinho - tipo - vídeo - pôs - emoção - logo - bocadinho diferença,0.111647168234569,False,Subjective emotional and experiential effects
176,59,59,Q1,Como se sente agora?,4,1,VR Art,"Eu acho que estou um bocadinho mais calma. Não é que antes estivesse estressada, mas estou um bocadinho mais calma. Ajudou de alguma forma. Mais um bocadinho eu acho que adormecia, o que significa que é bom.","Mais um bocadinho eu acho que adormecia, o que significa que é bom.",bocadinho adormecia significa,3,True,True,,"Mais um bocadinho eu acho que adormecia, o que significa que é bom.",0,0_tranquila_calma_relaxada_sinto,"['tranquila', 'calma', 'relaxada', 'sinto', 'bocadinho', 'bocadinho calma', 'filme', 'sinto tranquila', 'imagens', 'tranquilidade']","['Um bocadinho mais calma.', 'um bocadinho mais calma.', 'Sim, sinto-me mais tranquila.']",tranquila - calma - relaxada - sinto - bocadinho - bocadinho calma - filme - sinto tranquila - imagens - tranquilidade,0.5851075343421985,False,Calm and relaxation
177,60,60,Q1,Como se sente agora?,1,3,Control,"Estou tranquila, confiante. Estou a tentar estar relaxada.","Estou tranquila, confiante.",tranquila confiante,2,True,True,,"Estou tranquila, confiante.",0,0_tranquila_calma_relaxada_sinto,"['tranquila', 'calma', 'relaxada', 'sinto', 'bocadinho', 'bocadinho calma', 'filme', 'sinto tranquila', 'imagens', 'tranquilidade']","['Um bocadinho mais calma.', 'um bocadinho mais calma.', 'Sim, sinto-me mais tranquila.']",tranquila - calma - relaxada - sinto - bocadinho - bocadinho calma - filme - sinto tranquila - imagens - tranquilidade,1.0,False,Calm and relaxation
178,60,60,Q1,Como se sente agora?,2,3,Control,"Estou tranquila, confiante. Estou a tentar estar relaxada.",Estou a tentar estar relaxada.,tentar relaxada,2,True,True,,Estou a tentar estar relaxada.,0,0_tranquila_calma_relaxada_sinto,"['tranquila', 'calma', 'relaxada', 'sinto', 'bocadinho', 'bocadinho calma', 'filme', 'sinto tranquila', 'imagens', 'tranquilidade']","['Um bocadinho mais calma.', 'um bocadinho mais calma.', 'Sim, sinto-me mais tranquila.']",tranquila - calma - relaxada - sinto - bocadinho - bocadinho calma - filme - sinto tranquila - imagens - tranquilidade,1.0,False,Calm and relaxation
180,73,13,Q2,Sente alguma diferença em relação a como se sentia antes?,1,3,Control,"Nem me lembro. Não sei, porque eu acho que adormeci mesmo.",Nem me lembro.,lembro,1,True,True,,Nem me lembro.,2,2_mim_diferente_diferença_bocadinho,"['mim', 'diferente', 'diferença', 'bocadinho', 'tipo', 'vídeo', 'pôs', 'emoção', 'logo', 'bocadinho diferença']","['pôs logo e vê-se perfeitamente que entrou na veia logo.', 'Eu acho que a diferença, eu já estava calma, acho que a diferença foi explotar um bocadinho mais de sentimentos mais de alegria, mais bem disposta, digamos.', 'É claro que se sente um bocadinho, mas não é assim uma diferença, no meu caso, significativa.']",mim - diferente - diferença - bocadinho - tipo - vídeo - pôs - emoção - logo - bocadinho diferença,1.0,False,Subjective emotional and experiential effects
181,73,13,Q2,Sente alguma diferença em relação a como se sentia antes?,2,3,Control,"Nem me lembro. Não sei, porque eu acho que adormeci mesmo.","Não sei, porque eu acho que adormeci mesmo.",sei adormeci,2,True,True,,"Não sei, porque eu acho que adormeci mesmo.",2,2_mim_diferente_diferença_bocadinho,"['mim', 'diferente', 'diferença', 'bocadinho', 'tipo', 'vídeo', 'pôs', 'emoção', 'logo', 'bocadinho diferença']","['pôs logo e vê-se perfeitamente que entrou na veia logo.', 'Eu acho que a diferença, eu já estava calma, acho que a diferença foi explotar um bocadinho mais de sentimentos mais de alegria, mais bem disposta, digamos.', 'É claro que se sente um bocadinho, mas não é assim uma diferença, no meu caso, significativa.']",mim - diferente - diferença - bocadinho - tipo - vídeo - pôs - emoção - logo - bocadinho diferença,1.0,False,Subjective emotional and experiential effects
182,75,15,Q2,Sente alguma diferença em relação a como se sentia antes?,1,2,VR Only,"Estou um bocadinho mais calma, fiquei mais relaxada e soube-me bem este bocadinho. Ajudou a descontrair um bocadinho.","Estou um bocadinho mais calma, fiquei mais relaxada e soube-me bem este bocadinho.",bocadinho calma fiquei relaxada soube bocadinho,6,True,True,,"Estou um bocadinho mais calma, fiquei mais relaxada e soube-me bem este bocadinho.",0,0_tranquila_calma_relaxada_sinto,"['tranquila', 'calma', 'relaxada', 'sinto', 'bocadinho', 'bocadinho calma', 'filme', 'sinto tranquila', 'imagens', 'tranquilidade']","['Um bocadinho mais calma.', 'um bocadinho mais calma.', 'Sim, sinto-me mais tranquila.']",tranquila - calma - relaxada - sinto - bocadinho - bocadinho calma - filme - sinto tranquila - imagens - tranquilidade,0.3806516478135325,False,Calm and relaxation
183,75,15,Q2,Sente alguma diferença em relação a como se sentia antes?,2,2,VR Only,"Estou um bocadinho mais calma, fiquei mais relaxada e soube-me bem este bocadinho. Ajudou a descontrair um bocadinho.",Ajudou a descontrair um bocadinho.,ajudou descontrair bocadinho,3,True,True,,Ajudou a descontrair um bocadinho.,2,2_mim_diferente_diferença_bocadinho,"['mim', 'diferente', 'diferença', 'bocadinho', 'tipo', 'vídeo', 'pôs', 'emoção', 'logo', 'bocadinho diferença']","['pôs logo e vê-se perfeitamente que entrou na veia logo.', 'Eu acho que a diferença, eu já estava calma, acho que a diferença foi explotar um bocadinho mais de sentimentos mais de alegria, mais bem disposta, digamos.', 'É claro que se sente um bocadinho, mas não é assim uma diferença, no meu caso, significativa.']",mim - diferente - diferença - bocadinho - tipo - vídeo - pôs - emoção - logo - bocadinho diferença,0.1220276368817199,False,Subjective emotional and experiential effects
184,76,16,Q2,Sente alguma diferença em relação a como se sentia antes?,1,3,Control,"sim, acho que sinto sinto um pouco mais de ansiedade acho eu, nada assim de extraordinário mas pronto, ficar aqui sozinha sem ninguém para falar ou para abstrair daqui acho que aumenta um bocadinho a ansiedade","sim, acho que sinto sinto um pouco mais de ansiedade acho eu, nada assim de extraordinário mas pronto, ficar aqui sozinha sem ninguém para falar ou para abstrair daqui acho que aumenta um bocadinho a ansiedade",sinto sinto pouco ansiedade extraordinário ficar sozinha ninguém falar abstrair daqui aumenta bocadinho ansiedade,14,True,True,,"sim, acho que sinto sinto um pouco mais de ansiedade acho eu, nada assim de extraordinário mas pronto, ficar aqui sozinha sem ninguém para falar ou para abstrair daqui acho que aumenta um bocadinho a ansiedade",9,9_ansiedade_ansiosa_bocadinho_nervosismo,"['ansiedade', 'ansiosa', 'bocadinho', 'nervosismo', 'bocadinho agitada', 'agitada', 'aumenta', 'ansiosa bocadinho', 'ansiedade nervosismo', 'durante']","['Não, quer dizer, como digo, à medida que se aproxima e ir para o bloco, a ansiedade aumenta e o receio de que algo possa correr mal também.', 'Durante estes 12 minutos estive a fazer aqui uma técnica própria que desenvolvi para não escalar a ansiedade durante o período que tenho de esperar até a entrada na sala de cirurgia.', 'sim, acho que sinto sinto um pouco mais de ansiedade acho eu, nada assim de extraordinário mas pronto, ficar aqui sozinha sem ninguém para falar ou para abstrair daqui acho que aumenta um bocadinho a ansiedade']",ansiedade - ansiosa - bocadinho - nervosismo - bocadinho agitada - agitada - aumenta - ansiosa bocadinho - ansiedade nervosismo - durante,1.0,True,Anxiety and nervousness
185,77,17,Q2,Sente alguma diferença em relação a como se sentia antes?,1,1,VR Art,"Eu acho que a diferença, eu já estava calma, acho que a diferença foi explotar um bocadinho mais de sentimentos mais de alegria, mais bem disposta, digamos.","Eu acho que a diferença, eu já estava calma, acho que a diferença foi explotar um bocadinho mais de sentimentos mais de alegria, mais bem disposta, digamos.",diferença calma diferença explotar bocadinho sentimentos alegria disposta digamos,9,True,True,,"Eu acho que a diferença, eu já estava calma, acho que a diferença foi explotar um bocadinho mais de sentimentos mais de alegria, mais bem disposta, digamos.",2,2_mim_diferente_diferença_bocadinho,"['mim', 'diferente', 'diferença', 'bocadinho', 'tipo', 'vídeo', 'pôs', 'emoção', 'logo', 'bocadinho diferença']","['pôs logo e vê-se perfeitamente que entrou na veia logo.', 'Eu acho que a diferença, eu já estava calma, acho que a diferença foi explotar um bocadinho mais de sentimentos mais de alegria, mais bem disposta, digamos.', 'É claro que se sente um bocadinho, mas não é assim uma diferença, no meu caso, significativa.']",mim - diferente - diferença - bocadinho - tipo - vídeo - pôs - emoção - logo - bocadinho diferença,1.0,True,Subjective emotional and experiential effects
186,84,24,Q2,Sente alguma diferença em relação a como se sentia antes?,1,1,VR Art,"mais rica, conheço mais coisas não conhecia","mais rica, conheço mais coisas não conhecia",rica conheço conhecia,3,True,True,,"mais rica, conheço mais coisas não conhecia",5,5_água_natureza_ar_mar,"['água', 'natureza', 'ar', 'mar', 'barulho', 'gostei', 'barulho água', 'verde', 'falta', 'certa']","['Essa parte, por exemplo, das flores e das árvores, não gostei, porque senti uma certa falta de ar.', 'igual apesar de que tenho uma experiência nova era de toda a improvável que fosse neste sítio é divertido por isso e acho que pode ajudar algumas pessoas que sem os meus medos de precipícios e de cobras conseguirem entrar nesse mundo e distrair-se um bocadinho é mais complicado encontrar uma cobra em um precipício são duas coisas que se calhar os meus valores já aumentaram mas de resto gostei', 'fazer exercícios que eu já costumo fazer que é respiração profunda respirar, reter e depois deitar fora o ar pensando sempre que estou num riacho que estou a nadar numa água muito quente e que estou numa experiência eu associo sempre as experiências aquáticas a coisas boas mas o verbo também é importante então eu situo-me num riacho com águas moras em que estou tranquilamente a nadar.']",água - natureza - ar - mar - barulho - gostei - barulho água - verde - falta - certa,0.120434929917398,False,Nature imagery and sensory responses
188,87,27,Q2,Sente alguma diferença em relação a como se sentia antes?,1,1,VR Art,"eventualmente sim este tempo de espera seria muito mais para mim sofreria mais porque estaria mais entregue a mim própria eventualmente e E a pensar não nos problemas e não em outras coisas, que foi o que aconteceu aqui. Estive distraída e numa dimensão completamente diferente.","eventualmente sim este tempo de espera seria muito mais para mim sofreria mais porque estaria mais entregue a mim própria eventualmente e E a pensar não nos problemas e não em outras coisas, que foi o que aconteceu aqui.",eventualmente tempo espera seria mim sofreria estaria entregue mim própria eventualmente pensar problemas outras aconteceu,15,True,True,,"eventualmente sim este tempo de espera seria muito mais para mim sofreria mais porque estaria mais entregue a mim própria eventualmente e E a pensar não nos problemas e não em outras coisas, que foi o que aconteceu aqui.",6,6_tempo_espera_tempo espera_agora,"['tempo', 'espera', 'tempo espera', 'agora', 'minutos', 'vez', 'eventualmente', 'voltei', 'rápido', 'realidade']","['E depois passei o tempo todo à espera.', 'eventualmente sim este tempo de espera seria muito mais para mim sofreria mais porque estaria mais entregue a mim própria eventualmente e E a pensar não nos problemas e não em outras coisas, que foi o que aconteceu aqui.', 'O tempo de espera.']",tempo - espera - tempo espera - agora - minutos - vez - eventualmente - voltei - rápido - realidade,1.0,True,Waiting experience
189,87,27,Q2,Sente alguma diferença em relação a como se sentia antes?,2,1,VR Art,"eventualmente sim este tempo de espera seria muito mais para mim sofreria mais porque estaria mais entregue a mim própria eventualmente e E a pensar não nos problemas e não em outras coisas, que foi o que aconteceu aqui. Estive distraída e numa dimensão completamente diferente.",Estive distraída e numa dimensão completamente diferente.,estive distraída dimensão completamente diferente,5,True,True,,Estive distraída e numa dimensão completamente diferente.,2,2_mim_diferente_diferença_bocadinho,"['mim', 'diferente', 'diferença', 'bocadinho', 'tipo', 'vídeo', 'pôs', 'emoção', 'logo', 'bocadinho diferença']","['pôs logo e vê-se perfeitamente que entrou na veia logo.', 'Eu acho que a diferença, eu já estava calma, acho que a diferença foi explotar um bocadinho mais de sentimentos mais de alegria, mais bem disposta, digamos.', 'É claro que se sente um bocadinho, mas não é assim uma diferença, no meu caso, significativa.']",mim - diferente - diferença - bocadinho - tipo - vídeo - pôs - emoção - logo - bocadinho diferença,0.3912425829023332,False,Subjective emotional and experiential effects
191,91,31,Q2,Sente alguma diferença em relação a como se sentia antes?,1,1,VR Art,"Não, é igual. É a mesma coisa.","Não, é igual.",igual,1,True,True,,"Não, é igual.",8,8_cinco_estrelas_cinco estrelas_mesma,"['cinco', 'estrelas', 'cinco estrelas', 'mesma', 'seja', 'mudou', 'seja falar', 'significativo pensamento', 'sempr', 'similar']","['O acolhimento é cinco estrelas.', 'Não, cinco estrelas.', 'Não, acho que aqui são cinco estrelas.']",cinco - estrelas - cinco estrelas - mesma - seja - mudou - seja falar - significativo pensamento - sempr - similar,0.1643780170218426,False,No perceived change and brief appraisals
192,91,31,Q2,Sente alguma diferença em relação a como se sentia antes?,2,1,VR Art,"Não, é igual. É a mesma coisa.",É a mesma coisa.,mesma,1,True,True,,É a mesma coisa.,8,8_cinco_estrelas_cinco estrelas_mesma,"['cinco', 'estrelas', 'cinco estrelas', 'mesma', 'seja', 'mudou', 'seja falar', 'significativo pensamento', 'sempr', 'similar']","['O acolhimento é cinco estrelas.', 'Não, cinco estrelas.', 'Não, acho que aqui são cinco estrelas.']",cinco - estrelas - cinco estrelas - mesma - seja - mudou - seja falar - significativo pensamento - sempr - similar,0.1354974640235963,False,No perceived change and brief appraisals
193,92,32,Q2,Sente alguma diferença em relação a como se sentia antes?,1,2,VR Only,Estou assim um bocadinho mais agitada.,Estou assim um bocadinho mais agitada.,bocadinho agitada,2,True,True,,Estou assim um bocadinho mais agitada.,9,9_ansiedade_ansiosa_bocadinho_nervosismo,"['ansiedade', 'ansiosa', 'bocadinho', 'nervosismo', 'bocadinho agitada', 'agitada', 'aumenta', 'ansiosa bocadinho', 'ansiedade nervosismo', 'durante']","['Não, quer dizer, como digo, à medida que se aproxima e ir para o bloco, a ansiedade aumenta e o receio de que algo possa correr mal também.', 'Durante estes 12 minutos estive a fazer aqui uma técnica própria que desenvolvi para não escalar a ansiedade durante o período que tenho de esperar até a entrada na sala de cirurgia.', 'sim, acho que sinto sinto um pouco mais de ansiedade acho eu, nada assim de extraordinário mas pronto, ficar aqui sozinha sem ninguém para falar ou para abstrair daqui acho que aumenta um bocadinho a ansiedade']",ansiedade - ansiosa - bocadinho - nervosismo - bocadinho agitada - agitada - aumenta - ansiosa bocadinho - ansiedade nervosismo - durante,1.0,False,Anxiety and nervousness
195,94,34,Q2,Sente alguma diferença em relação a como se sentia antes?,1,3,Control,"Sim, sinto-me mais tranquila.","Sim, sinto-me mais tranquila.",sinto tranquila,2,True,True,,"Sim, sinto-me mais tranquila.",0,0_tranquila_calma_relaxada_sinto,"['tranquila', 'calma', 'relaxada', 'sinto', 'bocadinho', 'bocadinho calma', 'filme', 'sinto tranquila', 'imagens', 'tranquilidade']","['Um bocadinho mais calma.', 'um bocadinho mais calma.', 'Sim, sinto-me mais tranquila.']",tranquila - calma - relaxada - sinto - bocadinho - bocadinho calma - filme - sinto tranquila - imagens - tranquilidade,0.5521299246635131,True,Calm and relaxation
196,95,35,Q2,Sente alguma diferença em relação a como se sentia antes?,1,1,VR Art,"Não prejudicou, mas também não melhorou.","Não prejudicou, mas também não melhorou.",prejudicou melhorou,2,True,True,,"Não prejudicou, mas também não melhorou.",8,8_cinco_estrelas_cinco estrelas_mesma,"['cinco', 'estrelas', 'cinco estrelas', 'mesma', 'seja', 'mudou', 'seja falar', 'significativo pensamento', 'sempr', 'similar']","['O acolhimento é cinco estrelas.', 'Não, cinco estrelas.', 'Não, acho que aqui são cinco estrelas.']",cinco - estrelas - cinco estrelas - mesma - seja - mudou - seja falar - significativo pensamento - sempr - similar,0.0746399799258114,False,No perceived change and brief appraisals
197,97,37,Q2,Sente alguma diferença em relação a como se sentia antes?,1,2,VR Only,Estou mais descontraída. Estou a ouvir o barulho da água.,Estou mais descontraída.,descontraída,1,True,True,,Estou mais descontraída.,0,0_tranquila_calma_relaxada_sinto,"['tranquila', 'calma', 'relaxada', 'sinto', 'bocadinho', 'bocadinho calma', 'filme', 'sinto tranquila', 'imagens', 'tranquilidade']","['Um bocadinho mais calma.', 'um bocadinho mais calma.', 'Sim, sinto-me mais tranquila.']",tranquila - calma - relaxada - sinto - bocadinho - bocadinho calma - filme - sinto tranquila - imagens - tranquilidade,0.5873936256132091,False,Calm and relaxation
198,97,37,Q2,Sente alguma diferença em relação a como se sentia antes?,2,2,VR Only,Estou mais descontraída. Estou a ouvir o barulho da água.,Estou a ouvir o barulho da água.,ouvir barulho água,3,True,True,,Estou a ouvir o barulho da água.,5,5_água_natureza_ar_mar,"['água', 'natureza', 'ar', 'mar', 'barulho', 'gostei', 'barulho água', 'verde', 'falta', 'certa']","['Essa parte, por exemplo, das flores e das árvores, não gostei, porque senti uma certa falta de ar.', 'igual apesar de que tenho uma experiência nova era de toda a improvável que fosse neste sítio é divertido por isso e acho que pode ajudar algumas pessoas que sem os meus medos de precipícios e de cobras conseguirem entrar nesse mundo e distrair-se um bocadinho é mais complicado encontrar uma cobra em um precipício são duas coisas que se calhar os meus valores já aumentaram mas de resto gostei', 'fazer exercícios que eu já costumo fazer que é respiração profunda respirar, reter e depois deitar fora o ar pensando sempre que estou num riacho que estou a nadar numa água muito quente e que estou numa experiência eu associo sempre as experiências aquáticas a coisas boas mas o verbo também é importante então eu situo-me num riacho com águas moras em que estou tranquilamente a nadar.']",água - natureza - ar - mar - barulho - gostei - barulho água - verde - falta - certa,0.3031971052743387,False,Nature imagery and sensory responses
199,98,38,Q2,Sente alguma diferença em relação a como se sentia antes?,1,1,VR Art,"Sim, agora foi menos ansiosa. Fez com que eu relaxasse.","Sim, agora foi menos ansiosa.",agora menos ansiosa,3,True,True,,"Sim, agora foi menos ansiosa.",0,0_tranquila_calma_relaxada_sinto,"['tranquila', 'calma', 'relaxada', 'sinto', 'bocadinho', 'bocadinho calma', 'filme', 'sinto tranquila', 'imagens', 'tranquilidade']","['Um bocadinho mais calma.', 'um bocadinho mais calma.', 'Sim, sinto-me mais tranquila.']",tranquila - calma - relaxada - sinto - bocadinho - bocadinho calma - filme - sinto tranquila - imagens - tranquilidade,0.6483998512704096,False,Calm and relaxation
200,98,38,Q2,Sente alguma diferença em relação a como se sentia antes?,2,1,VR Art,"Sim, agora foi menos ansiosa. Fez com que eu relaxasse.",Fez com que eu relaxasse.,fez relaxasse,2,True,True,,Fez com que eu relaxasse.,0,0_tranquila_calma_relaxada_sinto,"['tranquila', 'calma', 'relaxada', 'sinto', 'bocadinho', 'bocadinho calma', 'filme', 'sinto tranquila', 'imagens', 'tranquilidade']","['Um bocadinho mais calma.', 'um bocadinho mais calma.', 'Sim, sinto-me mais tranquila.']",tranquila - calma - relaxada - sinto - bocadinho - bocadinho calma - filme - sinto tranquila - imagens - tranquilidade,1.0,False,Calm and relaxation
202,100,40,Q2,Sente alguma diferença em relação a como se sentia antes?,1,2,VR Only,Sinto-me mais calma.,Sinto-me mais calma.,sinto calma,2,True,True,,Sinto-me mais calma.,0,0_tranquila_calma_relaxada_sinto,"['tranquila', 'calma', 'relaxada', 'sinto', 'bocadinho', 'bocadinho calma', 'filme', 'sinto tranquila', 'imagens', 'tranquilidade']","['Um bocadinho mais calma.', 'um bocadinho mais calma.', 'Sim, sinto-me mais tranquila.']",tranquila - calma - relaxada - sinto - bocadinho - bocadinho calma - filme - sinto tranquila - imagens - tranquilidade,1.0,False,Calm and relaxation
204,103,43,Q2,Sente alguma diferença em relação a como se sentia antes?,1,2,VR Only,"Sinto que estou mais tranquila e mais sossegada, mais relaxada.","Sinto que estou mais tranquila e mais sossegada, mais relaxada.",sinto tranquila sossegada relaxada,4,True,True,,"Sinto que estou mais tranquila e mais sossegada, mais relaxada.",0,0_tranquila_calma_relaxada_sinto,"['tranquila', 'calma', 'relaxada', 'sinto', 'bocadinho', 'bocadinho calma', 'filme', 'sinto tranquila', 'imagens', 'tranquilidade']","['Um bocadinho mais calma.', 'um bocadinho mais calma.', 'Sim, sinto-me mais tranquila.']",tranquila - calma - relaxada - sinto - bocadinho - bocadinho calma - filme - sinto tranquila - imagens - tranquilidade,0.5118009623100416,False,Calm and relaxation
205,104,44,Q2,Sente alguma diferença em relação a como se sentia antes?,1,1,VR Art,"Sim, sim, sinto que durante estes minutinhos deu para desligar, não é? Do que está a acontecer e estar assim, embranhada aqui na pequena experiência. Portanto, sim, sinto que foi positivo.","Sim, sim, sinto que durante estes minutinhos deu para desligar, não é?",sinto durante minutinhos deu desligar,5,True,True,,"Sim, sim, sinto que durante estes minutinhos deu para desligar, não é?",6,6_tempo_espera_tempo espera_agora,"['tempo', 'espera', 'tempo espera', 'agora', 'minutos', 'vez', 'eventualmente', 'voltei', 'rápido', 'realidade']","['E depois passei o tempo todo à espera.', 'eventualmente sim este tempo de espera seria muito mais para mim sofreria mais porque estaria mais entregue a mim própria eventualmente e E a pensar não nos problemas e não em outras coisas, que foi o que aconteceu aqui.', 'O tempo de espera.']",tempo - espera - tempo espera - agora - minutos - vez - eventualmente - voltei - rápido - realidade,1.0,False,Waiting experience
206,104,44,Q2,Sente alguma diferença em relação a como se sentia antes?,2,1,VR Art,"Sim, sim, sinto que durante estes minutinhos deu para desligar, não é? Do que está a acontecer e estar assim, embranhada aqui na pequena experiência. Portanto, sim, sinto que foi positivo.","Do que está a acontecer e estar assim, embranhada aqui na pequena experiência.",acontecer embranhada pequena experiência,4,True,True,,"Do que está a acontecer e estar assim, embranhada aqui na pequena experiência.",2,2_mim_diferente_diferença_bocadinho,"['mim', 'diferente', 'diferença', 'bocadinho', 'tipo', 'vídeo', 'pôs', 'emoção', 'logo', 'bocadinho diferença']","['pôs logo e vê-se perfeitamente que entrou na veia logo.', 'Eu acho que a diferença, eu já estava calma, acho que a diferença foi explotar um bocadinho mais de sentimentos mais de alegria, mais bem disposta, digamos.', 'É claro que se sente um bocadinho, mas não é assim uma diferença, no meu caso, significativa.']",mim - diferente - diferença - bocadinho - tipo - vídeo - pôs - emoção - logo - bocadinho diferença,0.2240425781674043,False,Subjective emotional and experiential effects
207,104,44,Q2,Sente alguma diferença em relação a como se sentia antes?,3,1,VR Art,"Sim, sim, sinto que durante estes minutinhos deu para desligar, não é? Do que está a acontecer e estar assim, embranhada aqui na pequena experiência. Portanto, sim, sinto que foi positivo.","Portanto, sim, sinto que foi positivo.",sinto positivo,2,True,True,,"Portanto, sim, sinto que foi positivo.",7,7_manter_correu_positiva_manter positiva,"['manter', 'correu', 'positiva', 'manter positiva', 'dentro', 'positivo', 'normal', 'normal dentro', 'positivo razão', 'positiva neste']","['Bem, dentro do normal, bem, dentro das circunstâncias', 'Eu acho que é importante a pessoa manter-se positiva.', 'O esforço é manter-se sempre positiva e neste nível de positividade.']",manter - correu - positiva - manter positiva - dentro - positivo - normal - normal dentro - positivo razão - positiva neste,0.2391931640391423,False,Positive appraisal and optimism
208,105,45,Q2,Sente alguma diferença em relação a como se sentia antes?,1,3,Control,"Não, não sinto.","Não, não sinto.",sinto,1,True,True,,"Não, não sinto.",2,2_mim_diferente_diferença_bocadinho,"['mim', 'diferente', 'diferença', 'bocadinho', 'tipo', 'vídeo', 'pôs', 'emoção', 'logo', 'bocadinho diferença']","['pôs logo e vê-se perfeitamente que entrou na veia logo.', 'Eu acho que a diferença, eu já estava calma, acho que a diferença foi explotar um bocadinho mais de sentimentos mais de alegria, mais bem disposta, digamos.', 'É claro que se sente um bocadinho, mas não é assim uma diferença, no meu caso, significativa.']",mim - diferente - diferença - bocadinho - tipo - vídeo - pôs - emoção - logo - bocadinho diferença,0.3708331285922702,False,Subjective emotional and experiential effects
209,106,46,Q2,Sente alguma diferença em relação a como se sentia antes?,1,2,VR Only,"Não é significativo. É claro que se sente um bocadinho, mas não é assim uma diferença, no meu caso, significativa. Nas imagens a pessoa tenta ir ao local, não é? O barulho dos pássaros, o barulho da água, o verde, o céu, tudo. Mas pronto, a pessoa sabe que vai ser operada, não é? Portanto, o pensamento não sai daí. No meu caso, porque quero despachar as coisas, quero mesmo despachar, e portanto não é totalmente transportar para aquele lado e não se lembrar do que é que vai. Fazer daí a 10 minutos, não.",Não é significativo.,significativo,1,True,True,,Não é significativo.,8,8_cinco_estrelas_cinco estrelas_mesma,"['cinco', 'estrelas', 'cinco estrelas', 'mesma', 'seja', 'mudou', 'seja falar', 'significativo pensamento', 'sempr', 'similar']","['O acolhimento é cinco estrelas.', 'Não, cinco estrelas.', 'Não, acho que aqui são cinco estrelas.']",cinco - estrelas - cinco estrelas - mesma - seja - mudou - seja falar - significativo pensamento - sempr - similar,1.0,False,No perceived change and brief appraisals
210,106,46,Q2,Sente alguma diferença em relação a como se sentia antes?,2,2,VR Only,"Não é significativo. É claro que se sente um bocadinho, mas não é assim uma diferença, no meu caso, significativa. Nas imagens a pessoa tenta ir ao local, não é? O barulho dos pássaros, o barulho da água, o verde, o céu, tudo. Mas pronto, a pessoa sabe que vai ser operada, não é? Portanto, o pensamento não sai daí. No meu caso, porque quero despachar as coisas, quero mesmo despachar, e portanto não é totalmente transportar para aquele lado e não se lembrar do que é que vai. Fazer daí a 10 minutos, não.","É claro que se sente um bocadinho, mas não é assim uma diferença, no meu caso, significativa.",claro sente bocadinho diferença caso significativa,6,True,True,,"É claro que se sente um bocadinho, mas não é assim uma diferença, no meu caso, significativa.",2,2_mim_diferente_diferença_bocadinho,"['mim', 'diferente', 'diferença', 'bocadinho', 'tipo', 'vídeo', 'pôs', 'emoção', 'logo', 'bocadinho diferença']","['pôs logo e vê-se perfeitamente que entrou na veia logo.', 'Eu acho que a diferença, eu já estava calma, acho que a diferença foi explotar um bocadinho mais de sentimentos mais de alegria, mais bem disposta, digamos.', 'É claro que se sente um bocadinho, mas não é assim uma diferença, no meu caso, significativa.']",mim - diferente - diferença - bocadinho - tipo - vídeo - pôs - emoção - logo - bocadinho diferença,0.1617233574801217,True,Subjective emotional and experiential effects
211,106,46,Q2,Sente alguma diferença em relação a como se sentia antes?,3,2,VR Only,"Não é significativo. É claro que se sente um bocadinho, mas não é assim uma diferença, no meu caso, significativa. Nas imagens a pessoa tenta ir ao local, não é? O barulho dos pássaros, o barulho da água, o verde, o céu, tudo. Mas pronto, a pessoa sabe que vai ser operada, não é? Portanto, o pensamento não sai daí. No meu caso, porque quero despachar as coisas, quero mesmo despachar, e portanto não é totalmente transportar para aquele lado e não se lembrar do que é que vai. Fazer daí a 10 minutos, não.","Nas imagens a pessoa tenta ir ao local, não é?",imagens pessoa tenta ir local,5,True,True,,"Nas imagens a pessoa tenta ir ao local, não é?",4,4_cima_ir_sítio_abaixo,"['cima', 'ir', 'sítio', 'abaixo', 'outro sítio', 'outro', 'vamos', 'despachar', 'trabalho', 'quero despachar']","['Eu houve ali mal um sítio que nós vamos e parece que vamos cair.', 'obrigou-me a ir lá acima e depois vim cá abaixo e depois pude ir para cima.', 'No meu caso, porque quero despachar as coisas, quero mesmo despachar, e portanto não é totalmente transportar para aquele lado e não se lembrar do que é que vai.']",cima - ir - sítio - abaixo - outro sítio - outro - vamos - despachar - trabalho - quero despachar,1.0,False,Movement and sense of place
212,106,46,Q2,Sente alguma diferença em relação a como se sentia antes?,4,2,VR Only,"Não é significativo. É claro que se sente um bocadinho, mas não é assim uma diferença, no meu caso, significativa. Nas imagens a pessoa tenta ir ao local, não é? O barulho dos pássaros, o barulho da água, o verde, o céu, tudo. Mas pronto, a pessoa sabe que vai ser operada, não é? Portanto, o pensamento não sai daí. No meu caso, porque quero despachar as coisas, quero mesmo despachar, e portanto não é totalmente transportar para aquele lado e não se lembrar do que é que vai. Fazer daí a 10 minutos, não.","O barulho dos pássaros, o barulho da água, o verde, o céu, tudo.",barulho pássaros barulho água verde céu,6,True,True,,"O barulho dos pássaros, o barulho da água, o verde, o céu, tudo.",5,5_água_natureza_ar_mar,"['água', 'natureza', 'ar', 'mar', 'barulho', 'gostei', 'barulho água', 'verde', 'falta', 'certa']","['Essa parte, por exemplo, das flores e das árvores, não gostei, porque senti uma certa falta de ar.', 'igual apesar de que tenho uma experiência nova era de toda a improvável que fosse neste sítio é divertido por isso e acho que pode ajudar algumas pessoas que sem os meus medos de precipícios e de cobras conseguirem entrar nesse mundo e distrair-se um bocadinho é mais complicado encontrar uma cobra em um precipício são duas coisas que se calhar os meus valores já aumentaram mas de resto gostei', 'fazer exercícios que eu já costumo fazer que é respiração profunda respirar, reter e depois deitar fora o ar pensando sempre que estou num riacho que estou a nadar numa água muito quente e que estou numa experiência eu associo sempre as experiências aquáticas a coisas boas mas o verbo também é importante então eu situo-me num riacho com águas moras em que estou tranquilamente a nadar.']",água - natureza - ar - mar - barulho - gostei - barulho água - verde - falta - certa,1.0,False,Nature imagery and sensory responses
213,106,46,Q2,Sente alguma diferença em relação a como se sentia antes?,5,2,VR Only,"Não é significativo. É claro que se sente um bocadinho, mas não é assim uma diferença, no meu caso, significativa. Nas imagens a pessoa tenta ir ao local, não é? O barulho dos pássaros, o barulho da água, o verde, o céu, tudo. Mas pronto, a pessoa sabe que vai ser operada, não é? Portanto, o pensamento não sai daí. No meu caso, porque quero despachar as coisas, quero mesmo despachar, e portanto não é totalmente transportar para aquele lado e não se lembrar do que é que vai. Fazer daí a 10 minutos, não.","Mas pronto, a pessoa sabe que vai ser operada, não é?",pessoa sabe vai operada,4,True,True,,"Mas pronto, a pessoa sabe que vai ser operada, não é?",3,3_cirurgia_vai_fazer_pode depressa,"['cirurgia', 'vai', 'fazer', 'pode depressa', 'óculos', 'exame', 'doutor', 'sou', 'depressa', 'sei']","['A minha técnica consta em fazer uma revisão do que tenho para fazer depois da cirurgia e organizar os meus pensamentos, organizar os meus planos, de maneira a que não foque no que realmente me preocupa no imediato que vai acontecer.', 'É mesmo só essa ansiosa, ansiosa, pode mais depressa melhor, pode mais depressa isto, pode mais depressa sai, mas é mesmo, a preocupação é mesmo o cuidado e o pós, o que é que vai vir a seguir, vai correr tudo bem, é certo, mas não deixa de ser uma cirurgia, não deixa de ser...', 'durante o vídeo eu abstraí-me completamente do sítio onde estava estava completamente envolvida no vídeo após tirar os óculos senti-me um bocadinho mais calma mas como entretanto entrou o doutor Pedro o meu pensamento voltou outra vez para a cirurgia mas acho que o facto desse vídeo ser neste momento eu acho que sim que faz muito sentido principalmente para quem está com descansamentos']",cirurgia - vai - fazer - pode depressa - óculos - exame - doutor - sou - depressa - sei,1.0,False,Surgical concerns and coping
214,106,46,Q2,Sente alguma diferença em relação a como se sentia antes?,6,2,VR Only,"Não é significativo. É claro que se sente um bocadinho, mas não é assim uma diferença, no meu caso, significativa. Nas imagens a pessoa tenta ir ao local, não é? O barulho dos pássaros, o barulho da água, o verde, o céu, tudo. Mas pronto, a pessoa sabe que vai ser operada, não é? Portanto, o pensamento não sai daí. No meu caso, porque quero despachar as coisas, quero mesmo despachar, e portanto não é totalmente transportar para aquele lado e não se lembrar do que é que vai. Fazer daí a 10 minutos, não.","Portanto, o pensamento não sai daí.",pensamento sai daí,3,True,True,,"Portanto, o pensamento não sai daí.",8,8_cinco_estrelas_cinco estrelas_mesma,"['cinco', 'estrelas', 'cinco estrelas', 'mesma', 'seja', 'mudou', 'seja falar', 'significativo pensamento', 'sempr', 'similar']","['O acolhimento é cinco estrelas.', 'Não, cinco estrelas.', 'Não, acho que aqui são cinco estrelas.']",cinco - estrelas - cinco estrelas - mesma - seja - mudou - seja falar - significativo pensamento - sempr - similar,1.0,False,No perceived change and brief appraisals
215,106,46,Q2,Sente alguma diferença em relação a como se sentia antes?,7,2,VR Only,"Não é significativo. É claro que se sente um bocadinho, mas não é assim uma diferença, no meu caso, significativa. Nas imagens a pessoa tenta ir ao local, não é? O barulho dos pássaros, o barulho da água, o verde, o céu, tudo. Mas pronto, a pessoa sabe que vai ser operada, não é? Portanto, o pensamento não sai daí. No meu caso, porque quero despachar as coisas, quero mesmo despachar, e portanto não é totalmente transportar para aquele lado e não se lembrar do que é que vai. Fazer daí a 10 minutos, não.","No meu caso, porque quero despachar as coisas, quero mesmo despachar, e portanto não é totalmente transportar para aquele lado e não se lembrar do que é que vai.",caso quero despachar quero despachar totalmente transportar lado lembrar vai,10,True,True,,"No meu caso, porque quero despachar as coisas, quero mesmo despachar, e portanto não é totalmente transportar para aquele lado e não se lembrar do que é que vai.",4,4_cima_ir_sítio_abaixo,"['cima', 'ir', 'sítio', 'abaixo', 'outro sítio', 'outro', 'vamos', 'despachar', 'trabalho', 'quero despachar']","['Eu houve ali mal um sítio que nós vamos e parece que vamos cair.', 'obrigou-me a ir lá acima e depois vim cá abaixo e depois pude ir para cima.', 'No meu caso, porque quero despachar as coisas, quero mesmo despachar, e portanto não é totalmente transportar para aquele lado e não se lembrar do que é que vai.']",cima - ir - sítio - abaixo - outro sítio - outro - vamos - despachar - trabalho - quero despachar,1.0,True,Movement and sense of place
216,106,46,Q2,Sente alguma diferença em relação a como se sentia antes?,8,2,VR Only,"Não é significativo. É claro que se sente um bocadinho, mas não é assim uma diferença, no meu caso, significativa. Nas imagens a pessoa tenta ir ao local, não é? O barulho dos pássaros, o barulho da água, o verde, o céu, tudo. Mas pronto, a pessoa sabe que vai ser operada, não é? Portanto, o pensamento não sai daí. No meu caso, porque quero despachar as coisas, quero mesmo despachar, e portanto não é totalmente transportar para aquele lado e não se lembrar do que é que vai. Fazer daí a 10 minutos, não.","Fazer daí a 10 minutos, não.",fazer daí minutos,3,True,True,,"Fazer daí a 10 minutos, não.",6,6_tempo_espera_tempo espera_agora,"['tempo', 'espera', 'tempo espera', 'agora', 'minutos', 'vez', 'eventualmente', 'voltei', 'rápido', 'realidade']","['E depois passei o tempo todo à espera.', 'eventualmente sim este tempo de espera seria muito mais para mim sofreria mais porque estaria mais entregue a mim própria eventualmente e E a pensar não nos problemas e não em outras coisas, que foi o que aconteceu aqui.', 'O tempo de espera.']",tempo - espera - tempo espera - agora - minutos - vez - eventualmente - voltei - rápido - realidade,1.0,False,Waiting experience
218,107,47,Q2,Sente alguma diferença em relação a como se sentia antes?,2,1,VR Art,"Não, não. Estou bem, mas eu tenho muito medo das alturas. Eu houve ali mal um sítio que nós vamos e parece que vamos cair. Mas o resto não. Mas sabe, eu acho que aquilo tudo, a fotografia e tudo, é tudo tão bonito que nós, às tantas, estamos a olhar para aquilo. Estamos em outro sítio, já estamos ali, já.","Estou bem, mas eu tenho muito medo das alturas.",medo alturas,2,True,True,,"Estou bem, mas eu tenho muito medo das alturas.",5,5_água_natureza_ar_mar,"['água', 'natureza', 'ar', 'mar', 'barulho', 'gostei', 'barulho água', 'verde', 'falta', 'certa']","['Essa parte, por exemplo, das flores e das árvores, não gostei, porque senti uma certa falta de ar.', 'igual apesar de que tenho uma experiência nova era de toda a improvável que fosse neste sítio é divertido por isso e acho que pode ajudar algumas pessoas que sem os meus medos de precipícios e de cobras conseguirem entrar nesse mundo e distrair-se um bocadinho é mais complicado encontrar uma cobra em um precipício são duas coisas que se calhar os meus valores já aumentaram mas de resto gostei', 'fazer exercícios que eu já costumo fazer que é respiração profunda respirar, reter e depois deitar fora o ar pensando sempre que estou num riacho que estou a nadar numa água muito quente e que estou numa experiência eu associo sempre as experiências aquáticas a coisas boas mas o verbo também é importante então eu situo-me num riacho com águas moras em que estou tranquilamente a nadar.']",água - natureza - ar - mar - barulho - gostei - barulho água - verde - falta - certa,1.0,False,Nature imagery and sensory responses
219,107,47,Q2,Sente alguma diferença em relação a como se sentia antes?,3,1,VR Art,"Não, não. Estou bem, mas eu tenho muito medo das alturas. Eu houve ali mal um sítio que nós vamos e parece que vamos cair. Mas o resto não. Mas sabe, eu acho que aquilo tudo, a fotografia e tudo, é tudo tão bonito que nós, às tantas, estamos a olhar para aquilo. Estamos em outro sítio, já estamos ali, já.",Eu houve ali mal um sítio que nós vamos e parece que vamos cair.,ali mal sítio vamos parece vamos cair,7,True,True,,Eu houve ali mal um sítio que nós vamos e parece que vamos cair.,4,4_cima_ir_sítio_abaixo,"['cima', 'ir', 'sítio', 'abaixo', 'outro sítio', 'outro', 'vamos', 'despachar', 'trabalho', 'quero despachar']","['Eu houve ali mal um sítio que nós vamos e parece que vamos cair.', 'obrigou-me a ir lá acima e depois vim cá abaixo e depois pude ir para cima.', 'No meu caso, porque quero despachar as coisas, quero mesmo despachar, e portanto não é totalmente transportar para aquele lado e não se lembrar do que é que vai.']",cima - ir - sítio - abaixo - outro sítio - outro - vamos - despachar - trabalho - quero despachar,1.0,True,Movement and sense of place
220,107,47,Q2,Sente alguma diferença em relação a como se sentia antes?,4,1,VR Art,"Não, não. Estou bem, mas eu tenho muito medo das alturas. Eu houve ali mal um sítio que nós vamos e parece que vamos cair. Mas o resto não. Mas sabe, eu acho que aquilo tudo, a fotografia e tudo, é tudo tão bonito que nós, às tantas, estamos a olhar para aquilo. Estamos em outro sítio, já estamos ali, já.",Mas o resto não.,resto,1,True,True,,Mas o resto não.,8,8_cinco_estrelas_cinco estrelas_mesma,"['cinco', 'estrelas', 'cinco estrelas', 'mesma', 'seja', 'mudou', 'seja falar', 'significativo pensamento', 'sempr', 'similar']","['O acolhimento é cinco estrelas.', 'Não, cinco estrelas.', 'Não, acho que aqui são cinco estrelas.']",cinco - estrelas - cinco estrelas - mesma - seja - mudou - seja falar - significativo pensamento - sempr - similar,1.0,False,No perceived change and brief appraisals
221,107,47,Q2,Sente alguma diferença em relação a como se sentia antes?,5,1,VR Art,"Não, não. Estou bem, mas eu tenho muito medo das alturas. Eu houve ali mal um sítio que nós vamos e parece que vamos cair. Mas o resto não. Mas sabe, eu acho que aquilo tudo, a fotografia e tudo, é tudo tão bonito que nós, às tantas, estamos a olhar para aquilo. Estamos em outro sítio, já estamos ali, já.","Mas sabe, eu acho que aquilo tudo, a fotografia e tudo, é tudo tão bonito que nós, às tantas, estamos a olhar para aquilo.",sabe fotografia tão bonito às tantas estamos olhar,8,True,True,,"Mas sabe, eu acho que aquilo tudo, a fotografia e tudo, é tudo tão bonito que nós, às tantas, estamos a olhar para aquilo.",0,0_tranquila_calma_relaxada_sinto,"['tranquila', 'calma', 'relaxada', 'sinto', 'bocadinho', 'bocadinho calma', 'filme', 'sinto tranquila', 'imagens', 'tranquilidade']","['Um bocadinho mais calma.', 'um bocadinho mais calma.', 'Sim, sinto-me mais tranquila.']",tranquila - calma - relaxada - sinto - bocadinho - bocadinho calma - filme - sinto tranquila - imagens - tranquilidade,1.0,False,Calm and relaxation
222,107,47,Q2,Sente alguma diferença em relação a como se sentia antes?,6,1,VR Art,"Não, não. Estou bem, mas eu tenho muito medo das alturas. Eu houve ali mal um sítio que nós vamos e parece que vamos cair. Mas o resto não. Mas sabe, eu acho que aquilo tudo, a fotografia e tudo, é tudo tão bonito que nós, às tantas, estamos a olhar para aquilo. Estamos em outro sítio, já estamos ali, já.","Estamos em outro sítio, já estamos ali, já.",estamos outro sítio estamos ali,5,True,True,,"Estamos em outro sítio, já estamos ali, já.",4,4_cima_ir_sítio_abaixo,"['cima', 'ir', 'sítio', 'abaixo', 'outro sítio', 'outro', 'vamos', 'despachar', 'trabalho', 'quero despachar']","['Eu houve ali mal um sítio que nós vamos e parece que vamos cair.', 'obrigou-me a ir lá acima e depois vim cá abaixo e depois pude ir para cima.', 'No meu caso, porque quero despachar as coisas, quero mesmo despachar, e portanto não é totalmente transportar para aquele lado e não se lembrar do que é que vai.']",cima - ir - sítio - abaixo - outro sítio - outro - vamos - despachar - trabalho - quero despachar,1.0,False,Movement and sense of place
223,109,49,Q2,Sente alguma diferença em relação a como se sentia antes?,1,2,VR Only,"u não sei porquê, mas eu estou tão tranquila hoje que não é normal, acho eu. Não, estou tranquila. É assim, eu acho que é muito bom para quem vem com medo, ansiosa, acho que é bom porque ouvir a água, os passarinhos, mas... Eu acho que preferia estar com os olhos fechados e ouvir aquilo tudo. Acho que para mim o som faz mais efeito que a imagem.","u não sei porquê, mas eu estou tão tranquila hoje que não é normal, acho eu.",sei porquê tão tranquila hoje normal,6,True,True,,"u não sei porquê, mas eu estou tão tranquila hoje que não é normal, acho eu.",0,0_tranquila_calma_relaxada_sinto,"['tranquila', 'calma', 'relaxada', 'sinto', 'bocadinho', 'bocadinho calma', 'filme', 'sinto tranquila', 'imagens', 'tranquilidade']","['Um bocadinho mais calma.', 'um bocadinho mais calma.', 'Sim, sinto-me mais tranquila.']",tranquila - calma - relaxada - sinto - bocadinho - bocadinho calma - filme - sinto tranquila - imagens - tranquilidade,1.0,False,Calm and relaxation
224,109,49,Q2,Sente alguma diferença em relação a como se sentia antes?,2,2,VR Only,"u não sei porquê, mas eu estou tão tranquila hoje que não é normal, acho eu. Não, estou tranquila. É assim, eu acho que é muito bom para quem vem com medo, ansiosa, acho que é bom porque ouvir a água, os passarinhos, mas... Eu acho que preferia estar com os olhos fechados e ouvir aquilo tudo. Acho que para mim o som faz mais efeito que a imagem.","Não, estou tranquila.",tranquila,1,True,True,,"Não, estou tranquila.",0,0_tranquila_calma_relaxada_sinto,"['tranquila', 'calma', 'relaxada', 'sinto', 'bocadinho', 'bocadinho calma', 'filme', 'sinto tranquila', 'imagens', 'tranquilidade']","['Um bocadinho mais calma.', 'um bocadinho mais calma.', 'Sim, sinto-me mais tranquila.']",tranquila - calma - relaxada - sinto - bocadinho - bocadinho calma - filme - sinto tranquila - imagens - tranquilidade,1.0,False,Calm and relaxation
225,109,49,Q2,Sente alguma diferença em relação a como se sentia antes?,3,2,VR Only,"u não sei porquê, mas eu estou tão tranquila hoje que não é normal, acho eu. Não, estou tranquila. É assim, eu acho que é muito bom para quem vem com medo, ansiosa, acho que é bom porque ouvir a água, os passarinhos, mas... Eu acho que preferia estar com os olhos fechados e ouvir aquilo tudo. Acho que para mim o som faz mais efeito que a imagem.","É assim, eu acho que é muito bom para quem vem com medo, ansiosa, acho que é bom porque ouvir a água, os passarinhos, mas...",vem medo ansiosa ouvir água passarinhos,6,True,True,,"É assim, eu acho que é muito bom para quem vem com medo, ansiosa, acho que é bom porque ouvir a água, os passarinhos, mas...",5,5_água_natureza_ar_mar,"['água', 'natureza', 'ar', 'mar', 'barulho', 'gostei', 'barulho água', 'verde', 'falta', 'certa']","['Essa parte, por exemplo, das flores e das árvores, não gostei, porque senti uma certa falta de ar.', 'igual apesar de que tenho uma experiência nova era de toda a improvável que fosse neste sítio é divertido por isso e acho que pode ajudar algumas pessoas que sem os meus medos de precipícios e de cobras conseguirem entrar nesse mundo e distrair-se um bocadinho é mais complicado encontrar uma cobra em um precipício são duas coisas que se calhar os meus valores já aumentaram mas de resto gostei', 'fazer exercícios que eu já costumo fazer que é respiração profunda respirar, reter e depois deitar fora o ar pensando sempre que estou num riacho que estou a nadar numa água muito quente e que estou numa experiência eu associo sempre as experiências aquáticas a coisas boas mas o verbo também é importante então eu situo-me num riacho com águas moras em que estou tranquilamente a nadar.']",água - natureza - ar - mar - barulho - gostei - barulho água - verde - falta - certa,1.0,False,Nature imagery and sensory responses
226,109,49,Q2,Sente alguma diferença em relação a como se sentia antes?,4,2,VR Only,"u não sei porquê, mas eu estou tão tranquila hoje que não é normal, acho eu. Não, estou tranquila. É assim, eu acho que é muito bom para quem vem com medo, ansiosa, acho que é bom porque ouvir a água, os passarinhos, mas... Eu acho que preferia estar com os olhos fechados e ouvir aquilo tudo. Acho que para mim o som faz mais efeito que a imagem.",Eu acho que preferia estar com os olhos fechados e ouvir aquilo tudo.,preferia olhos fechados ouvir,4,True,True,,Eu acho que preferia estar com os olhos fechados e ouvir aquilo tudo.,0,0_tranquila_calma_relaxada_sinto,"['tranquila', 'calma', 'relaxada', 'sinto', 'bocadinho', 'bocadinho calma', 'filme', 'sinto tranquila', 'imagens', 'tranquilidade']","['Um bocadinho mais calma.', 'um bocadinho mais calma.', 'Sim, sinto-me mais tranquila.']",tranquila - calma - relaxada - sinto - bocadinho - bocadinho calma - filme - sinto tranquila - imagens - tranquilidade,1.0,False,Calm and relaxation
227,109,49,Q2,Sente alguma diferença em relação a como se sentia antes?,5,2,VR Only,"u não sei porquê, mas eu estou tão tranquila hoje que não é normal, acho eu. Não, estou tranquila. É assim, eu acho que é muito bom para quem vem com medo, ansiosa, acho que é bom porque ouvir a água, os passarinhos, mas... Eu acho que preferia estar com os olhos fechados e ouvir aquilo tudo. Acho que para mim o som faz mais efeito que a imagem.",Acho que para mim o som faz mais efeito que a imagem.,mim som faz efeito imagem,5,True,True,,Acho que para mim o som faz mais efeito que a imagem.,0,0_tranquila_calma_relaxada_sinto,"['tranquila', 'calma', 'relaxada', 'sinto', 'bocadinho', 'bocadinho calma', 'filme', 'sinto tranquila', 'imagens', 'tranquilidade']","['Um bocadinho mais calma.', 'um bocadinho mais calma.', 'Sim, sinto-me mais tranquila.']",tranquila - calma - relaxada - sinto - bocadinho - bocadinho calma - filme - sinto tranquila - imagens - tranquilidade,1.0,False,Calm and relaxation
228,110,50,Q2,Sente alguma diferença em relação a como se sentia antes?,1,1,VR Art,"Eu sou muito ansiosa e, portanto, continuo com a minha realidade, não é? Mas naquele bocadinho eu gostei de ver o filme, achei interessante. Eu achei que psicologicamente pode ajudar. Mas o filme é interessante. Está bem feito, a música está muito bem escolhida e leva-nos, de facto, a várias sensações. Essa parte, por exemplo, das flores e das árvores, não gostei, porque senti uma certa falta de ar. Depois a coisa acalma e voltamos, outra vez, ao melhor. A mais espaço e mais visão e mais mar.","Eu sou muito ansiosa e, portanto, continuo com a minha realidade, não é?",sou ansiosa continuo realidade,4,True,True,,"Eu sou muito ansiosa e, portanto, continuo com a minha realidade, não é?",9,9_ansiedade_ansiosa_bocadinho_nervosismo,"['ansiedade', 'ansiosa', 'bocadinho', 'nervosismo', 'bocadinho agitada', 'agitada', 'aumenta', 'ansiosa bocadinho', 'ansiedade nervosismo', 'durante']","['Não, quer dizer, como digo, à medida que se aproxima e ir para o bloco, a ansiedade aumenta e o receio de que algo possa correr mal também.', 'Durante estes 12 minutos estive a fazer aqui uma técnica própria que desenvolvi para não escalar a ansiedade durante o período que tenho de esperar até a entrada na sala de cirurgia.', 'sim, acho que sinto sinto um pouco mais de ansiedade acho eu, nada assim de extraordinário mas pronto, ficar aqui sozinha sem ninguém para falar ou para abstrair daqui acho que aumenta um bocadinho a ansiedade']",ansiedade - ansiosa - bocadinho - nervosismo - bocadinho agitada - agitada - aumenta - ansiosa bocadinho - ansiedade nervosismo - durante,1.0,False,Anxiety and nervousness
229,110,50,Q2,Sente alguma diferença em relação a como se sentia antes?,2,1,VR Art,"Eu sou muito ansiosa e, portanto, continuo com a minha realidade, não é? Mas naquele bocadinho eu gostei de ver o filme, achei interessante. Eu achei que psicologicamente pode ajudar. Mas o filme é interessante. Está bem feito, a música está muito bem escolhida e leva-nos, de facto, a várias sensações. Essa parte, por exemplo, das flores e das árvores, não gostei, porque senti uma certa falta de ar. Depois a coisa acalma e voltamos, outra vez, ao melhor. A mais espaço e mais visão e mais mar.","Mas naquele bocadinho eu gostei de ver o filme, achei interessante.",naquele bocadinho gostei ver filme achei interessante,7,True,True,,"Mas naquele bocadinho eu gostei de ver o filme, achei interessante.",0,0_tranquila_calma_relaxada_sinto,"['tranquila', 'calma', 'relaxada', 'sinto', 'bocadinho', 'bocadinho calma', 'filme', 'sinto tranquila', 'imagens', 'tranquilidade']","['Um bocadinho mais calma.', 'um bocadinho mais calma.', 'Sim, sinto-me mais tranquila.']",tranquila - calma - relaxada - sinto - bocadinho - bocadinho calma - filme - sinto tranquila - imagens - tranquilidade,1.0,False,Calm and relaxation
230,110,50,Q2,Sente alguma diferença em relação a como se sentia antes?,3,1,VR Art,"Eu sou muito ansiosa e, portanto, continuo com a minha realidade, não é? Mas naquele bocadinho eu gostei de ver o filme, achei interessante. Eu achei que psicologicamente pode ajudar. Mas o filme é interessante. Está bem feito, a música está muito bem escolhida e leva-nos, de facto, a várias sensações. Essa parte, por exemplo, das flores e das árvores, não gostei, porque senti uma certa falta de ar. Depois a coisa acalma e voltamos, outra vez, ao melhor. A mais espaço e mais visão e mais mar.",Eu achei que psicologicamente pode ajudar.,achei psicologicamente pode ajudar,4,True,True,,Eu achei que psicologicamente pode ajudar.,2,2_mim_diferente_diferença_bocadinho,"['mim', 'diferente', 'diferença', 'bocadinho', 'tipo', 'vídeo', 'pôs', 'emoção', 'logo', 'bocadinho diferença']","['pôs logo e vê-se perfeitamente que entrou na veia logo.', 'Eu acho que a diferença, eu já estava calma, acho que a diferença foi explotar um bocadinho mais de sentimentos mais de alegria, mais bem disposta, digamos.', 'É claro que se sente um bocadinho, mas não é assim uma diferença, no meu caso, significativa.']",mim - diferente - diferença - bocadinho - tipo - vídeo - pôs - emoção - logo - bocadinho diferença,0.117629446903963,False,Subjective emotional and experiential effects
231,110,50,Q2,Sente alguma diferença em relação a como se sentia antes?,4,1,VR Art,"Eu sou muito ansiosa e, portanto, continuo com a minha realidade, não é? Mas naquele bocadinho eu gostei de ver o filme, achei interessante. Eu achei que psicologicamente pode ajudar. Mas o filme é interessante. Está bem feito, a música está muito bem escolhida e leva-nos, de facto, a várias sensações. Essa parte, por exemplo, das flores e das árvores, não gostei, porque senti uma certa falta de ar. Depois a coisa acalma e voltamos, outra vez, ao melhor. A mais espaço e mais visão e mais mar.",Mas o filme é interessante.,filme interessante,2,True,True,,Mas o filme é interessante.,0,0_tranquila_calma_relaxada_sinto,"['tranquila', 'calma', 'relaxada', 'sinto', 'bocadinho', 'bocadinho calma', 'filme', 'sinto tranquila', 'imagens', 'tranquilidade']","['Um bocadinho mais calma.', 'um bocadinho mais calma.', 'Sim, sinto-me mais tranquila.']",tranquila - calma - relaxada - sinto - bocadinho - bocadinho calma - filme - sinto tranquila - imagens - tranquilidade,1.0,False,Calm and relaxation
232,110,50,Q2,Sente alguma diferença em relação a como se sentia antes?,5,1,VR Art,"Eu sou muito ansiosa e, portanto, continuo com a minha realidade, não é? Mas naquele bocadinho eu gostei de ver o filme, achei interessante. Eu achei que psicologicamente pode ajudar. Mas o filme é interessante. Está bem feito, a música está muito bem escolhida e leva-nos, de facto, a várias sensações. Essa parte, por exemplo, das flores e das árvores, não gostei, porque senti uma certa falta de ar. Depois a coisa acalma e voltamos, outra vez, ao melhor. A mais espaço e mais visão e mais mar.","Está bem feito, a música está muito bem escolhida e leva-nos, de facto, a várias sensações.",feito música escolhida leva facto várias sensações,7,True,True,,"Está bem feito, a música está muito bem escolhida e leva-nos, de facto, a várias sensações.",0,0_tranquila_calma_relaxada_sinto,"['tranquila', 'calma', 'relaxada', 'sinto', 'bocadinho', 'bocadinho calma', 'filme', 'sinto tranquila', 'imagens', 'tranquilidade']","['Um bocadinho mais calma.', 'um bocadinho mais calma.', 'Sim, sinto-me mais tranquila.']",tranquila - calma - relaxada - sinto - bocadinho - bocadinho calma - filme - sinto tranquila - imagens - tranquilidade,1.0,False,Calm and relaxation
233,110,50,Q2,Sente alguma diferença em relação a como se sentia antes?,6,1,VR Art,"Eu sou muito ansiosa e, portanto, continuo com a minha realidade, não é? Mas naquele bocadinho eu gostei de ver o filme, achei interessante. Eu achei que psicologicamente pode ajudar. Mas o filme é interessante. Está bem feito, a música está muito bem escolhida e leva-nos, de facto, a várias sensações. Essa parte, por exemplo, das flores e das árvores, não gostei, porque senti uma certa falta de ar. Depois a coisa acalma e voltamos, outra vez, ao melhor. A mais espaço e mais visão e mais mar.","Essa parte, por exemplo, das flores e das árvores, não gostei, porque senti uma certa falta de ar.",parte exemplo flores árvores gostei senti certa falta ar,9,True,True,,"Essa parte, por exemplo, das flores e das árvores, não gostei, porque senti uma certa falta de ar.",5,5_água_natureza_ar_mar,"['água', 'natureza', 'ar', 'mar', 'barulho', 'gostei', 'barulho água', 'verde', 'falta', 'certa']","['Essa parte, por exemplo, das flores e das árvores, não gostei, porque senti uma certa falta de ar.', 'igual apesar de que tenho uma experiência nova era de toda a improvável que fosse neste sítio é divertido por isso e acho que pode ajudar algumas pessoas que sem os meus medos de precipícios e de cobras conseguirem entrar nesse mundo e distrair-se um bocadinho é mais complicado encontrar uma cobra em um precipício são duas coisas que se calhar os meus valores já aumentaram mas de resto gostei', 'fazer exercícios que eu já costumo fazer que é respiração profunda respirar, reter e depois deitar fora o ar pensando sempre que estou num riacho que estou a nadar numa água muito quente e que estou numa experiência eu associo sempre as experiências aquáticas a coisas boas mas o verbo também é importante então eu situo-me num riacho com águas moras em que estou tranquilamente a nadar.']",água - natureza - ar - mar - barulho - gostei - barulho água - verde - falta - certa,1.0,True,Nature imagery and sensory responses
234,110,50,Q2,Sente alguma diferença em relação a como se sentia antes?,7,1,VR Art,"Eu sou muito ansiosa e, portanto, continuo com a minha realidade, não é? Mas naquele bocadinho eu gostei de ver o filme, achei interessante. Eu achei que psicologicamente pode ajudar. Mas o filme é interessante. Está bem feito, a música está muito bem escolhida e leva-nos, de facto, a várias sensações. Essa parte, por exemplo, das flores e das árvores, não gostei, porque senti uma certa falta de ar. Depois a coisa acalma e voltamos, outra vez, ao melhor. A mais espaço e mais visão e mais mar.","Depois a coisa acalma e voltamos, outra vez, ao melhor.",acalma voltamos outra vez melhor,5,True,True,,"Depois a coisa acalma e voltamos, outra vez, ao melhor.",6,6_tempo_espera_tempo espera_agora,"['tempo', 'espera', 'tempo espera', 'agora', 'minutos', 'vez', 'eventualmente', 'voltei', 'rápido', 'realidade']","['E depois passei o tempo todo à espera.', 'eventualmente sim este tempo de espera seria muito mais para mim sofreria mais porque estaria mais entregue a mim própria eventualmente e E a pensar não nos problemas e não em outras coisas, que foi o que aconteceu aqui.', 'O tempo de espera.']",tempo - espera - tempo espera - agora - minutos - vez - eventualmente - voltei - rápido - realidade,0.1269855702977159,False,Waiting experience
235,110,50,Q2,Sente alguma diferença em relação a como se sentia antes?,8,1,VR Art,"Eu sou muito ansiosa e, portanto, continuo com a minha realidade, não é? Mas naquele bocadinho eu gostei de ver o filme, achei interessante. Eu achei que psicologicamente pode ajudar. Mas o filme é interessante. Está bem feito, a música está muito bem escolhida e leva-nos, de facto, a várias sensações. Essa parte, por exemplo, das flores e das árvores, não gostei, porque senti uma certa falta de ar. Depois a coisa acalma e voltamos, outra vez, ao melhor. A mais espaço e mais visão e mais mar.",A mais espaço e mais visão e mais mar.,espaço visão mar,3,True,True,,A mais espaço e mais visão e mais mar.,5,5_água_natureza_ar_mar,"['água', 'natureza', 'ar', 'mar', 'barulho', 'gostei', 'barulho água', 'verde', 'falta', 'certa']","['Essa parte, por exemplo, das flores e das árvores, não gostei, porque senti uma certa falta de ar.', 'igual apesar de que tenho uma experiência nova era de toda a improvável que fosse neste sítio é divertido por isso e acho que pode ajudar algumas pessoas que sem os meus medos de precipícios e de cobras conseguirem entrar nesse mundo e distrair-se um bocadinho é mais complicado encontrar uma cobra em um precipício são duas coisas que se calhar os meus valores já aumentaram mas de resto gostei', 'fazer exercícios que eu já costumo fazer que é respiração profunda respirar, reter e depois deitar fora o ar pensando sempre que estou num riacho que estou a nadar numa água muito quente e que estou numa experiência eu associo sempre as experiências aquáticas a coisas boas mas o verbo também é importante então eu situo-me num riacho com águas moras em que estou tranquilamente a nadar.']",água - natureza - ar - mar - barulho - gostei - barulho água - verde - falta - certa,0.3252717115351037,False,Nature imagery and sensory responses
236,111,51,Q2,Sente alguma diferença em relação a como se sentia antes?,1,3,Control,"um bocadinho mais calma. ansiosa por esto passar, para ver se acaba rápido.",um bocadinho mais calma.,bocadinho calma,2,True,True,,um bocadinho mais calma.,0,0_tranquila_calma_relaxada_sinto,"['tranquila', 'calma', 'relaxada', 'sinto', 'bocadinho', 'bocadinho calma', 'filme', 'sinto tranquila', 'imagens', 'tranquilidade']","['Um bocadinho mais calma.', 'um bocadinho mais calma.', 'Sim, sinto-me mais tranquila.']",tranquila - calma - relaxada - sinto - bocadinho - bocadinho calma - filme - sinto tranquila - imagens - tranquilidade,1.0,True,Calm and relaxation
237,111,51,Q2,Sente alguma diferença em relação a como se sentia antes?,2,3,Control,"um bocadinho mais calma. ansiosa por esto passar, para ver se acaba rápido.","ansiosa por esto passar, para ver se acaba rápido.",ansiosa esto passar ver acaba rápido,6,True,True,,"ansiosa por esto passar, para ver se acaba rápido.",6,6_tempo_espera_tempo espera_agora,"['tempo', 'espera', 'tempo espera', 'agora', 'minutos', 'vez', 'eventualmente', 'voltei', 'rápido', 'realidade']","['E depois passei o tempo todo à espera.', 'eventualmente sim este tempo de espera seria muito mais para mim sofreria mais porque estaria mais entregue a mim própria eventualmente e E a pensar não nos problemas e não em outras coisas, que foi o que aconteceu aqui.', 'O tempo de espera.']",tempo - espera - tempo espera - agora - minutos - vez - eventualmente - voltei - rápido - realidade,1.0,False,Waiting experience
238,112,52,Q2,Sente alguma diferença em relação a como se sentia antes?,1,2,VR Only,"Se eu não tivesse estado com os óculos, é mais fácil assim. Se eu agora não estar com os óculos, e esse cara está focado noutras questões, ou noutros assuntos, ou até mesmo na cirurgia, que é uma coisa que eu acho que a gente agora tem que tentar um bocadinho esquecer. Não é que não seja importante, mas lá está. Para não provocar a ansiedade e o nervosismo, acho que a gente tem que tentar... passar um bocadinho ao lado e tentar pensar em outras coisas que não a cirurgia.","Se eu não tivesse estado com os óculos, é mais fácil assim.",tivesse estado óculos fácil,4,True,True,,"Se eu não tivesse estado com os óculos, é mais fácil assim.",3,3_cirurgia_vai_fazer_pode depressa,"['cirurgia', 'vai', 'fazer', 'pode depressa', 'óculos', 'exame', 'doutor', 'sou', 'depressa', 'sei']","['A minha técnica consta em fazer uma revisão do que tenho para fazer depois da cirurgia e organizar os meus pensamentos, organizar os meus planos, de maneira a que não foque no que realmente me preocupa no imediato que vai acontecer.', 'É mesmo só essa ansiosa, ansiosa, pode mais depressa melhor, pode mais depressa isto, pode mais depressa sai, mas é mesmo, a preocupação é mesmo o cuidado e o pós, o que é que vai vir a seguir, vai correr tudo bem, é certo, mas não deixa de ser uma cirurgia, não deixa de ser...', 'durante o vídeo eu abstraí-me completamente do sítio onde estava estava completamente envolvida no vídeo após tirar os óculos senti-me um bocadinho mais calma mas como entretanto entrou o doutor Pedro o meu pensamento voltou outra vez para a cirurgia mas acho que o facto desse vídeo ser neste momento eu acho que sim que faz muito sentido principalmente para quem está com descansamentos']",cirurgia - vai - fazer - pode depressa - óculos - exame - doutor - sou - depressa - sei,0.1225485894309554,False,Surgical concerns and coping
239,112,52,Q2,Sente alguma diferença em relação a como se sentia antes?,2,2,VR Only,"Se eu não tivesse estado com os óculos, é mais fácil assim. Se eu agora não estar com os óculos, e esse cara está focado noutras questões, ou noutros assuntos, ou até mesmo na cirurgia, que é uma coisa que eu acho que a gente agora tem que tentar um bocadinho esquecer. Não é que não seja importante, mas lá está. Para não provocar a ansiedade e o nervosismo, acho que a gente tem que tentar... passar um bocadinho ao lado e tentar pensar em outras coisas que não a cirurgia.","Se eu agora não estar com os óculos, e esse cara está focado noutras questões, ou noutros assuntos, ou até mesmo na cirurgia, que é uma coisa que eu acho que a gente agora tem que tentar um bocadinho esquecer.",agora óculos cara focado noutras questões noutros assuntos cirurgia gente agora tentar bocadinho esquecer,14,True,True,,"Se eu agora não estar com os óculos, e esse cara está focado noutras questões, ou noutros assuntos, ou até mesmo na cirurgia, que é uma coisa que eu acho que a gente agora tem que tentar um bocadinho esquecer.",3,3_cirurgia_vai_fazer_pode depressa,"['cirurgia', 'vai', 'fazer', 'pode depressa', 'óculos', 'exame', 'doutor', 'sou', 'depressa', 'sei']","['A minha técnica consta em fazer uma revisão do que tenho para fazer depois da cirurgia e organizar os meus pensamentos, organizar os meus planos, de maneira a que não foque no que realmente me preocupa no imediato que vai acontecer.', 'É mesmo só essa ansiosa, ansiosa, pode mais depressa melhor, pode mais depressa isto, pode mais depressa sai, mas é mesmo, a preocupação é mesmo o cuidado e o pós, o que é que vai vir a seguir, vai correr tudo bem, é certo, mas não deixa de ser uma cirurgia, não deixa de ser...', 'durante o vídeo eu abstraí-me completamente do sítio onde estava estava completamente envolvida no vídeo após tirar os óculos senti-me um bocadinho mais calma mas como entretanto entrou o doutor Pedro o meu pensamento voltou outra vez para a cirurgia mas acho que o facto desse vídeo ser neste momento eu acho que sim que faz muito sentido principalmente para quem está com descansamentos']",cirurgia - vai - fazer - pode depressa - óculos - exame - doutor - sou - depressa - sei,0.3592596029811882,False,Surgical concerns and coping
240,112,52,Q2,Sente alguma diferença em relação a como se sentia antes?,3,2,VR Only,"Se eu não tivesse estado com os óculos, é mais fácil assim. Se eu agora não estar com os óculos, e esse cara está focado noutras questões, ou noutros assuntos, ou até mesmo na cirurgia, que é uma coisa que eu acho que a gente agora tem que tentar um bocadinho esquecer. Não é que não seja importante, mas lá está. Para não provocar a ansiedade e o nervosismo, acho que a gente tem que tentar... passar um bocadinho ao lado e tentar pensar em outras coisas que não a cirurgia.","Não é que não seja importante, mas lá está.",seja importante lá,3,True,True,,"Não é que não seja importante, mas lá está.",8,8_cinco_estrelas_cinco estrelas_mesma,"['cinco', 'estrelas', 'cinco estrelas', 'mesma', 'seja', 'mudou', 'seja falar', 'significativo pensamento', 'sempr', 'similar']","['O acolhimento é cinco estrelas.', 'Não, cinco estrelas.', 'Não, acho que aqui são cinco estrelas.']",cinco - estrelas - cinco estrelas - mesma - seja - mudou - seja falar - significativo pensamento - sempr - similar,1.0,False,No perceived change and brief appraisals
241,112,52,Q2,Sente alguma diferença em relação a como se sentia antes?,4,2,VR Only,"Se eu não tivesse estado com os óculos, é mais fácil assim. Se eu agora não estar com os óculos, e esse cara está focado noutras questões, ou noutros assuntos, ou até mesmo na cirurgia, que é uma coisa que eu acho que a gente agora tem que tentar um bocadinho esquecer. Não é que não seja importante, mas lá está. Para não provocar a ansiedade e o nervosismo, acho que a gente tem que tentar... passar um bocadinho ao lado e tentar pensar em outras coisas que não a cirurgia.","Para não provocar a ansiedade e o nervosismo, acho que a gente tem que tentar...",provocar ansiedade nervosismo gente tentar,5,True,True,,"Para não provocar a ansiedade e o nervosismo, acho que a gente tem que tentar...",9,9_ansiedade_ansiosa_bocadinho_nervosismo,"['ansiedade', 'ansiosa', 'bocadinho', 'nervosismo', 'bocadinho agitada', 'agitada', 'aumenta', 'ansiosa bocadinho', 'ansiedade nervosismo', 'durante']","['Não, quer dizer, como digo, à medida que se aproxima e ir para o bloco, a ansiedade aumenta e o receio de que algo possa correr mal também.', 'Durante estes 12 minutos estive a fazer aqui uma técnica própria que desenvolvi para não escalar a ansiedade durante o período que tenho de esperar até a entrada na sala de cirurgia.', 'sim, acho que sinto sinto um pouco mais de ansiedade acho eu, nada assim de extraordinário mas pronto, ficar aqui sozinha sem ninguém para falar ou para abstrair daqui acho que aumenta um bocadinho a ansiedade']",ansiedade - ansiosa - bocadinho - nervosismo - bocadinho agitada - agitada - aumenta - ansiosa bocadinho - ansiedade nervosismo - durante,0.5145113392440517,False,Anxiety and nervousness
242,112,52,Q2,Sente alguma diferença em relação a como se sentia antes?,5,2,VR Only,"Se eu não tivesse estado com os óculos, é mais fácil assim. Se eu agora não estar com os óculos, e esse cara está focado noutras questões, ou noutros assuntos, ou até mesmo na cirurgia, que é uma coisa que eu acho que a gente agora tem que tentar um bocadinho esquecer. Não é que não seja importante, mas lá está. Para não provocar a ansiedade e o nervosismo, acho que a gente tem que tentar... passar um bocadinho ao lado e tentar pensar em outras coisas que não a cirurgia.",passar um bocadinho ao lado e tentar pensar em outras coisas que não a cirurgia.,passar bocadinho lado tentar pensar outras cirurgia,7,True,True,,passar um bocadinho ao lado e tentar pensar em outras coisas que não a cirurgia.,3,3_cirurgia_vai_fazer_pode depressa,"['cirurgia', 'vai', 'fazer', 'pode depressa', 'óculos', 'exame', 'doutor', 'sou', 'depressa', 'sei']","['A minha técnica consta em fazer uma revisão do que tenho para fazer depois da cirurgia e organizar os meus pensamentos, organizar os meus planos, de maneira a que não foque no que realmente me preocupa no imediato que vai acontecer.', 'É mesmo só essa ansiosa, ansiosa, pode mais depressa melhor, pode mais depressa isto, pode mais depressa sai, mas é mesmo, a preocupação é mesmo o cuidado e o pós, o que é que vai vir a seguir, vai correr tudo bem, é certo, mas não deixa de ser uma cirurgia, não deixa de ser...', 'durante o vídeo eu abstraí-me completamente do sítio onde estava estava completamente envolvida no vídeo após tirar os óculos senti-me um bocadinho mais calma mas como entretanto entrou o doutor Pedro o meu pensamento voltou outra vez para a cirurgia mas acho que o facto desse vídeo ser neste momento eu acho que sim que faz muito sentido principalmente para quem está com descansamentos']",cirurgia - vai - fazer - pode depressa - óculos - exame - doutor - sou - depressa - sei,0.4046259475703461,False,Surgical concerns and coping
243,116,56,Q2,Sente alguma diferença em relação a como se sentia antes?,1,1,VR Art,"Acho que tranquiliza um pouco mais, sim, ajuda bastante, porque lá está, o que eu disse há pouco, desfoca-nos um bocadinho da preocupação e a música, as imagens, acaba por trazer, transmitir a paz, tranquilidade, sim.","Acho que tranquiliza um pouco mais, sim, ajuda bastante, porque lá está, o que eu disse há pouco, desfoca-nos um bocadinho da preocupação e a música, as imagens, acaba por trazer, transmitir a paz, tranquilidade, sim.",tranquiliza pouco ajuda bastante lá disse pouco desfoca bocadinho preocupação música imagens acaba trazer transmitir paz tranquilidade,17,True,True,,"Acho que tranquiliza um pouco mais, sim, ajuda bastante, porque lá está, o que eu disse há pouco, desfoca-nos um bocadinho da preocupação e a música, as imagens, acaba por trazer, transmitir a paz, tranquilidade, sim.",0,0_tranquila_calma_relaxada_sinto,"['tranquila', 'calma', 'relaxada', 'sinto', 'bocadinho', 'bocadinho calma', 'filme', 'sinto tranquila', 'imagens', 'tranquilidade']","['Um bocadinho mais calma.', 'um bocadinho mais calma.', 'Sim, sinto-me mais tranquila.']",tranquila - calma - relaxada - sinto - bocadinho - bocadinho calma - filme - sinto tranquila - imagens - tranquilidade,0.3347786868876138,False,Calm and relaxation
244,117,57,Q2,Sente alguma diferença em relação a como se sentia antes?,1,2,VR Only,Um bocadinho mais calma.,Um bocadinho mais calma.,bocadinho calma,2,True,True,,Um bocadinho mais calma.,0,0_tranquila_calma_relaxada_sinto,"['tranquila', 'calma', 'relaxada', 'sinto', 'bocadinho', 'bocadinho calma', 'filme', 'sinto tranquila', 'imagens', 'tranquilidade']","['Um bocadinho mais calma.', 'um bocadinho mais calma.', 'Sim, sinto-me mais tranquila.']",tranquila - calma - relaxada - sinto - bocadinho - bocadinho calma - filme - sinto tranquila - imagens - tranquilidade,1.0,True,Calm and relaxation
245,120,60,Q2,Sente alguma diferença em relação a como se sentia antes?,1,3,Control,Agora estou melhor do que quando entrei. Sentir que estava quentinha. Estava a imaginar que estava numa nuvem de conforto. Fantasias.,Agora estou melhor do que quando entrei.,agora melhor entrei,3,True,True,,Agora estou melhor do que quando entrei.,6,6_tempo_espera_tempo espera_agora,"['tempo', 'espera', 'tempo espera', 'agora', 'minutos', 'vez', 'eventualmente', 'voltei', 'rápido', 'realidade']","['E depois passei o tempo todo à espera.', 'eventualmente sim este tempo de espera seria muito mais para mim sofreria mais porque estaria mais entregue a mim própria eventualmente e E a pensar não nos problemas e não em outras coisas, que foi o que aconteceu aqui.', 'O tempo de espera.']",tempo - espera - tempo espera - agora - minutos - vez - eventualmente - voltei - rápido - realidade,0.121464075934266,False,Waiting experience
246,120,60,Q2,Sente alguma diferença em relação a como se sentia antes?,2,3,Control,Agora estou melhor do que quando entrei. Sentir que estava quentinha. Estava a imaginar que estava numa nuvem de conforto. Fantasias.,Sentir que estava quentinha.,sentir quentinha,2,True,True,,Sentir que estava quentinha.,10,10_sinto_sinto sinto_estável sinto_desde cheguei,"['sinto', 'sinto sinto', 'estável sinto', 'desde cheguei', 'sentindo sinto', 'quentinha cuidada', 'quentinha', 'fiquei sinto', 'sinto disposta', 'estável']","['Sinto bem.', 'Sinto-me bem.', 'Sinto-me bem, sinto-me estável.']",sinto - sinto sinto - estável sinto - desde cheguei - sentindo sinto - quentinha cuidada - quentinha - fiquei sinto - sinto disposta - estável,1.0,False,Feeling well and stable
247,120,60,Q2,Sente alguma diferença em relação a como se sentia antes?,3,3,Control,Agora estou melhor do que quando entrei. Sentir que estava quentinha. Estava a imaginar que estava numa nuvem de conforto. Fantasias.,Estava a imaginar que estava numa nuvem de conforto.,imaginar nuvem conforto,3,True,True,,Estava a imaginar que estava numa nuvem de conforto.,0,0_tranquila_calma_relaxada_sinto,"['tranquila', 'calma', 'relaxada', 'sinto', 'bocadinho', 'bocadinho calma', 'filme', 'sinto tranquila', 'imagens', 'tranquilidade']","['Um bocadinho mais calma.', 'um bocadinho mais calma.', 'Sim, sinto-me mais tranquila.']",tranquila - calma - relaxada - sinto - bocadinho - bocadinho calma - filme - sinto tranquila - imagens - tranquilidade,0.2016632520022939,False,Calm and relaxation
248,120,60,Q2,Sente alguma diferença em relação a como se sentia antes?,4,3,Control,Agora estou melhor do que quando entrei. Sentir que estava quentinha. Estava a imaginar que estava numa nuvem de conforto. Fantasias.,Fantasias.,fantasias,1,True,True,,Fantasias.,0,0_tranquila_calma_relaxada_sinto,"['tranquila', 'calma', 'relaxada', 'sinto', 'bocadinho', 'bocadinho calma', 'filme', 'sinto tranquila', 'imagens', 'tranquilidade']","['Um bocadinho mais calma.', 'um bocadinho mais calma.', 'Sim, sinto-me mais tranquila.']",tranquila - calma - relaxada - sinto - bocadinho - bocadinho calma - filme - sinto tranquila - imagens - tranquilidade,0.5445919412631586,False,Calm and relaxation
249,121,1,Q3,Que aspetos do cuidado prestado foram mais importantes para si?,1,3,Control,Não tenho razão de queixa. foi tudo bom.,Não tenho razão de queixa.,razão queixa,2,True,True,,Não tenho razão de queixa.,7,7_manter_correu_positiva_manter positiva,"['manter', 'correu', 'positiva', 'manter positiva', 'dentro', 'positivo', 'normal', 'normal dentro', 'positivo razão', 'positiva neste']","['Bem, dentro do normal, bem, dentro das circunstâncias', 'Eu acho que é importante a pessoa manter-se positiva.', 'O esforço é manter-se sempre positiva e neste nível de positividade.']",manter - correu - positiva - manter positiva - dentro - positivo - normal - normal dentro - positivo razão - positiva neste,1.0,False,Positive appraisal and optimism
251,122,2,Q3,Que aspetos do cuidado prestado foram mais importantes para si?,1,2,VR Only,"Com muita atenção, muita disponibilidade, com algum carinho ou muito carinho, muita preocupação. Não, acho que aqui são cinco estrelas.","Com muita atenção, muita disponibilidade, com algum carinho ou muito carinho, muita preocupação.",atenção disponibilidade carinho carinho preocupação,5,True,True,,"Com muita atenção, muita disponibilidade, com algum carinho ou muito carinho, muita preocupação.",1,1_pessoas_cuidado_doentes_todas,"['pessoas', 'cuidado', 'doentes', 'todas', 'simpático', 'tratada', 'preocupação', 'às', 'mundo simpático', 'outra enfermeira']","['Portanto, esta forma atenciosa com que pedem autorização para colocar os procedimentos, ou avisar que vai ser desagradável, ou pedir desculpa, tudo isso é muito humanizante.', 'Às vezes parece que das experiências que eu tive, não só da minha parte, mas do acompanhamento que fiz a outros doentes, nomeadamente os meus pais, Às vezes nós não sabermos se as pessoas estão a ser, no mínimo, profissionais, deixam-nos muito mais incertos.', 'O cuidado no detalhe, a preocupação com que sempre nos tratam, o rigor no trato das pessoas é muito importante e faz-nos sentir muito bem.']",pessoas - cuidado - doentes - todas - simpático - tratada - preocupação - às - mundo simpático - outra enfermeira,1.0,False,Compassionate and professional care
252,122,2,Q3,Que aspetos do cuidado prestado foram mais importantes para si?,2,2,VR Only,"Com muita atenção, muita disponibilidade, com algum carinho ou muito carinho, muita preocupação. Não, acho que aqui são cinco estrelas.","Não, acho que aqui são cinco estrelas.",cinco estrelas,2,True,True,,"Não, acho que aqui são cinco estrelas.",8,8_cinco_estrelas_cinco estrelas_mesma,"['cinco', 'estrelas', 'cinco estrelas', 'mesma', 'seja', 'mudou', 'seja falar', 'significativo pensamento', 'sempr', 'similar']","['O acolhimento é cinco estrelas.', 'Não, cinco estrelas.', 'Não, acho que aqui são cinco estrelas.']",cinco - estrelas - cinco estrelas - mesma - seja - mudou - seja falar - significativo pensamento - sempr - similar,0.1347542657193506,True,No perceived change and brief appraisals
253,123,3,Q3,Que aspetos do cuidado prestado foram mais importantes para si?,1,1,VR Art,"Não, cinco estrelas. Não tenho nada a dizer, não. Acolhida, acolhida, acarinhada. 100%.","Não, cinco estrelas.",cinco estrelas,2,True,True,,"Não, cinco estrelas.",8,8_cinco_estrelas_cinco estrelas_mesma,"['cinco', 'estrelas', 'cinco estrelas', 'mesma', 'seja', 'mudou', 'seja falar', 'significativo pensamento', 'sempr', 'similar']","['O acolhimento é cinco estrelas.', 'Não, cinco estrelas.', 'Não, acho que aqui são cinco estrelas.']",cinco - estrelas - cinco estrelas - mesma - seja - mudou - seja falar - significativo pensamento - sempr - similar,0.1494388469800423,True,No perceived change and brief appraisals
255,123,3,Q3,Que aspetos do cuidado prestado foram mais importantes para si?,3,1,VR Art,"Não, cinco estrelas. Não tenho nada a dizer, não. Acolhida, acolhida, acarinhada. 100%.","Acolhida, acolhida, acarinhada.",acolhida acolhida acarinhada,3,True,True,,"Acolhida, acolhida, acarinhada.",11,11_acolhida_acolhimento_acolhida acolhida_sentir,"['acolhida', 'acolhimento', 'acolhida acolhida', 'sentir', 'acolhida gente', 'cá acolhida', 'chegar cá', 'única acolhida', 'chegar', 'acarinhada']","['Não, sempre fui bem acolhida aqui.', 'Fui bem acolhida.', 'O facto de depois chegar cá e ser acolhida e de estar já em tratamento pré-operatório, sinto muito, muito bem acolhida.']",acolhida - acolhimento - acolhida acolhida - sentir - acolhida gente - cá acolhida - chegar cá - única acolhida - chegar - acarinhada,1.0,False,Feeling welcomed
257,124,4,Q3,Que aspetos do cuidado prestado foram mais importantes para si?,1,3,Control,"A atenciosidade de todas as pessoas. As pessoas apresentarem-se pelo nome. Acho que dá um caráter mais pessoal, mais personalizado. Serem todos muito cuidadosos. Acho que foi assim o que eu mais valorizei. A componente humana das pessoas.",A atenciosidade de todas as pessoas.,atenciosidade todas pessoas,3,True,True,,A atenciosidade de todas as pessoas.,1,1_pessoas_cuidado_doentes_todas,"['pessoas', 'cuidado', 'doentes', 'todas', 'simpático', 'tratada', 'preocupação', 'às', 'mundo simpático', 'outra enfermeira']","['Portanto, esta forma atenciosa com que pedem autorização para colocar os procedimentos, ou avisar que vai ser desagradável, ou pedir desculpa, tudo isso é muito humanizante.', 'Às vezes parece que das experiências que eu tive, não só da minha parte, mas do acompanhamento que fiz a outros doentes, nomeadamente os meus pais, Às vezes nós não sabermos se as pessoas estão a ser, no mínimo, profissionais, deixam-nos muito mais incertos.', 'O cuidado no detalhe, a preocupação com que sempre nos tratam, o rigor no trato das pessoas é muito importante e faz-nos sentir muito bem.']",pessoas - cuidado - doentes - todas - simpático - tratada - preocupação - às - mundo simpático - outra enfermeira,0.2350091495269733,False,Compassionate and professional care
258,124,4,Q3,Que aspetos do cuidado prestado foram mais importantes para si?,2,3,Control,"A atenciosidade de todas as pessoas. As pessoas apresentarem-se pelo nome. Acho que dá um caráter mais pessoal, mais personalizado. Serem todos muito cuidadosos. Acho que foi assim o que eu mais valorizei. A componente humana das pessoas.",As pessoas apresentarem-se pelo nome.,pessoas apresentarem nome,3,True,True,,As pessoas apresentarem-se pelo nome.,1,1_pessoas_cuidado_doentes_todas,"['pessoas', 'cuidado', 'doentes', 'todas', 'simpático', 'tratada', 'preocupação', 'às', 'mundo simpático', 'outra enfermeira']","['Portanto, esta forma atenciosa com que pedem autorização para colocar os procedimentos, ou avisar que vai ser desagradável, ou pedir desculpa, tudo isso é muito humanizante.', 'Às vezes parece que das experiências que eu tive, não só da minha parte, mas do acompanhamento que fiz a outros doentes, nomeadamente os meus pais, Às vezes nós não sabermos se as pessoas estão a ser, no mínimo, profissionais, deixam-nos muito mais incertos.', 'O cuidado no detalhe, a preocupação com que sempre nos tratam, o rigor no trato das pessoas é muito importante e faz-nos sentir muito bem.']",pessoas - cuidado - doentes - todas - simpático - tratada - preocupação - às - mundo simpático - outra enfermeira,0.1968605094167344,False,Compassionate and professional care
259,124,4,Q3,Que aspetos do cuidado prestado foram mais importantes para si?,3,3,Control,"A atenciosidade de todas as pessoas. As pessoas apresentarem-se pelo nome. Acho que dá um caráter mais pessoal, mais personalizado. Serem todos muito cuidadosos. Acho que foi assim o que eu mais valorizei. A componente humana das pessoas.","Acho que dá um caráter mais pessoal, mais personalizado.",dá caráter pessoal personalizado,4,True,True,,"Acho que dá um caráter mais pessoal, mais personalizado.",2,2_mim_diferente_diferença_bocadinho,"['mim', 'diferente', 'diferença', 'bocadinho', 'tipo', 'vídeo', 'pôs', 'emoção', 'logo', 'bocadinho diferença']","['pôs logo e vê-se perfeitamente que entrou na veia logo.', 'Eu acho que a diferença, eu já estava calma, acho que a diferença foi explotar um bocadinho mais de sentimentos mais de alegria, mais bem disposta, digamos.', 'É claro que se sente um bocadinho, mas não é assim uma diferença, no meu caso, significativa.']",mim - diferente - diferença - bocadinho - tipo - vídeo - pôs - emoção - logo - bocadinho diferença,0.1804154587115142,False,Subjective emotional and experiential effects
260,124,4,Q3,Que aspetos do cuidado prestado foram mais importantes para si?,4,3,Control,"A atenciosidade de todas as pessoas. As pessoas apresentarem-se pelo nome. Acho que dá um caráter mais pessoal, mais personalizado. Serem todos muito cuidadosos. Acho que foi assim o que eu mais valorizei. A componente humana das pessoas.",Serem todos muito cuidadosos.,serem cuidadosos,2,True,True,,Serem todos muito cuidadosos.,1,1_pessoas_cuidado_doentes_todas,"['pessoas', 'cuidado', 'doentes', 'todas', 'simpático', 'tratada', 'preocupação', 'às', 'mundo simpático', 'outra enfermeira']","['Portanto, esta forma atenciosa com que pedem autorização para colocar os procedimentos, ou avisar que vai ser desagradável, ou pedir desculpa, tudo isso é muito humanizante.', 'Às vezes parece que das experiências que eu tive, não só da minha parte, mas do acompanhamento que fiz a outros doentes, nomeadamente os meus pais, Às vezes nós não sabermos se as pessoas estão a ser, no mínimo, profissionais, deixam-nos muito mais incertos.', 'O cuidado no detalhe, a preocupação com que sempre nos tratam, o rigor no trato das pessoas é muito importante e faz-nos sentir muito bem.']",pessoas - cuidado - doentes - todas - simpático - tratada - preocupação - às - mundo simpático - outra enfermeira,1.0,False,Compassionate and professional care
261,124,4,Q3,Que aspetos do cuidado prestado foram mais importantes para si?,5,3,Control,"A atenciosidade de todas as pessoas. As pessoas apresentarem-se pelo nome. Acho que dá um caráter mais pessoal, mais personalizado. Serem todos muito cuidadosos. Acho que foi assim o que eu mais valorizei. A componente humana das pessoas.",Acho que foi assim o que eu mais valorizei.,valorizei,1,True,True,,Acho que foi assim o que eu mais valorizei.,7,7_manter_correu_positiva_manter positiva,"['manter', 'correu', 'positiva', 'manter positiva', 'dentro', 'positivo', 'normal', 'normal dentro', 'positivo razão', 'positiva neste']","['Bem, dentro do normal, bem, dentro das circunstâncias', 'Eu acho que é importante a pessoa manter-se positiva.', 'O esforço é manter-se sempre positiva e neste nível de positividade.']",manter - correu - positiva - manter positiva - dentro - positivo - normal - normal dentro - positivo razão - positiva neste,0.2250977536415028,False,Positive appraisal and optimism
262,124,4,Q3,Que aspetos do cuidado prestado foram mais importantes para si?,6,3,Control,"A atenciosidade de todas as pessoas. As pessoas apresentarem-se pelo nome. Acho que dá um caráter mais pessoal, mais personalizado. Serem todos muito cuidadosos. Acho que foi assim o que eu mais valorizei. A componente humana das pessoas.",A componente humana das pessoas.,componente humana pessoas,3,True,True,,A componente humana das pessoas.,1,1_pessoas_cuidado_doentes_todas,"['pessoas', 'cuidado', 'doentes', 'todas', 'simpático', 'tratada', 'preocupação', 'às', 'mundo simpático', 'outra enfermeira']","['Portanto, esta forma atenciosa com que pedem autorização para colocar os procedimentos, ou avisar que vai ser desagradável, ou pedir desculpa, tudo isso é muito humanizante.', 'Às vezes parece que das experiências que eu tive, não só da minha parte, mas do acompanhamento que fiz a outros doentes, nomeadamente os meus pais, Às vezes nós não sabermos se as pessoas estão a ser, no mínimo, profissionais, deixam-nos muito mais incertos.', 'O cuidado no detalhe, a preocupação com que sempre nos tratam, o rigor no trato das pessoas é muito importante e faz-nos sentir muito bem.']",pessoas - cuidado - doentes - todas - simpático - tratada - preocupação - às - mundo simpático - outra enfermeira,0.3863693445099826,False,Compassionate and professional care
263,125,5,Q3,Que aspetos do cuidado prestado foram mais importantes para si?,1,2,VR Only,"Sim, todo o acolhimento é um acolhimento de excelência. O cuidado no detalhe, a preocupação com que sempre nos tratam, o rigor no trato das pessoas é muito importante e faz-nos sentir muito bem. Faz-nos sentir muito bem acolhidos.","Sim, todo o acolhimento é um acolhimento de excelência.",acolhimento acolhimento excelência,3,True,True,,"Sim, todo o acolhimento é um acolhimento de excelência.",11,11_acolhida_acolhimento_acolhida acolhida_sentir,"['acolhida', 'acolhimento', 'acolhida acolhida', 'sentir', 'acolhida gente', 'cá acolhida', 'chegar cá', 'única acolhida', 'chegar', 'acarinhada']","['Não, sempre fui bem acolhida aqui.', 'Fui bem acolhida.', 'O facto de depois chegar cá e ser acolhida e de estar já em tratamento pré-operatório, sinto muito, muito bem acolhida.']",acolhida - acolhimento - acolhida acolhida - sentir - acolhida gente - cá acolhida - chegar cá - única acolhida - chegar - acarinhada,1.0,False,Feeling welcomed
264,125,5,Q3,Que aspetos do cuidado prestado foram mais importantes para si?,2,2,VR Only,"Sim, todo o acolhimento é um acolhimento de excelência. O cuidado no detalhe, a preocupação com que sempre nos tratam, o rigor no trato das pessoas é muito importante e faz-nos sentir muito bem. Faz-nos sentir muito bem acolhidos.","O cuidado no detalhe, a preocupação com que sempre nos tratam, o rigor no trato das pessoas é muito importante e faz-nos sentir muito bem.",cuidado detalhe preocupação tratam rigor trato pessoas importante faz sentir,10,True,True,,"O cuidado no detalhe, a preocupação com que sempre nos tratam, o rigor no trato das pessoas é muito importante e faz-nos sentir muito bem.",1,1_pessoas_cuidado_doentes_todas,"['pessoas', 'cuidado', 'doentes', 'todas', 'simpático', 'tratada', 'preocupação', 'às', 'mundo simpático', 'outra enfermeira']","['Portanto, esta forma atenciosa com que pedem autorização para colocar os procedimentos, ou avisar que vai ser desagradável, ou pedir desculpa, tudo isso é muito humanizante.', 'Às vezes parece que das experiências que eu tive, não só da minha parte, mas do acompanhamento que fiz a outros doentes, nomeadamente os meus pais, Às vezes nós não sabermos se as pessoas estão a ser, no mínimo, profissionais, deixam-nos muito mais incertos.', 'O cuidado no detalhe, a preocupação com que sempre nos tratam, o rigor no trato das pessoas é muito importante e faz-nos sentir muito bem.']",pessoas - cuidado - doentes - todas - simpático - tratada - preocupação - às - mundo simpático - outra enfermeira,1.0,True,Compassionate and professional care
265,125,5,Q3,Que aspetos do cuidado prestado foram mais importantes para si?,3,2,VR Only,"Sim, todo o acolhimento é um acolhimento de excelência. O cuidado no detalhe, a preocupação com que sempre nos tratam, o rigor no trato das pessoas é muito importante e faz-nos sentir muito bem. Faz-nos sentir muito bem acolhidos.",Faz-nos sentir muito bem acolhidos.,faz sentir acolhidos,3,True,True,,Faz-nos sentir muito bem acolhidos.,11,11_acolhida_acolhimento_acolhida acolhida_sentir,"['acolhida', 'acolhimento', 'acolhida acolhida', 'sentir', 'acolhida gente', 'cá acolhida', 'chegar cá', 'única acolhida', 'chegar', 'acarinhada']","['Não, sempre fui bem acolhida aqui.', 'Fui bem acolhida.', 'O facto de depois chegar cá e ser acolhida e de estar já em tratamento pré-operatório, sinto muito, muito bem acolhida.']",acolhida - acolhimento - acolhida acolhida - sentir - acolhida gente - cá acolhida - chegar cá - única acolhida - chegar - acarinhada,1.0,False,Feeling welcomed
267,127,7,Q3,Que aspetos do cuidado prestado foram mais importantes para si?,2,2,VR Only,"Acho que assim, eu fui... Todo mundo sempre muito simpático, sempre muito perguntando. Não teve uma coisa muito... Não me senti... Não tenho outra palavra para usar. Não me senti no açougue. É isso. Acontece muito em muitos hospitais simplesmente verem como um corpo, uma máquina que está ali para ser consertada. Então as pessoas olharam, perguntaram como eu estava me sentindo. Teve a preocupação quando eu falei que eu estava com espada e tal. Então teve toda uma...","Todo mundo sempre muito simpático, sempre muito perguntando.",mundo simpático perguntando,3,True,True,,"Todo mundo sempre muito simpático, sempre muito perguntando.",1,1_pessoas_cuidado_doentes_todas,"['pessoas', 'cuidado', 'doentes', 'todas', 'simpático', 'tratada', 'preocupação', 'às', 'mundo simpático', 'outra enfermeira']","['Portanto, esta forma atenciosa com que pedem autorização para colocar os procedimentos, ou avisar que vai ser desagradável, ou pedir desculpa, tudo isso é muito humanizante.', 'Às vezes parece que das experiências que eu tive, não só da minha parte, mas do acompanhamento que fiz a outros doentes, nomeadamente os meus pais, Às vezes nós não sabermos se as pessoas estão a ser, no mínimo, profissionais, deixam-nos muito mais incertos.', 'O cuidado no detalhe, a preocupação com que sempre nos tratam, o rigor no trato das pessoas é muito importante e faz-nos sentir muito bem.']",pessoas - cuidado - doentes - todas - simpático - tratada - preocupação - às - mundo simpático - outra enfermeira,0.2474978009358665,False,Compassionate and professional care
269,127,7,Q3,Que aspetos do cuidado prestado foram mais importantes para si?,4,2,VR Only,"Acho que assim, eu fui... Todo mundo sempre muito simpático, sempre muito perguntando. Não teve uma coisa muito... Não me senti... Não tenho outra palavra para usar. Não me senti no açougue. É isso. Acontece muito em muitos hospitais simplesmente verem como um corpo, uma máquina que está ali para ser consertada. Então as pessoas olharam, perguntaram como eu estava me sentindo. Teve a preocupação quando eu falei que eu estava com espada e tal. Então teve toda uma...",Não me senti...,senti,1,True,True,,Não me senti...,2,2_mim_diferente_diferença_bocadinho,"['mim', 'diferente', 'diferença', 'bocadinho', 'tipo', 'vídeo', 'pôs', 'emoção', 'logo', 'bocadinho diferença']","['pôs logo e vê-se perfeitamente que entrou na veia logo.', 'Eu acho que a diferença, eu já estava calma, acho que a diferença foi explotar um bocadinho mais de sentimentos mais de alegria, mais bem disposta, digamos.', 'É claro que se sente um bocadinho, mas não é assim uma diferença, no meu caso, significativa.']",mim - diferente - diferença - bocadinho - tipo - vídeo - pôs - emoção - logo - bocadinho diferença,1.0,False,Subjective emotional and experiential effects
270,127,7,Q3,Que aspetos do cuidado prestado foram mais importantes para si?,5,2,VR Only,"Acho que assim, eu fui... Todo mundo sempre muito simpático, sempre muito perguntando. Não teve uma coisa muito... Não me senti... Não tenho outra palavra para usar. Não me senti no açougue. É isso. Acontece muito em muitos hospitais simplesmente verem como um corpo, uma máquina que está ali para ser consertada. Então as pessoas olharam, perguntaram como eu estava me sentindo. Teve a preocupação quando eu falei que eu estava com espada e tal. Então teve toda uma...",Não tenho outra palavra para usar.,outra palavra usar,3,True,True,,Não tenho outra palavra para usar.,8,8_cinco_estrelas_cinco estrelas_mesma,"['cinco', 'estrelas', 'cinco estrelas', 'mesma', 'seja', 'mudou', 'seja falar', 'significativo pensamento', 'sempr', 'similar']","['O acolhimento é cinco estrelas.', 'Não, cinco estrelas.', 'Não, acho que aqui são cinco estrelas.']",cinco - estrelas - cinco estrelas - mesma - seja - mudou - seja falar - significativo pensamento - sempr - similar,1.0,False,No perceived change and brief appraisals
271,127,7,Q3,Que aspetos do cuidado prestado foram mais importantes para si?,6,2,VR Only,"Acho que assim, eu fui... Todo mundo sempre muito simpático, sempre muito perguntando. Não teve uma coisa muito... Não me senti... Não tenho outra palavra para usar. Não me senti no açougue. É isso. Acontece muito em muitos hospitais simplesmente verem como um corpo, uma máquina que está ali para ser consertada. Então as pessoas olharam, perguntaram como eu estava me sentindo. Teve a preocupação quando eu falei que eu estava com espada e tal. Então teve toda uma...",Não me senti no açougue.,senti açougue,2,True,True,,Não me senti no açougue.,2,2_mim_diferente_diferença_bocadinho,"['mim', 'diferente', 'diferença', 'bocadinho', 'tipo', 'vídeo', 'pôs', 'emoção', 'logo', 'bocadinho diferença']","['pôs logo e vê-se perfeitamente que entrou na veia logo.', 'Eu acho que a diferença, eu já estava calma, acho que a diferença foi explotar um bocadinho mais de sentimentos mais de alegria, mais bem disposta, digamos.', 'É claro que se sente um bocadinho, mas não é assim uma diferença, no meu caso, significativa.']",mim - diferente - diferença - bocadinho - tipo - vídeo - pôs - emoção - logo - bocadinho diferença,1.0,False,Subjective emotional and experiential effects
273,127,7,Q3,Que aspetos do cuidado prestado foram mais importantes para si?,8,2,VR Only,"Acho que assim, eu fui... Todo mundo sempre muito simpático, sempre muito perguntando. Não teve uma coisa muito... Não me senti... Não tenho outra palavra para usar. Não me senti no açougue. É isso. Acontece muito em muitos hospitais simplesmente verem como um corpo, uma máquina que está ali para ser consertada. Então as pessoas olharam, perguntaram como eu estava me sentindo. Teve a preocupação quando eu falei que eu estava com espada e tal. Então teve toda uma...","Acontece muito em muitos hospitais simplesmente verem como um corpo, uma máquina que está ali para ser consertada.",acontece hospitais verem corpo máquina ali consertada,7,True,True,,"Acontece muito em muitos hospitais simplesmente verem como um corpo, uma máquina que está ali para ser consertada.",1,1_pessoas_cuidado_doentes_todas,"['pessoas', 'cuidado', 'doentes', 'todas', 'simpático', 'tratada', 'preocupação', 'às', 'mundo simpático', 'outra enfermeira']","['Portanto, esta forma atenciosa com que pedem autorização para colocar os procedimentos, ou avisar que vai ser desagradável, ou pedir desculpa, tudo isso é muito humanizante.', 'Às vezes parece que das experiências que eu tive, não só da minha parte, mas do acompanhamento que fiz a outros doentes, nomeadamente os meus pais, Às vezes nós não sabermos se as pessoas estão a ser, no mínimo, profissionais, deixam-nos muito mais incertos.', 'O cuidado no detalhe, a preocupação com que sempre nos tratam, o rigor no trato das pessoas é muito importante e faz-nos sentir muito bem.']",pessoas - cuidado - doentes - todas - simpático - tratada - preocupação - às - mundo simpático - outra enfermeira,0.2103169724482495,False,Compassionate and professional care
274,127,7,Q3,Que aspetos do cuidado prestado foram mais importantes para si?,9,2,VR Only,"Acho que assim, eu fui... Todo mundo sempre muito simpático, sempre muito perguntando. Não teve uma coisa muito... Não me senti... Não tenho outra palavra para usar. Não me senti no açougue. É isso. Acontece muito em muitos hospitais simplesmente verem como um corpo, uma máquina que está ali para ser consertada. Então as pessoas olharam, perguntaram como eu estava me sentindo. Teve a preocupação quando eu falei que eu estava com espada e tal. Então teve toda uma...","Então as pessoas olharam, perguntaram como eu estava me sentindo.",pessoas olharam perguntaram sentindo,4,True,True,,"Então as pessoas olharam, perguntaram como eu estava me sentindo.",2,2_mim_diferente_diferença_bocadinho,"['mim', 'diferente', 'diferença', 'bocadinho', 'tipo', 'vídeo', 'pôs', 'emoção', 'logo', 'bocadinho diferença']","['pôs logo e vê-se perfeitamente que entrou na veia logo.', 'Eu acho que a diferença, eu já estava calma, acho que a diferença foi explotar um bocadinho mais de sentimentos mais de alegria, mais bem disposta, digamos.', 'É claro que se sente um bocadinho, mas não é assim uma diferença, no meu caso, significativa.']",mim - diferente - diferença - bocadinho - tipo - vídeo - pôs - emoção - logo - bocadinho diferença,1.0,False,Subjective emotional and experiential effects
275,127,7,Q3,Que aspetos do cuidado prestado foram mais importantes para si?,10,2,VR Only,"Acho que assim, eu fui... Todo mundo sempre muito simpático, sempre muito perguntando. Não teve uma coisa muito... Não me senti... Não tenho outra palavra para usar. Não me senti no açougue. É isso. Acontece muito em muitos hospitais simplesmente verem como um corpo, uma máquina que está ali para ser consertada. Então as pessoas olharam, perguntaram como eu estava me sentindo. Teve a preocupação quando eu falei que eu estava com espada e tal. Então teve toda uma...",Teve a preocupação quando eu falei que eu estava com espada e tal.,preocupação falei espada tal,4,True,True,,Teve a preocupação quando eu falei que eu estava com espada e tal.,9,9_ansiedade_ansiosa_bocadinho_nervosismo,"['ansiedade', 'ansiosa', 'bocadinho', 'nervosismo', 'bocadinho agitada', 'agitada', 'aumenta', 'ansiosa bocadinho', 'ansiedade nervosismo', 'durante']","['Não, quer dizer, como digo, à medida que se aproxima e ir para o bloco, a ansiedade aumenta e o receio de que algo possa correr mal também.', 'Durante estes 12 minutos estive a fazer aqui uma técnica própria que desenvolvi para não escalar a ansiedade durante o período que tenho de esperar até a entrada na sala de cirurgia.', 'sim, acho que sinto sinto um pouco mais de ansiedade acho eu, nada assim de extraordinário mas pronto, ficar aqui sozinha sem ninguém para falar ou para abstrair daqui acho que aumenta um bocadinho a ansiedade']",ansiedade - ansiosa - bocadinho - nervosismo - bocadinho agitada - agitada - aumenta - ansiosa bocadinho - ansiedade nervosismo - durante,1.0,False,Anxiety and nervousness
277,132,12,Q3,Que aspetos do cuidado prestado foram mais importantes para si?,1,1,VR Art,"Hoje não tive nada de especial, foi fazer o exame, a serigrafia, ou não sei quanto, é difícil dizer. E depois passei o tempo todo à espera. Estava dedicada para as 13. Não tem nada assim a... Foi normal o exame de manhã. Sempre com muito cuidado para picar. Mas, quer dizer, houve aí dias que eu tive 4, 5, 6 exames de fazer. E realmente aí há muito mais coisas a realçar de positivo. Hoje não. Hoje tive aquilo de manhã e depois fiquei à espera.","Hoje não tive nada de especial, foi fazer o exame, a serigrafia, ou não sei quanto, é difícil dizer.",hoje especial fazer exame serigrafia sei quanto difícil,8,True,True,,"Hoje não tive nada de especial, foi fazer o exame, a serigrafia, ou não sei quanto, é difícil dizer.",3,3_cirurgia_vai_fazer_pode depressa,"['cirurgia', 'vai', 'fazer', 'pode depressa', 'óculos', 'exame', 'doutor', 'sou', 'depressa', 'sei']","['A minha técnica consta em fazer uma revisão do que tenho para fazer depois da cirurgia e organizar os meus pensamentos, organizar os meus planos, de maneira a que não foque no que realmente me preocupa no imediato que vai acontecer.', 'É mesmo só essa ansiosa, ansiosa, pode mais depressa melhor, pode mais depressa isto, pode mais depressa sai, mas é mesmo, a preocupação é mesmo o cuidado e o pós, o que é que vai vir a seguir, vai correr tudo bem, é certo, mas não deixa de ser uma cirurgia, não deixa de ser...', 'durante o vídeo eu abstraí-me completamente do sítio onde estava estava completamente envolvida no vídeo após tirar os óculos senti-me um bocadinho mais calma mas como entretanto entrou o doutor Pedro o meu pensamento voltou outra vez para a cirurgia mas acho que o facto desse vídeo ser neste momento eu acho que sim que faz muito sentido principalmente para quem está com descansamentos']",cirurgia - vai - fazer - pode depressa - óculos - exame - doutor - sou - depressa - sei,0.4260202465266132,False,Surgical concerns and coping
278,132,12,Q3,Que aspetos do cuidado prestado foram mais importantes para si?,2,1,VR Art,"Hoje não tive nada de especial, foi fazer o exame, a serigrafia, ou não sei quanto, é difícil dizer. E depois passei o tempo todo à espera. Estava dedicada para as 13. Não tem nada assim a... Foi normal o exame de manhã. Sempre com muito cuidado para picar. Mas, quer dizer, houve aí dias que eu tive 4, 5, 6 exames de fazer. E realmente aí há muito mais coisas a realçar de positivo. Hoje não. Hoje tive aquilo de manhã e depois fiquei à espera.",E depois passei o tempo todo à espera.,passei tempo espera,3,True,True,,E depois passei o tempo todo à espera.,6,6_tempo_espera_tempo espera_agora,"['tempo', 'espera', 'tempo espera', 'agora', 'minutos', 'vez', 'eventualmente', 'voltei', 'rápido', 'realidade']","['E depois passei o tempo todo à espera.', 'eventualmente sim este tempo de espera seria muito mais para mim sofreria mais porque estaria mais entregue a mim própria eventualmente e E a pensar não nos problemas e não em outras coisas, que foi o que aconteceu aqui.', 'O tempo de espera.']",tempo - espera - tempo espera - agora - minutos - vez - eventualmente - voltei - rápido - realidade,1.0,True,Waiting experience
279,132,12,Q3,Que aspetos do cuidado prestado foram mais importantes para si?,3,1,VR Art,"Hoje não tive nada de especial, foi fazer o exame, a serigrafia, ou não sei quanto, é difícil dizer. E depois passei o tempo todo à espera. Estava dedicada para as 13. Não tem nada assim a... Foi normal o exame de manhã. Sempre com muito cuidado para picar. Mas, quer dizer, houve aí dias que eu tive 4, 5, 6 exames de fazer. E realmente aí há muito mais coisas a realçar de positivo. Hoje não. Hoje tive aquilo de manhã e depois fiquei à espera.",Estava dedicada para as 13.,dedicada,1,True,True,,Estava dedicada para as 13.,3,3_cirurgia_vai_fazer_pode depressa,"['cirurgia', 'vai', 'fazer', 'pode depressa', 'óculos', 'exame', 'doutor', 'sou', 'depressa', 'sei']","['A minha técnica consta em fazer uma revisão do que tenho para fazer depois da cirurgia e organizar os meus pensamentos, organizar os meus planos, de maneira a que não foque no que realmente me preocupa no imediato que vai acontecer.', 'É mesmo só essa ansiosa, ansiosa, pode mais depressa melhor, pode mais depressa isto, pode mais depressa sai, mas é mesmo, a preocupação é mesmo o cuidado e o pós, o que é que vai vir a seguir, vai correr tudo bem, é certo, mas não deixa de ser uma cirurgia, não deixa de ser...', 'durante o vídeo eu abstraí-me completamente do sítio onde estava estava completamente envolvida no vídeo após tirar os óculos senti-me um bocadinho mais calma mas como entretanto entrou o doutor Pedro o meu pensamento voltou outra vez para a cirurgia mas acho que o facto desse vídeo ser neste momento eu acho que sim que faz muito sentido principalmente para quem está com descansamentos']",cirurgia - vai - fazer - pode depressa - óculos - exame - doutor - sou - depressa - sei,0.1226585750385015,False,Surgical concerns and coping
281,132,12,Q3,Que aspetos do cuidado prestado foram mais importantes para si?,5,1,VR Art,"Hoje não tive nada de especial, foi fazer o exame, a serigrafia, ou não sei quanto, é difícil dizer. E depois passei o tempo todo à espera. Estava dedicada para as 13. Não tem nada assim a... Foi normal o exame de manhã. Sempre com muito cuidado para picar. Mas, quer dizer, houve aí dias que eu tive 4, 5, 6 exames de fazer. E realmente aí há muito mais coisas a realçar de positivo. Hoje não. Hoje tive aquilo de manhã e depois fiquei à espera.",Foi normal o exame de manhã.,normal exame manhã,3,True,True,,Foi normal o exame de manhã.,3,3_cirurgia_vai_fazer_pode depressa,"['cirurgia', 'vai', 'fazer', 'pode depressa', 'óculos', 'exame', 'doutor', 'sou', 'depressa', 'sei']","['A minha técnica consta em fazer uma revisão do que tenho para fazer depois da cirurgia e organizar os meus pensamentos, organizar os meus planos, de maneira a que não foque no que realmente me preocupa no imediato que vai acontecer.', 'É mesmo só essa ansiosa, ansiosa, pode mais depressa melhor, pode mais depressa isto, pode mais depressa sai, mas é mesmo, a preocupação é mesmo o cuidado e o pós, o que é que vai vir a seguir, vai correr tudo bem, é certo, mas não deixa de ser uma cirurgia, não deixa de ser...', 'durante o vídeo eu abstraí-me completamente do sítio onde estava estava completamente envolvida no vídeo após tirar os óculos senti-me um bocadinho mais calma mas como entretanto entrou o doutor Pedro o meu pensamento voltou outra vez para a cirurgia mas acho que o facto desse vídeo ser neste momento eu acho que sim que faz muito sentido principalmente para quem está com descansamentos']",cirurgia - vai - fazer - pode depressa - óculos - exame - doutor - sou - depressa - sei,0.4526475901615098,False,Surgical concerns and coping
282,132,12,Q3,Que aspetos do cuidado prestado foram mais importantes para si?,6,1,VR Art,"Hoje não tive nada de especial, foi fazer o exame, a serigrafia, ou não sei quanto, é difícil dizer. E depois passei o tempo todo à espera. Estava dedicada para as 13. Não tem nada assim a... Foi normal o exame de manhã. Sempre com muito cuidado para picar. Mas, quer dizer, houve aí dias que eu tive 4, 5, 6 exames de fazer. E realmente aí há muito mais coisas a realçar de positivo. Hoje não. Hoje tive aquilo de manhã e depois fiquei à espera.",Sempre com muito cuidado para picar.,cuidado picar,2,True,True,,Sempre com muito cuidado para picar.,1,1_pessoas_cuidado_doentes_todas,"['pessoas', 'cuidado', 'doentes', 'todas', 'simpático', 'tratada', 'preocupação', 'às', 'mundo simpático', 'outra enfermeira']","['Portanto, esta forma atenciosa com que pedem autorização para colocar os procedimentos, ou avisar que vai ser desagradável, ou pedir desculpa, tudo isso é muito humanizante.', 'Às vezes parece que das experiências que eu tive, não só da minha parte, mas do acompanhamento que fiz a outros doentes, nomeadamente os meus pais, Às vezes nós não sabermos se as pessoas estão a ser, no mínimo, profissionais, deixam-nos muito mais incertos.', 'O cuidado no detalhe, a preocupação com que sempre nos tratam, o rigor no trato das pessoas é muito importante e faz-nos sentir muito bem.']",pessoas - cuidado - doentes - todas - simpático - tratada - preocupação - às - mundo simpático - outra enfermeira,1.0,False,Compassionate and professional care
283,132,12,Q3,Que aspetos do cuidado prestado foram mais importantes para si?,7,1,VR Art,"Hoje não tive nada de especial, foi fazer o exame, a serigrafia, ou não sei quanto, é difícil dizer. E depois passei o tempo todo à espera. Estava dedicada para as 13. Não tem nada assim a... Foi normal o exame de manhã. Sempre com muito cuidado para picar. Mas, quer dizer, houve aí dias que eu tive 4, 5, 6 exames de fazer. E realmente aí há muito mais coisas a realçar de positivo. Hoje não. Hoje tive aquilo de manhã e depois fiquei à espera.","Mas, quer dizer, houve aí dias que eu tive 4, 5, 6 exames de fazer.",aí dias exames fazer,4,True,True,,"Mas, quer dizer, houve aí dias que eu tive 4, 5, 6 exames de fazer.",3,3_cirurgia_vai_fazer_pode depressa,"['cirurgia', 'vai', 'fazer', 'pode depressa', 'óculos', 'exame', 'doutor', 'sou', 'depressa', 'sei']","['A minha técnica consta em fazer uma revisão do que tenho para fazer depois da cirurgia e organizar os meus pensamentos, organizar os meus planos, de maneira a que não foque no que realmente me preocupa no imediato que vai acontecer.', 'É mesmo só essa ansiosa, ansiosa, pode mais depressa melhor, pode mais depressa isto, pode mais depressa sai, mas é mesmo, a preocupação é mesmo o cuidado e o pós, o que é que vai vir a seguir, vai correr tudo bem, é certo, mas não deixa de ser uma cirurgia, não deixa de ser...', 'durante o vídeo eu abstraí-me completamente do sítio onde estava estava completamente envolvida no vídeo após tirar os óculos senti-me um bocadinho mais calma mas como entretanto entrou o doutor Pedro o meu pensamento voltou outra vez para a cirurgia mas acho que o facto desse vídeo ser neste momento eu acho que sim que faz muito sentido principalmente para quem está com descansamentos']",cirurgia - vai - fazer - pode depressa - óculos - exame - doutor - sou - depressa - sei,0.5258444331837326,False,Surgical concerns and coping
284,132,12,Q3,Que aspetos do cuidado prestado foram mais importantes para si?,8,1,VR Art,"Hoje não tive nada de especial, foi fazer o exame, a serigrafia, ou não sei quanto, é difícil dizer. E depois passei o tempo todo à espera. Estava dedicada para as 13. Não tem nada assim a... Foi normal o exame de manhã. Sempre com muito cuidado para picar. Mas, quer dizer, houve aí dias que eu tive 4, 5, 6 exames de fazer. E realmente aí há muito mais coisas a realçar de positivo. Hoje não. Hoje tive aquilo de manhã e depois fiquei à espera.",E realmente aí há muito mais coisas a realçar de positivo.,realmente aí realçar positivo,4,True,True,,E realmente aí há muito mais coisas a realçar de positivo.,7,7_manter_correu_positiva_manter positiva,"['manter', 'correu', 'positiva', 'manter positiva', 'dentro', 'positivo', 'normal', 'normal dentro', 'positivo razão', 'positiva neste']","['Bem, dentro do normal, bem, dentro das circunstâncias', 'Eu acho que é importante a pessoa manter-se positiva.', 'O esforço é manter-se sempre positiva e neste nível de positividade.']",manter - correu - positiva - manter positiva - dentro - positivo - normal - normal dentro - positivo razão - positiva neste,0.2046584131544862,False,Positive appraisal and optimism
285,132,12,Q3,Que aspetos do cuidado prestado foram mais importantes para si?,9,1,VR Art,"Hoje não tive nada de especial, foi fazer o exame, a serigrafia, ou não sei quanto, é difícil dizer. E depois passei o tempo todo à espera. Estava dedicada para as 13. Não tem nada assim a... Foi normal o exame de manhã. Sempre com muito cuidado para picar. Mas, quer dizer, houve aí dias que eu tive 4, 5, 6 exames de fazer. E realmente aí há muito mais coisas a realçar de positivo. Hoje não. Hoje tive aquilo de manhã e depois fiquei à espera.",Hoje não.,hoje,1,True,True,,Hoje não.,8,8_cinco_estrelas_cinco estrelas_mesma,"['cinco', 'estrelas', 'cinco estrelas', 'mesma', 'seja', 'mudou', 'seja falar', 'significativo pensamento', 'sempr', 'similar']","['O acolhimento é cinco estrelas.', 'Não, cinco estrelas.', 'Não, acho que aqui são cinco estrelas.']",cinco - estrelas - cinco estrelas - mesma - seja - mudou - seja falar - significativo pensamento - sempr - similar,1.0,False,No perceived change and brief appraisals
286,132,12,Q3,Que aspetos do cuidado prestado foram mais importantes para si?,10,1,VR Art,"Hoje não tive nada de especial, foi fazer o exame, a serigrafia, ou não sei quanto, é difícil dizer. E depois passei o tempo todo à espera. Estava dedicada para as 13. Não tem nada assim a... Foi normal o exame de manhã. Sempre com muito cuidado para picar. Mas, quer dizer, houve aí dias que eu tive 4, 5, 6 exames de fazer. E realmente aí há muito mais coisas a realçar de positivo. Hoje não. Hoje tive aquilo de manhã e depois fiquei à espera.",Hoje tive aquilo de manhã e depois fiquei à espera.,hoje manhã fiquei espera,4,True,True,,Hoje tive aquilo de manhã e depois fiquei à espera.,6,6_tempo_espera_tempo espera_agora,"['tempo', 'espera', 'tempo espera', 'agora', 'minutos', 'vez', 'eventualmente', 'voltei', 'rápido', 'realidade']","['E depois passei o tempo todo à espera.', 'eventualmente sim este tempo de espera seria muito mais para mim sofreria mais porque estaria mais entregue a mim própria eventualmente e E a pensar não nos problemas e não em outras coisas, que foi o que aconteceu aqui.', 'O tempo de espera.']",tempo - espera - tempo espera - agora - minutos - vez - eventualmente - voltei - rápido - realidade,1.0,False,Waiting experience
288,133,13,Q3,Que aspetos do cuidado prestado foram mais importantes para si?,2,3,Control,Muito bom. Sempre acho que toda a pessoa que trabalha nesta instituição tem sempre uma delicadeza e um cuidado para tratar com os pacientes. E isso faz esta tranquilidade também.,Sempre acho que toda a pessoa que trabalha nesta instituição tem sempre uma delicadeza e um cuidado para tratar com os pacientes.,pessoa trabalha nesta instituição delicadeza cuidado tratar pacientes,8,True,True,,Sempre acho que toda a pessoa que trabalha nesta instituição tem sempre uma delicadeza e um cuidado para tratar com os pacientes.,1,1_pessoas_cuidado_doentes_todas,"['pessoas', 'cuidado', 'doentes', 'todas', 'simpático', 'tratada', 'preocupação', 'às', 'mundo simpático', 'outra enfermeira']","['Portanto, esta forma atenciosa com que pedem autorização para colocar os procedimentos, ou avisar que vai ser desagradável, ou pedir desculpa, tudo isso é muito humanizante.', 'Às vezes parece que das experiências que eu tive, não só da minha parte, mas do acompanhamento que fiz a outros doentes, nomeadamente os meus pais, Às vezes nós não sabermos se as pessoas estão a ser, no mínimo, profissionais, deixam-nos muito mais incertos.', 'O cuidado no detalhe, a preocupação com que sempre nos tratam, o rigor no trato das pessoas é muito importante e faz-nos sentir muito bem.']",pessoas - cuidado - doentes - todas - simpático - tratada - preocupação - às - mundo simpático - outra enfermeira,0.3476918904886825,False,Compassionate and professional care
289,133,13,Q3,Que aspetos do cuidado prestado foram mais importantes para si?,3,3,Control,Muito bom. Sempre acho que toda a pessoa que trabalha nesta instituição tem sempre uma delicadeza e um cuidado para tratar com os pacientes. E isso faz esta tranquilidade também.,E isso faz esta tranquilidade também.,faz tranquilidade,2,True,True,,E isso faz esta tranquilidade também.,0,0_tranquila_calma_relaxada_sinto,"['tranquila', 'calma', 'relaxada', 'sinto', 'bocadinho', 'bocadinho calma', 'filme', 'sinto tranquila', 'imagens', 'tranquilidade']","['Um bocadinho mais calma.', 'um bocadinho mais calma.', 'Sim, sinto-me mais tranquila.']",tranquila - calma - relaxada - sinto - bocadinho - bocadinho calma - filme - sinto tranquila - imagens - tranquilidade,0.6166323263223421,False,Calm and relaxation
290,134,14,Q3,Que aspetos do cuidado prestado foram mais importantes para si?,1,1,VR Art,"tudo excelente.Foram todos muito atenciosos, totalmente excelentes.",tudo excelente.,excelente,1,True,True,,tudo excelente.,7,7_manter_correu_positiva_manter positiva,"['manter', 'correu', 'positiva', 'manter positiva', 'dentro', 'positivo', 'normal', 'normal dentro', 'positivo razão', 'positiva neste']","['Bem, dentro do normal, bem, dentro das circunstâncias', 'Eu acho que é importante a pessoa manter-se positiva.', 'O esforço é manter-se sempre positiva e neste nível de positividade.']",manter - correu - positiva - manter positiva - dentro - positivo - normal - normal dentro - positivo razão - positiva neste,1.0,False,Positive appraisal and optimism
291,134,14,Q3,Que aspetos do cuidado prestado foram mais importantes para si?,2,1,VR Art,"tudo excelente.Foram todos muito atenciosos, totalmente excelentes.","Foram todos muito atenciosos, totalmente excelentes.",atenciosos totalmente excelentes,3,True,True,,"Foram todos muito atenciosos, totalmente excelentes.",1,1_pessoas_cuidado_doentes_todas,"['pessoas', 'cuidado', 'doentes', 'todas', 'simpático', 'tratada', 'preocupação', 'às', 'mundo simpático', 'outra enfermeira']","['Portanto, esta forma atenciosa com que pedem autorização para colocar os procedimentos, ou avisar que vai ser desagradável, ou pedir desculpa, tudo isso é muito humanizante.', 'Às vezes parece que das experiências que eu tive, não só da minha parte, mas do acompanhamento que fiz a outros doentes, nomeadamente os meus pais, Às vezes nós não sabermos se as pessoas estão a ser, no mínimo, profissionais, deixam-nos muito mais incertos.', 'O cuidado no detalhe, a preocupação com que sempre nos tratam, o rigor no trato das pessoas é muito importante e faz-nos sentir muito bem.']",pessoas - cuidado - doentes - todas - simpático - tratada - preocupação - às - mundo simpático - outra enfermeira,0.2802880099816974,False,Compassionate and professional care
292,135,15,Q3,Que aspetos do cuidado prestado foram mais importantes para si?,1,2,VR Only,"Todos me trataram bem, todos responderam às perguntas que eu tinha para fazer. Acho que não houve nenhuma falha.","Todos me trataram bem, todos responderam às perguntas que eu tinha para fazer.",trataram responderam às perguntas tinha fazer,6,True,True,,"Todos me trataram bem, todos responderam às perguntas que eu tinha para fazer.",1,1_pessoas_cuidado_doentes_todas,"['pessoas', 'cuidado', 'doentes', 'todas', 'simpático', 'tratada', 'preocupação', 'às', 'mundo simpático', 'outra enfermeira']","['Portanto, esta forma atenciosa com que pedem autorização para colocar os procedimentos, ou avisar que vai ser desagradável, ou pedir desculpa, tudo isso é muito humanizante.', 'Às vezes parece que das experiências que eu tive, não só da minha parte, mas do acompanhamento que fiz a outros doentes, nomeadamente os meus pais, Às vezes nós não sabermos se as pessoas estão a ser, no mínimo, profissionais, deixam-nos muito mais incertos.', 'O cuidado no detalhe, a preocupação com que sempre nos tratam, o rigor no trato das pessoas é muito importante e faz-nos sentir muito bem.']",pessoas - cuidado - doentes - todas - simpático - tratada - preocupação - às - mundo simpático - outra enfermeira,0.2407461803709308,False,Compassionate and professional care
293,135,15,Q3,Que aspetos do cuidado prestado foram mais importantes para si?,2,2,VR Only,"Todos me trataram bem, todos responderam às perguntas que eu tinha para fazer. Acho que não houve nenhuma falha.",Acho que não houve nenhuma falha.,nenhuma falha,2,True,True,,Acho que não houve nenhuma falha.,7,7_manter_correu_positiva_manter positiva,"['manter', 'correu', 'positiva', 'manter positiva', 'dentro', 'positivo', 'normal', 'normal dentro', 'positivo razão', 'positiva neste']","['Bem, dentro do normal, bem, dentro das circunstâncias', 'Eu acho que é importante a pessoa manter-se positiva.', 'O esforço é manter-se sempre positiva e neste nível de positividade.']",manter - correu - positiva - manter positiva - dentro - positivo - normal - normal dentro - positivo razão - positiva neste,1.0,False,Positive appraisal and optimism
294,136,16,Q3,Que aspetos do cuidado prestado foram mais importantes para si?,1,3,Control,são todos fantásticos,são todos fantásticos,fantásticos,1,True,True,,são todos fantásticos,0,0_tranquila_calma_relaxada_sinto,"['tranquila', 'calma', 'relaxada', 'sinto', 'bocadinho', 'bocadinho calma', 'filme', 'sinto tranquila', 'imagens', 'tranquilidade']","['Um bocadinho mais calma.', 'um bocadinho mais calma.', 'Sim, sinto-me mais tranquila.']",tranquila - calma - relaxada - sinto - bocadinho - bocadinho calma - filme - sinto tranquila - imagens - tranquilidade,0.1097629671715118,False,Calm and relaxation
295,137,17,Q3,Que aspetos do cuidado prestado foram mais importantes para si?,1,1,VR Art,"Olha, o acolhimento é excelente, mas esta experiência, no meu entender, é uma mais-valia. Foi fantástico, foi mesmo fantástico.","Olha, o acolhimento é excelente, mas esta experiência, no meu entender, é uma mais-valia.",olha acolhimento excelente experiência entender valia,6,True,True,,"Olha, o acolhimento é excelente, mas esta experiência, no meu entender, é uma mais-valia.",-1,-1_será_será alguém_alguém_família,"['será', 'será alguém', 'alguém', 'família', 'valia', 'saber será', 'saber', 'olhar será', 'olha acolhimento', 'olha']","['Olha, o acolhimento é excelente, mas esta experiência, no meu entender, é uma mais-valia.', 'Não é de saber, pronto, será que alguém está a olhar?', 'Será que alguém está a ver?']",será - será alguém - alguém - família - valia - saber será - saber - olhar será - olha acolhimento - olha,0.6524850014598104,True,Unassigned or mixed content
296,137,17,Q3,Que aspetos do cuidado prestado foram mais importantes para si?,2,1,VR Art,"Olha, o acolhimento é excelente, mas esta experiência, no meu entender, é uma mais-valia. Foi fantástico, foi mesmo fantástico.","Foi fantástico, foi mesmo fantástico.",fantástico fantástico,2,True,True,,"Foi fantástico, foi mesmo fantástico.",0,0_tranquila_calma_relaxada_sinto,"['tranquila', 'calma', 'relaxada', 'sinto', 'bocadinho', 'bocadinho calma', 'filme', 'sinto tranquila', 'imagens', 'tranquilidade']","['Um bocadinho mais calma.', 'um bocadinho mais calma.', 'Sim, sinto-me mais tranquila.']",tranquila - calma - relaxada - sinto - bocadinho - bocadinho calma - filme - sinto tranquila - imagens - tranquilidade,0.147075811138155,False,Calm and relaxation
297,138,18,Q3,Que aspetos do cuidado prestado foram mais importantes para si?,1,2,VR Only,A única coisa que eu tenho a dizer é que estou bem acolhida.,A única coisa que eu tenho a dizer é que estou bem acolhida.,única acolhida,2,True,True,,A única coisa que eu tenho a dizer é que estou bem acolhida.,11,11_acolhida_acolhimento_acolhida acolhida_sentir,"['acolhida', 'acolhimento', 'acolhida acolhida', 'sentir', 'acolhida gente', 'cá acolhida', 'chegar cá', 'única acolhida', 'chegar', 'acarinhada']","['Não, sempre fui bem acolhida aqui.', 'Fui bem acolhida.', 'O facto de depois chegar cá e ser acolhida e de estar já em tratamento pré-operatório, sinto muito, muito bem acolhida.']",acolhida - acolhimento - acolhida acolhida - sentir - acolhida gente - cá acolhida - chegar cá - única acolhida - chegar - acarinhada,1.0,False,Feeling welcomed
298,139,19,Q3,Que aspetos do cuidado prestado foram mais importantes para si?,1,2,VR Only,"a relação humana, a empatia e a constante presença. Nada, são fora de sério.","a relação humana, a empatia e a constante presença.",relação humana empatia constante presença,5,True,True,,"a relação humana, a empatia e a constante presença.",1,1_pessoas_cuidado_doentes_todas,"['pessoas', 'cuidado', 'doentes', 'todas', 'simpático', 'tratada', 'preocupação', 'às', 'mundo simpático', 'outra enfermeira']","['Portanto, esta forma atenciosa com que pedem autorização para colocar os procedimentos, ou avisar que vai ser desagradável, ou pedir desculpa, tudo isso é muito humanizante.', 'Às vezes parece que das experiências que eu tive, não só da minha parte, mas do acompanhamento que fiz a outros doentes, nomeadamente os meus pais, Às vezes nós não sabermos se as pessoas estão a ser, no mínimo, profissionais, deixam-nos muito mais incertos.', 'O cuidado no detalhe, a preocupação com que sempre nos tratam, o rigor no trato das pessoas é muito importante e faz-nos sentir muito bem.']",pessoas - cuidado - doentes - todas - simpático - tratada - preocupação - às - mundo simpático - outra enfermeira,0.4650449251126468,False,Compassionate and professional care
299,139,19,Q3,Que aspetos do cuidado prestado foram mais importantes para si?,2,2,VR Only,"a relação humana, a empatia e a constante presença. Nada, são fora de sério.","Nada, são fora de sério.",fora sério,2,True,True,,"Nada, são fora de sério.",8,8_cinco_estrelas_cinco estrelas_mesma,"['cinco', 'estrelas', 'cinco estrelas', 'mesma', 'seja', 'mudou', 'seja falar', 'significativo pensamento', 'sempr', 'similar']","['O acolhimento é cinco estrelas.', 'Não, cinco estrelas.', 'Não, acho que aqui são cinco estrelas.']",cinco - estrelas - cinco estrelas - mesma - seja - mudou - seja falar - significativo pensamento - sempr - similar,1.0,False,No perceived change and brief appraisals
300,140,20,Q3,Que aspetos do cuidado prestado foram mais importantes para si?,1,3,Control,"Eu penso que todo mundo aqui é muito simpático e agradável e faz a experiência agradável, tranquila. Desde a primeira, porque está a terceira operação. A primeira operação, que era mais grande, eu estava nas nuvens da felicidade, que me iam operar.","Eu penso que todo mundo aqui é muito simpático e agradável e faz a experiência agradável, tranquila.",penso mundo simpático agradável faz experiência agradável tranquila,8,True,True,,"Eu penso que todo mundo aqui é muito simpático e agradável e faz a experiência agradável, tranquila.",1,1_pessoas_cuidado_doentes_todas,"['pessoas', 'cuidado', 'doentes', 'todas', 'simpático', 'tratada', 'preocupação', 'às', 'mundo simpático', 'outra enfermeira']","['Portanto, esta forma atenciosa com que pedem autorização para colocar os procedimentos, ou avisar que vai ser desagradável, ou pedir desculpa, tudo isso é muito humanizante.', 'Às vezes parece que das experiências que eu tive, não só da minha parte, mas do acompanhamento que fiz a outros doentes, nomeadamente os meus pais, Às vezes nós não sabermos se as pessoas estão a ser, no mínimo, profissionais, deixam-nos muito mais incertos.', 'O cuidado no detalhe, a preocupação com que sempre nos tratam, o rigor no trato das pessoas é muito importante e faz-nos sentir muito bem.']",pessoas - cuidado - doentes - todas - simpático - tratada - preocupação - às - mundo simpático - outra enfermeira,0.2124444911781186,False,Compassionate and professional care
301,140,20,Q3,Que aspetos do cuidado prestado foram mais importantes para si?,2,3,Control,"Eu penso que todo mundo aqui é muito simpático e agradável e faz a experiência agradável, tranquila. Desde a primeira, porque está a terceira operação. A primeira operação, que era mais grande, eu estava nas nuvens da felicidade, que me iam operar.","Desde a primeira, porque está a terceira operação.",desde primeira terceira operação,4,True,True,,"Desde a primeira, porque está a terceira operação.",3,3_cirurgia_vai_fazer_pode depressa,"['cirurgia', 'vai', 'fazer', 'pode depressa', 'óculos', 'exame', 'doutor', 'sou', 'depressa', 'sei']","['A minha técnica consta em fazer uma revisão do que tenho para fazer depois da cirurgia e organizar os meus pensamentos, organizar os meus planos, de maneira a que não foque no que realmente me preocupa no imediato que vai acontecer.', 'É mesmo só essa ansiosa, ansiosa, pode mais depressa melhor, pode mais depressa isto, pode mais depressa sai, mas é mesmo, a preocupação é mesmo o cuidado e o pós, o que é que vai vir a seguir, vai correr tudo bem, é certo, mas não deixa de ser uma cirurgia, não deixa de ser...', 'durante o vídeo eu abstraí-me completamente do sítio onde estava estava completamente envolvida no vídeo após tirar os óculos senti-me um bocadinho mais calma mas como entretanto entrou o doutor Pedro o meu pensamento voltou outra vez para a cirurgia mas acho que o facto desse vídeo ser neste momento eu acho que sim que faz muito sentido principalmente para quem está com descansamentos']",cirurgia - vai - fazer - pode depressa - óculos - exame - doutor - sou - depressa - sei,0.3048696476050213,False,Surgical concerns and coping
302,140,20,Q3,Que aspetos do cuidado prestado foram mais importantes para si?,3,3,Control,"Eu penso que todo mundo aqui é muito simpático e agradável e faz a experiência agradável, tranquila. Desde a primeira, porque está a terceira operação. A primeira operação, que era mais grande, eu estava nas nuvens da felicidade, que me iam operar.","A primeira operação, que era mais grande, eu estava nas nuvens da felicidade, que me iam operar.",primeira operação grande nuvens felicidade iam operar,7,True,True,,"A primeira operação, que era mais grande, eu estava nas nuvens da felicidade, que me iam operar.",0,0_tranquila_calma_relaxada_sinto,"['tranquila', 'calma', 'relaxada', 'sinto', 'bocadinho', 'bocadinho calma', 'filme', 'sinto tranquila', 'imagens', 'tranquilidade']","['Um bocadinho mais calma.', 'um bocadinho mais calma.', 'Sim, sinto-me mais tranquila.']",tranquila - calma - relaxada - sinto - bocadinho - bocadinho calma - filme - sinto tranquila - imagens - tranquilidade,0.175384122167399,False,Calm and relaxation
303,141,21,Q3,Que aspetos do cuidado prestado foram mais importantes para si?,1,1,VR Art,Que é normal.,Que é normal.,normal,1,True,True,,Que é normal.,7,7_manter_correu_positiva_manter positiva,"['manter', 'correu', 'positiva', 'manter positiva', 'dentro', 'positivo', 'normal', 'normal dentro', 'positivo razão', 'positiva neste']","['Bem, dentro do normal, bem, dentro das circunstâncias', 'Eu acho que é importante a pessoa manter-se positiva.', 'O esforço é manter-se sempre positiva e neste nível de positividade.']",manter - correu - positiva - manter positiva - dentro - positivo - normal - normal dentro - positivo razão - positiva neste,0.2226092194268146,False,Positive appraisal and optimism
304,142,22,Q3,Que aspetos do cuidado prestado foram mais importantes para si?,1,3,Control,"Correu tudo bem.Tudo bem, não tem nada a dizer. Bem tratada. As pessoas tratam muito bem os doentes, os pacientes. Mas tem de ser simplesmente bem tratado.",Correu tudo bem.,correu,1,True,True,,Correu tudo bem.,7,7_manter_correu_positiva_manter positiva,"['manter', 'correu', 'positiva', 'manter positiva', 'dentro', 'positivo', 'normal', 'normal dentro', 'positivo razão', 'positiva neste']","['Bem, dentro do normal, bem, dentro das circunstâncias', 'Eu acho que é importante a pessoa manter-se positiva.', 'O esforço é manter-se sempre positiva e neste nível de positividade.']",manter - correu - positiva - manter positiva - dentro - positivo - normal - normal dentro - positivo razão - positiva neste,1.0,False,Positive appraisal and optimism
306,142,22,Q3,Que aspetos do cuidado prestado foram mais importantes para si?,3,3,Control,"Correu tudo bem.Tudo bem, não tem nada a dizer. Bem tratada. As pessoas tratam muito bem os doentes, os pacientes. Mas tem de ser simplesmente bem tratado.",Bem tratada.,tratada,1,True,True,,Bem tratada.,1,1_pessoas_cuidado_doentes_todas,"['pessoas', 'cuidado', 'doentes', 'todas', 'simpático', 'tratada', 'preocupação', 'às', 'mundo simpático', 'outra enfermeira']","['Portanto, esta forma atenciosa com que pedem autorização para colocar os procedimentos, ou avisar que vai ser desagradável, ou pedir desculpa, tudo isso é muito humanizante.', 'Às vezes parece que das experiências que eu tive, não só da minha parte, mas do acompanhamento que fiz a outros doentes, nomeadamente os meus pais, Às vezes nós não sabermos se as pessoas estão a ser, no mínimo, profissionais, deixam-nos muito mais incertos.', 'O cuidado no detalhe, a preocupação com que sempre nos tratam, o rigor no trato das pessoas é muito importante e faz-nos sentir muito bem.']",pessoas - cuidado - doentes - todas - simpático - tratada - preocupação - às - mundo simpático - outra enfermeira,1.0,False,Compassionate and professional care
307,142,22,Q3,Que aspetos do cuidado prestado foram mais importantes para si?,4,3,Control,"Correu tudo bem.Tudo bem, não tem nada a dizer. Bem tratada. As pessoas tratam muito bem os doentes, os pacientes. Mas tem de ser simplesmente bem tratado.","As pessoas tratam muito bem os doentes, os pacientes.",pessoas tratam doentes pacientes,4,True,True,,"As pessoas tratam muito bem os doentes, os pacientes.",1,1_pessoas_cuidado_doentes_todas,"['pessoas', 'cuidado', 'doentes', 'todas', 'simpático', 'tratada', 'preocupação', 'às', 'mundo simpático', 'outra enfermeira']","['Portanto, esta forma atenciosa com que pedem autorização para colocar os procedimentos, ou avisar que vai ser desagradável, ou pedir desculpa, tudo isso é muito humanizante.', 'Às vezes parece que das experiências que eu tive, não só da minha parte, mas do acompanhamento que fiz a outros doentes, nomeadamente os meus pais, Às vezes nós não sabermos se as pessoas estão a ser, no mínimo, profissionais, deixam-nos muito mais incertos.', 'O cuidado no detalhe, a preocupação com que sempre nos tratam, o rigor no trato das pessoas é muito importante e faz-nos sentir muito bem.']",pessoas - cuidado - doentes - todas - simpático - tratada - preocupação - às - mundo simpático - outra enfermeira,0.2558701443279656,False,Compassionate and professional care
308,142,22,Q3,Que aspetos do cuidado prestado foram mais importantes para si?,5,3,Control,"Correu tudo bem.Tudo bem, não tem nada a dizer. Bem tratada. As pessoas tratam muito bem os doentes, os pacientes. Mas tem de ser simplesmente bem tratado.",Mas tem de ser simplesmente bem tratado.,tratado,1,True,True,,Mas tem de ser simplesmente bem tratado.,1,1_pessoas_cuidado_doentes_todas,"['pessoas', 'cuidado', 'doentes', 'todas', 'simpático', 'tratada', 'preocupação', 'às', 'mundo simpático', 'outra enfermeira']","['Portanto, esta forma atenciosa com que pedem autorização para colocar os procedimentos, ou avisar que vai ser desagradável, ou pedir desculpa, tudo isso é muito humanizante.', 'Às vezes parece que das experiências que eu tive, não só da minha parte, mas do acompanhamento que fiz a outros doentes, nomeadamente os meus pais, Às vezes nós não sabermos se as pessoas estão a ser, no mínimo, profissionais, deixam-nos muito mais incertos.', 'O cuidado no detalhe, a preocupação com que sempre nos tratam, o rigor no trato das pessoas é muito importante e faz-nos sentir muito bem.']",pessoas - cuidado - doentes - todas - simpático - tratada - preocupação - às - mundo simpático - outra enfermeira,1.0,False,Compassionate and professional care
309,144,24,Q3,Que aspetos do cuidado prestado foram mais importantes para si?,1,1,VR Art,Acho que devem continuar.,Acho que devem continuar.,devem continuar,2,True,True,,Acho que devem continuar.,4,4_cima_ir_sítio_abaixo,"['cima', 'ir', 'sítio', 'abaixo', 'outro sítio', 'outro', 'vamos', 'despachar', 'trabalho', 'quero despachar']","['Eu houve ali mal um sítio que nós vamos e parece que vamos cair.', 'obrigou-me a ir lá acima e depois vim cá abaixo e depois pude ir para cima.', 'No meu caso, porque quero despachar as coisas, quero mesmo despachar, e portanto não é totalmente transportar para aquele lado e não se lembrar do que é que vai.']",cima - ir - sítio - abaixo - outro sítio - outro - vamos - despachar - trabalho - quero despachar,0.1841386678903721,False,Movement and sense of place
310,145,25,Q3,Que aspetos do cuidado prestado foram mais importantes para si?,1,2,VR Only,"Sim, este acolhimento caloroso, isso é muito positivo. Portanto, esta forma atenciosa com que pedem autorização para colocar os procedimentos, ou avisar que vai ser desagradável, ou pedir desculpa, tudo isso é muito humanizante.","Sim, este acolhimento caloroso, isso é muito positivo.",acolhimento caloroso positivo,3,True,True,,"Sim, este acolhimento caloroso, isso é muito positivo.",11,11_acolhida_acolhimento_acolhida acolhida_sentir,"['acolhida', 'acolhimento', 'acolhida acolhida', 'sentir', 'acolhida gente', 'cá acolhida', 'chegar cá', 'única acolhida', 'chegar', 'acarinhada']","['Não, sempre fui bem acolhida aqui.', 'Fui bem acolhida.', 'O facto de depois chegar cá e ser acolhida e de estar já em tratamento pré-operatório, sinto muito, muito bem acolhida.']",acolhida - acolhimento - acolhida acolhida - sentir - acolhida gente - cá acolhida - chegar cá - única acolhida - chegar - acarinhada,1.0,False,Feeling welcomed
311,145,25,Q3,Que aspetos do cuidado prestado foram mais importantes para si?,2,2,VR Only,"Sim, este acolhimento caloroso, isso é muito positivo. Portanto, esta forma atenciosa com que pedem autorização para colocar os procedimentos, ou avisar que vai ser desagradável, ou pedir desculpa, tudo isso é muito humanizante.","Portanto, esta forma atenciosa com que pedem autorização para colocar os procedimentos, ou avisar que vai ser desagradável, ou pedir desculpa, tudo isso é muito humanizante.",forma atenciosa pedem autorização colocar procedimentos avisar vai desagradável pedir desculpa humanizante,12,True,True,,"Portanto, esta forma atenciosa com que pedem autorização para colocar os procedimentos, ou avisar que vai ser desagradável, ou pedir desculpa, tudo isso é muito humanizante.",1,1_pessoas_cuidado_doentes_todas,"['pessoas', 'cuidado', 'doentes', 'todas', 'simpático', 'tratada', 'preocupação', 'às', 'mundo simpático', 'outra enfermeira']","['Portanto, esta forma atenciosa com que pedem autorização para colocar os procedimentos, ou avisar que vai ser desagradável, ou pedir desculpa, tudo isso é muito humanizante.', 'Às vezes parece que das experiências que eu tive, não só da minha parte, mas do acompanhamento que fiz a outros doentes, nomeadamente os meus pais, Às vezes nós não sabermos se as pessoas estão a ser, no mínimo, profissionais, deixam-nos muito mais incertos.', 'O cuidado no detalhe, a preocupação com que sempre nos tratam, o rigor no trato das pessoas é muito importante e faz-nos sentir muito bem.']",pessoas - cuidado - doentes - todas - simpático - tratada - preocupação - às - mundo simpático - outra enfermeira,1.0,True,Compassionate and professional care
312,146,26,Q3,Que aspetos do cuidado prestado foram mais importantes para si?,1,3,Control,Pensava que ia ser mais rápido só.,Pensava que ia ser mais rápido só.,pensava ia rápido,3,True,True,,Pensava que ia ser mais rápido só.,6,6_tempo_espera_tempo espera_agora,"['tempo', 'espera', 'tempo espera', 'agora', 'minutos', 'vez', 'eventualmente', 'voltei', 'rápido', 'realidade']","['E depois passei o tempo todo à espera.', 'eventualmente sim este tempo de espera seria muito mais para mim sofreria mais porque estaria mais entregue a mim própria eventualmente e E a pensar não nos problemas e não em outras coisas, que foi o que aconteceu aqui.', 'O tempo de espera.']",tempo - espera - tempo espera - agora - minutos - vez - eventualmente - voltei - rápido - realidade,1.0,False,Waiting experience
314,147,27,Q3,Que aspetos do cuidado prestado foram mais importantes para si?,2,1,VR Art,"Não, tudo bom. Quero referenciar, de facto, a qualidade dos serviços que me têm sido prestados. A atenção, cuidado a explicar todas as situações, mesmo... quando perguntamos alguma coisa, a preocupação em esclarecer tudo com simpatia, com amabilidade, que é uma das coisas mais importantes destes momentos.","Quero referenciar, de facto, a qualidade dos serviços que me têm sido prestados.",quero referenciar facto qualidade serviços prestados,6,True,True,,"Quero referenciar, de facto, a qualidade dos serviços que me têm sido prestados.",1,1_pessoas_cuidado_doentes_todas,"['pessoas', 'cuidado', 'doentes', 'todas', 'simpático', 'tratada', 'preocupação', 'às', 'mundo simpático', 'outra enfermeira']","['Portanto, esta forma atenciosa com que pedem autorização para colocar os procedimentos, ou avisar que vai ser desagradável, ou pedir desculpa, tudo isso é muito humanizante.', 'Às vezes parece que das experiências que eu tive, não só da minha parte, mas do acompanhamento que fiz a outros doentes, nomeadamente os meus pais, Às vezes nós não sabermos se as pessoas estão a ser, no mínimo, profissionais, deixam-nos muito mais incertos.', 'O cuidado no detalhe, a preocupação com que sempre nos tratam, o rigor no trato das pessoas é muito importante e faz-nos sentir muito bem.']",pessoas - cuidado - doentes - todas - simpático - tratada - preocupação - às - mundo simpático - outra enfermeira,1.0,False,Compassionate and professional care
315,147,27,Q3,Que aspetos do cuidado prestado foram mais importantes para si?,3,1,VR Art,"Não, tudo bom. Quero referenciar, de facto, a qualidade dos serviços que me têm sido prestados. A atenção, cuidado a explicar todas as situações, mesmo... quando perguntamos alguma coisa, a preocupação em esclarecer tudo com simpatia, com amabilidade, que é uma das coisas mais importantes destes momentos.","A atenção, cuidado a explicar todas as situações, mesmo...",atenção cuidado explicar todas situações,5,True,True,,"A atenção, cuidado a explicar todas as situações, mesmo...",1,1_pessoas_cuidado_doentes_todas,"['pessoas', 'cuidado', 'doentes', 'todas', 'simpático', 'tratada', 'preocupação', 'às', 'mundo simpático', 'outra enfermeira']","['Portanto, esta forma atenciosa com que pedem autorização para colocar os procedimentos, ou avisar que vai ser desagradável, ou pedir desculpa, tudo isso é muito humanizante.', 'Às vezes parece que das experiências que eu tive, não só da minha parte, mas do acompanhamento que fiz a outros doentes, nomeadamente os meus pais, Às vezes nós não sabermos se as pessoas estão a ser, no mínimo, profissionais, deixam-nos muito mais incertos.', 'O cuidado no detalhe, a preocupação com que sempre nos tratam, o rigor no trato das pessoas é muito importante e faz-nos sentir muito bem.']",pessoas - cuidado - doentes - todas - simpático - tratada - preocupação - às - mundo simpático - outra enfermeira,1.0,False,Compassionate and professional care
316,147,27,Q3,Que aspetos do cuidado prestado foram mais importantes para si?,4,1,VR Art,"Não, tudo bom. Quero referenciar, de facto, a qualidade dos serviços que me têm sido prestados. A atenção, cuidado a explicar todas as situações, mesmo... quando perguntamos alguma coisa, a preocupação em esclarecer tudo com simpatia, com amabilidade, que é uma das coisas mais importantes destes momentos.","quando perguntamos alguma coisa, a preocupação em esclarecer tudo com simpatia, com amabilidade, que é uma das coisas mais importantes destes momentos.",perguntamos alguma preocupação esclarecer simpatia amabilidade importantes destes momentos,9,True,True,,"quando perguntamos alguma coisa, a preocupação em esclarecer tudo com simpatia, com amabilidade, que é uma das coisas mais importantes destes momentos.",1,1_pessoas_cuidado_doentes_todas,"['pessoas', 'cuidado', 'doentes', 'todas', 'simpático', 'tratada', 'preocupação', 'às', 'mundo simpático', 'outra enfermeira']","['Portanto, esta forma atenciosa com que pedem autorização para colocar os procedimentos, ou avisar que vai ser desagradável, ou pedir desculpa, tudo isso é muito humanizante.', 'Às vezes parece que das experiências que eu tive, não só da minha parte, mas do acompanhamento que fiz a outros doentes, nomeadamente os meus pais, Às vezes nós não sabermos se as pessoas estão a ser, no mínimo, profissionais, deixam-nos muito mais incertos.', 'O cuidado no detalhe, a preocupação com que sempre nos tratam, o rigor no trato das pessoas é muito importante e faz-nos sentir muito bem.']",pessoas - cuidado - doentes - todas - simpático - tratada - preocupação - às - mundo simpático - outra enfermeira,1.0,False,Compassionate and professional care
317,148,28,Q3,Que aspetos do cuidado prestado foram mais importantes para si?,1,2,VR Only,Bem tratada,Bem tratada,tratada,1,True,True,,Bem tratada,1,1_pessoas_cuidado_doentes_todas,"['pessoas', 'cuidado', 'doentes', 'todas', 'simpático', 'tratada', 'preocupação', 'às', 'mundo simpático', 'outra enfermeira']","['Portanto, esta forma atenciosa com que pedem autorização para colocar os procedimentos, ou avisar que vai ser desagradável, ou pedir desculpa, tudo isso é muito humanizante.', 'Às vezes parece que das experiências que eu tive, não só da minha parte, mas do acompanhamento que fiz a outros doentes, nomeadamente os meus pais, Às vezes nós não sabermos se as pessoas estão a ser, no mínimo, profissionais, deixam-nos muito mais incertos.', 'O cuidado no detalhe, a preocupação com que sempre nos tratam, o rigor no trato das pessoas é muito importante e faz-nos sentir muito bem.']",pessoas - cuidado - doentes - todas - simpático - tratada - preocupação - às - mundo simpático - outra enfermeira,1.0,False,Compassionate and professional care
318,149,29,Q3,Que aspetos do cuidado prestado foram mais importantes para si?,1,3,Control,"Não, sempre fui bem acolhida aqui.","Não, sempre fui bem acolhida aqui.",acolhida,1,True,True,,"Não, sempre fui bem acolhida aqui.",11,11_acolhida_acolhimento_acolhida acolhida_sentir,"['acolhida', 'acolhimento', 'acolhida acolhida', 'sentir', 'acolhida gente', 'cá acolhida', 'chegar cá', 'única acolhida', 'chegar', 'acarinhada']","['Não, sempre fui bem acolhida aqui.', 'Fui bem acolhida.', 'O facto de depois chegar cá e ser acolhida e de estar já em tratamento pré-operatório, sinto muito, muito bem acolhida.']",acolhida - acolhimento - acolhida acolhida - sentir - acolhida gente - cá acolhida - chegar cá - única acolhida - chegar - acarinhada,1.0,True,Feeling welcomed
319,151,31,Q3,Que aspetos do cuidado prestado foram mais importantes para si?,1,1,VR Art,Tem sido maravilhoso para mim.,Tem sido maravilhoso para mim.,maravilhoso mim,2,True,True,,Tem sido maravilhoso para mim.,7,7_manter_correu_positiva_manter positiva,"['manter', 'correu', 'positiva', 'manter positiva', 'dentro', 'positivo', 'normal', 'normal dentro', 'positivo razão', 'positiva neste']","['Bem, dentro do normal, bem, dentro das circunstâncias', 'Eu acho que é importante a pessoa manter-se positiva.', 'O esforço é manter-se sempre positiva e neste nível de positividade.']",manter - correu - positiva - manter positiva - dentro - positivo - normal - normal dentro - positivo razão - positiva neste,0.2517671186389974,False,Positive appraisal and optimism
320,152,32,Q3,Que aspetos do cuidado prestado foram mais importantes para si?,1,2,VR Only,Estou aqui para colaborar e para fazer o melhor possível. E é só isso.,Estou aqui para colaborar e para fazer o melhor possível.,colaborar fazer melhor possível,4,True,True,,Estou aqui para colaborar e para fazer o melhor possível.,4,4_cima_ir_sítio_abaixo,"['cima', 'ir', 'sítio', 'abaixo', 'outro sítio', 'outro', 'vamos', 'despachar', 'trabalho', 'quero despachar']","['Eu houve ali mal um sítio que nós vamos e parece que vamos cair.', 'obrigou-me a ir lá acima e depois vim cá abaixo e depois pude ir para cima.', 'No meu caso, porque quero despachar as coisas, quero mesmo despachar, e portanto não é totalmente transportar para aquele lado e não se lembrar do que é que vai.']",cima - ir - sítio - abaixo - outro sítio - outro - vamos - despachar - trabalho - quero despachar,0.0989082173518723,False,Movement and sense of place
323,154,34,Q3,Que aspetos do cuidado prestado foram mais importantes para si?,1,3,Control,"Foi importante, depois a outra enfermeira, quando colocou, com assertividade, porque a assertividade traz tranquilidade. Ela foi muito assertiva, não vacilou. Isso traz-nos tranquilidade. Também me trouxe tranquilidade ver o doutor David como vai operar. Uma amiga, que temos uma amiga comum, que é anestesista, também foi cá cumprimentar. São coisas que são amistosas e boas.","Foi importante, depois a outra enfermeira, quando colocou, com assertividade, porque a assertividade traz tranquilidade.",importante outra enfermeira colocou assertividade assertividade traz tranquilidade,8,True,True,,"Foi importante, depois a outra enfermeira, quando colocou, com assertividade, porque a assertividade traz tranquilidade.",1,1_pessoas_cuidado_doentes_todas,"['pessoas', 'cuidado', 'doentes', 'todas', 'simpático', 'tratada', 'preocupação', 'às', 'mundo simpático', 'outra enfermeira']","['Portanto, esta forma atenciosa com que pedem autorização para colocar os procedimentos, ou avisar que vai ser desagradável, ou pedir desculpa, tudo isso é muito humanizante.', 'Às vezes parece que das experiências que eu tive, não só da minha parte, mas do acompanhamento que fiz a outros doentes, nomeadamente os meus pais, Às vezes nós não sabermos se as pessoas estão a ser, no mínimo, profissionais, deixam-nos muito mais incertos.', 'O cuidado no detalhe, a preocupação com que sempre nos tratam, o rigor no trato das pessoas é muito importante e faz-nos sentir muito bem.']",pessoas - cuidado - doentes - todas - simpático - tratada - preocupação - às - mundo simpático - outra enfermeira,0.1043906509054555,False,Compassionate and professional care
324,154,34,Q3,Que aspetos do cuidado prestado foram mais importantes para si?,2,3,Control,"Foi importante, depois a outra enfermeira, quando colocou, com assertividade, porque a assertividade traz tranquilidade. Ela foi muito assertiva, não vacilou. Isso traz-nos tranquilidade. Também me trouxe tranquilidade ver o doutor David como vai operar. Uma amiga, que temos uma amiga comum, que é anestesista, também foi cá cumprimentar. São coisas que são amistosas e boas.","Ela foi muito assertiva, não vacilou.",assertiva vacilou,2,True,True,,"Ela foi muito assertiva, não vacilou.",1,1_pessoas_cuidado_doentes_todas,"['pessoas', 'cuidado', 'doentes', 'todas', 'simpático', 'tratada', 'preocupação', 'às', 'mundo simpático', 'outra enfermeira']","['Portanto, esta forma atenciosa com que pedem autorização para colocar os procedimentos, ou avisar que vai ser desagradável, ou pedir desculpa, tudo isso é muito humanizante.', 'Às vezes parece que das experiências que eu tive, não só da minha parte, mas do acompanhamento que fiz a outros doentes, nomeadamente os meus pais, Às vezes nós não sabermos se as pessoas estão a ser, no mínimo, profissionais, deixam-nos muito mais incertos.', 'O cuidado no detalhe, a preocupação com que sempre nos tratam, o rigor no trato das pessoas é muito importante e faz-nos sentir muito bem.']",pessoas - cuidado - doentes - todas - simpático - tratada - preocupação - às - mundo simpático - outra enfermeira,0.1140604174682669,False,Compassionate and professional care
325,154,34,Q3,Que aspetos do cuidado prestado foram mais importantes para si?,3,3,Control,"Foi importante, depois a outra enfermeira, quando colocou, com assertividade, porque a assertividade traz tranquilidade. Ela foi muito assertiva, não vacilou. Isso traz-nos tranquilidade. Também me trouxe tranquilidade ver o doutor David como vai operar. Uma amiga, que temos uma amiga comum, que é anestesista, também foi cá cumprimentar. São coisas que são amistosas e boas.",Isso traz-nos tranquilidade.,traz tranquilidade,2,True,True,,Isso traz-nos tranquilidade.,0,0_tranquila_calma_relaxada_sinto,"['tranquila', 'calma', 'relaxada', 'sinto', 'bocadinho', 'bocadinho calma', 'filme', 'sinto tranquila', 'imagens', 'tranquilidade']","['Um bocadinho mais calma.', 'um bocadinho mais calma.', 'Sim, sinto-me mais tranquila.']",tranquila - calma - relaxada - sinto - bocadinho - bocadinho calma - filme - sinto tranquila - imagens - tranquilidade,1.0,False,Calm and relaxation
326,154,34,Q3,Que aspetos do cuidado prestado foram mais importantes para si?,4,3,Control,"Foi importante, depois a outra enfermeira, quando colocou, com assertividade, porque a assertividade traz tranquilidade. Ela foi muito assertiva, não vacilou. Isso traz-nos tranquilidade. Também me trouxe tranquilidade ver o doutor David como vai operar. Uma amiga, que temos uma amiga comum, que é anestesista, também foi cá cumprimentar. São coisas que são amistosas e boas.",Também me trouxe tranquilidade ver o doutor David como vai operar.,trouxe tranquilidade ver doutor david vai operar,7,True,True,,Também me trouxe tranquilidade ver o doutor David como vai operar.,3,3_cirurgia_vai_fazer_pode depressa,"['cirurgia', 'vai', 'fazer', 'pode depressa', 'óculos', 'exame', 'doutor', 'sou', 'depressa', 'sei']","['A minha técnica consta em fazer uma revisão do que tenho para fazer depois da cirurgia e organizar os meus pensamentos, organizar os meus planos, de maneira a que não foque no que realmente me preocupa no imediato que vai acontecer.', 'É mesmo só essa ansiosa, ansiosa, pode mais depressa melhor, pode mais depressa isto, pode mais depressa sai, mas é mesmo, a preocupação é mesmo o cuidado e o pós, o que é que vai vir a seguir, vai correr tudo bem, é certo, mas não deixa de ser uma cirurgia, não deixa de ser...', 'durante o vídeo eu abstraí-me completamente do sítio onde estava estava completamente envolvida no vídeo após tirar os óculos senti-me um bocadinho mais calma mas como entretanto entrou o doutor Pedro o meu pensamento voltou outra vez para a cirurgia mas acho que o facto desse vídeo ser neste momento eu acho que sim que faz muito sentido principalmente para quem está com descansamentos']",cirurgia - vai - fazer - pode depressa - óculos - exame - doutor - sou - depressa - sei,0.2596825050931829,False,Surgical concerns and coping
327,154,34,Q3,Que aspetos do cuidado prestado foram mais importantes para si?,5,3,Control,"Foi importante, depois a outra enfermeira, quando colocou, com assertividade, porque a assertividade traz tranquilidade. Ela foi muito assertiva, não vacilou. Isso traz-nos tranquilidade. Também me trouxe tranquilidade ver o doutor David como vai operar. Uma amiga, que temos uma amiga comum, que é anestesista, também foi cá cumprimentar. São coisas que são amistosas e boas.","Uma amiga, que temos uma amiga comum, que é anestesista, também foi cá cumprimentar.",amiga temos amiga comum anestesista cá cumprimentar,7,True,True,,"Uma amiga, que temos uma amiga comum, que é anestesista, também foi cá cumprimentar.",1,1_pessoas_cuidado_doentes_todas,"['pessoas', 'cuidado', 'doentes', 'todas', 'simpático', 'tratada', 'preocupação', 'às', 'mundo simpático', 'outra enfermeira']","['Portanto, esta forma atenciosa com que pedem autorização para colocar os procedimentos, ou avisar que vai ser desagradável, ou pedir desculpa, tudo isso é muito humanizante.', 'Às vezes parece que das experiências que eu tive, não só da minha parte, mas do acompanhamento que fiz a outros doentes, nomeadamente os meus pais, Às vezes nós não sabermos se as pessoas estão a ser, no mínimo, profissionais, deixam-nos muito mais incertos.', 'O cuidado no detalhe, a preocupação com que sempre nos tratam, o rigor no trato das pessoas é muito importante e faz-nos sentir muito bem.']",pessoas - cuidado - doentes - todas - simpático - tratada - preocupação - às - mundo simpático - outra enfermeira,0.1757901182364722,False,Compassionate and professional care
328,154,34,Q3,Que aspetos do cuidado prestado foram mais importantes para si?,6,3,Control,"Foi importante, depois a outra enfermeira, quando colocou, com assertividade, porque a assertividade traz tranquilidade. Ela foi muito assertiva, não vacilou. Isso traz-nos tranquilidade. Também me trouxe tranquilidade ver o doutor David como vai operar. Uma amiga, que temos uma amiga comum, que é anestesista, também foi cá cumprimentar. São coisas que são amistosas e boas.",São coisas que são amistosas e boas.,amistosas boas,2,True,True,,São coisas que são amistosas e boas.,1,1_pessoas_cuidado_doentes_todas,"['pessoas', 'cuidado', 'doentes', 'todas', 'simpático', 'tratada', 'preocupação', 'às', 'mundo simpático', 'outra enfermeira']","['Portanto, esta forma atenciosa com que pedem autorização para colocar os procedimentos, ou avisar que vai ser desagradável, ou pedir desculpa, tudo isso é muito humanizante.', 'Às vezes parece que das experiências que eu tive, não só da minha parte, mas do acompanhamento que fiz a outros doentes, nomeadamente os meus pais, Às vezes nós não sabermos se as pessoas estão a ser, no mínimo, profissionais, deixam-nos muito mais incertos.', 'O cuidado no detalhe, a preocupação com que sempre nos tratam, o rigor no trato das pessoas é muito importante e faz-nos sentir muito bem.']",pessoas - cuidado - doentes - todas - simpático - tratada - preocupação - às - mundo simpático - outra enfermeira,0.2188131150768824,False,Compassionate and professional care
330,155,35,Q3,Que aspetos do cuidado prestado foram mais importantes para si?,2,1,VR Art,"Não, nada. Espetacular.",Espetacular.,espetacular,1,True,True,,Espetacular.,0,0_tranquila_calma_relaxada_sinto,"['tranquila', 'calma', 'relaxada', 'sinto', 'bocadinho', 'bocadinho calma', 'filme', 'sinto tranquila', 'imagens', 'tranquilidade']","['Um bocadinho mais calma.', 'um bocadinho mais calma.', 'Sim, sinto-me mais tranquila.']",tranquila - calma - relaxada - sinto - bocadinho - bocadinho calma - filme - sinto tranquila - imagens - tranquilidade,0.1561549453915624,False,Calm and relaxation
331,156,36,Q3,Que aspetos do cuidado prestado foram mais importantes para si?,1,3,Control,Toda a gente me acolheu.,Toda a gente me acolheu.,gente acolheu,2,True,True,,Toda a gente me acolheu.,11,11_acolhida_acolhimento_acolhida acolhida_sentir,"['acolhida', 'acolhimento', 'acolhida acolhida', 'sentir', 'acolhida gente', 'cá acolhida', 'chegar cá', 'única acolhida', 'chegar', 'acarinhada']","['Não, sempre fui bem acolhida aqui.', 'Fui bem acolhida.', 'O facto de depois chegar cá e ser acolhida e de estar já em tratamento pré-operatório, sinto muito, muito bem acolhida.']",acolhida - acolhimento - acolhida acolhida - sentir - acolhida gente - cá acolhida - chegar cá - única acolhida - chegar - acarinhada,1.0,False,Feeling welcomed
332,157,37,Q3,Que aspetos do cuidado prestado foram mais importantes para si?,1,2,VR Only,"Estou a sentir-me acolhida. Estou bem, não tenho assim nada a dizer.",Estou a sentir-me acolhida.,sentir acolhida,2,True,True,,Estou a sentir-me acolhida.,11,11_acolhida_acolhimento_acolhida acolhida_sentir,"['acolhida', 'acolhimento', 'acolhida acolhida', 'sentir', 'acolhida gente', 'cá acolhida', 'chegar cá', 'única acolhida', 'chegar', 'acarinhada']","['Não, sempre fui bem acolhida aqui.', 'Fui bem acolhida.', 'O facto de depois chegar cá e ser acolhida e de estar já em tratamento pré-operatório, sinto muito, muito bem acolhida.']",acolhida - acolhimento - acolhida acolhida - sentir - acolhida gente - cá acolhida - chegar cá - única acolhida - chegar - acarinhada,1.0,False,Feeling welcomed
336,159,39,Q3,Que aspetos do cuidado prestado foram mais importantes para si?,2,3,Control,Não. Tudo ótimo.,Tudo ótimo.,ótimo,1,True,True,,Tudo ótimo.,7,7_manter_correu_positiva_manter positiva,"['manter', 'correu', 'positiva', 'manter positiva', 'dentro', 'positivo', 'normal', 'normal dentro', 'positivo razão', 'positiva neste']","['Bem, dentro do normal, bem, dentro das circunstâncias', 'Eu acho que é importante a pessoa manter-se positiva.', 'O esforço é manter-se sempre positiva e neste nível de positividade.']",manter - correu - positiva - manter positiva - dentro - positivo - normal - normal dentro - positivo razão - positiva neste,1.0,False,Positive appraisal and optimism
338,161,41,Q3,Que aspetos do cuidado prestado foram mais importantes para si?,1,1,VR Art,Acho que fui tratada igual.,Acho que fui tratada igual.,tratada igual,2,True,True,,Acho que fui tratada igual.,1,1_pessoas_cuidado_doentes_todas,"['pessoas', 'cuidado', 'doentes', 'todas', 'simpático', 'tratada', 'preocupação', 'às', 'mundo simpático', 'outra enfermeira']","['Portanto, esta forma atenciosa com que pedem autorização para colocar os procedimentos, ou avisar que vai ser desagradável, ou pedir desculpa, tudo isso é muito humanizante.', 'Às vezes parece que das experiências que eu tive, não só da minha parte, mas do acompanhamento que fiz a outros doentes, nomeadamente os meus pais, Às vezes nós não sabermos se as pessoas estão a ser, no mínimo, profissionais, deixam-nos muito mais incertos.', 'O cuidado no detalhe, a preocupação com que sempre nos tratam, o rigor no trato das pessoas é muito importante e faz-nos sentir muito bem.']",pessoas - cuidado - doentes - todas - simpático - tratada - preocupação - às - mundo simpático - outra enfermeira,0.4640415979224856,False,Compassionate and professional care
339,162,42,Q3,Que aspetos do cuidado prestado foram mais importantes para si?,1,3,Control,"Sempr 10, sempre 10","Sempr 10, sempre 10",sempr,1,True,True,,"Sempr 10, sempre 10",8,8_cinco_estrelas_cinco estrelas_mesma,"['cinco', 'estrelas', 'cinco estrelas', 'mesma', 'seja', 'mudou', 'seja falar', 'significativo pensamento', 'sempr', 'similar']","['O acolhimento é cinco estrelas.', 'Não, cinco estrelas.', 'Não, acho que aqui são cinco estrelas.']",cinco - estrelas - cinco estrelas - mesma - seja - mudou - seja falar - significativo pensamento - sempr - similar,0.1387675902552527,False,No perceived change and brief appraisals
340,163,43,Q3,Que aspetos do cuidado prestado foram mais importantes para si?,1,2,VR Only,"Pois, o início, houve aquela tribulação nos timings que eu não tinha compreendido bem e que me provocou aqui uns picos e uns aumentos de ansiedade e de nervosismo. O facto de depois chegar cá e ser acolhida e de estar já em tratamento pré-operatório, sinto muito, muito bem acolhida. Muito bem.","Pois, o início, houve aquela tribulação nos timings que eu não tinha compreendido bem e que me provocou aqui uns picos e uns aumentos de ansiedade e de nervosismo.",início tribulação timings tinha compreendido provocou picos aumentos ansiedade nervosismo,10,True,True,,"Pois, o início, houve aquela tribulação nos timings que eu não tinha compreendido bem e que me provocou aqui uns picos e uns aumentos de ansiedade e de nervosismo.",9,9_ansiedade_ansiosa_bocadinho_nervosismo,"['ansiedade', 'ansiosa', 'bocadinho', 'nervosismo', 'bocadinho agitada', 'agitada', 'aumenta', 'ansiosa bocadinho', 'ansiedade nervosismo', 'durante']","['Não, quer dizer, como digo, à medida que se aproxima e ir para o bloco, a ansiedade aumenta e o receio de que algo possa correr mal também.', 'Durante estes 12 minutos estive a fazer aqui uma técnica própria que desenvolvi para não escalar a ansiedade durante o período que tenho de esperar até a entrada na sala de cirurgia.', 'sim, acho que sinto sinto um pouco mais de ansiedade acho eu, nada assim de extraordinário mas pronto, ficar aqui sozinha sem ninguém para falar ou para abstrair daqui acho que aumenta um bocadinho a ansiedade']",ansiedade - ansiosa - bocadinho - nervosismo - bocadinho agitada - agitada - aumenta - ansiosa bocadinho - ansiedade nervosismo - durante,1.0,False,Anxiety and nervousness
341,163,43,Q3,Que aspetos do cuidado prestado foram mais importantes para si?,2,2,VR Only,"Pois, o início, houve aquela tribulação nos timings que eu não tinha compreendido bem e que me provocou aqui uns picos e uns aumentos de ansiedade e de nervosismo. O facto de depois chegar cá e ser acolhida e de estar já em tratamento pré-operatório, sinto muito, muito bem acolhida. Muito bem.","O facto de depois chegar cá e ser acolhida e de estar já em tratamento pré-operatório, sinto muito, muito bem acolhida.",facto chegar cá acolhida tratamento pré operatório sinto acolhida,9,True,True,,"O facto de depois chegar cá e ser acolhida e de estar já em tratamento pré-operatório, sinto muito, muito bem acolhida.",11,11_acolhida_acolhimento_acolhida acolhida_sentir,"['acolhida', 'acolhimento', 'acolhida acolhida', 'sentir', 'acolhida gente', 'cá acolhida', 'chegar cá', 'única acolhida', 'chegar', 'acarinhada']","['Não, sempre fui bem acolhida aqui.', 'Fui bem acolhida.', 'O facto de depois chegar cá e ser acolhida e de estar já em tratamento pré-operatório, sinto muito, muito bem acolhida.']",acolhida - acolhimento - acolhida acolhida - sentir - acolhida gente - cá acolhida - chegar cá - única acolhida - chegar - acarinhada,1.0,True,Feeling welcomed
344,164,44,Q3,Que aspetos do cuidado prestado foram mais importantes para si?,2,1,VR Art,"Eu acho que não tenho nada a dizer. Normalmente é uma coisa boa. Correu tudo bem. Acho que foi tudo bem. As pessoas com quem encontrei, acho que foram todas muito atenciosas. Acho que sem parecer aquela coisa falsa ou exagerada, porque às vezes... Não, acho que foi tudo muito cordial e acho que foi tudo muito profissional e... E educado e simpático e não tenho nada, aliás, não tenho nada, só o seja, não tenho nada de mal, mas tenho tudo bem a dizer. Só se alentar, porque acho que sinto-me segura de estar aqui. Às vezes parece que das experiências que eu tive, não só da minha parte, mas do acompanhamento que fiz a outros doentes, nomeadamente os meus pais, Às vezes nós não sabermos se as pessoas estão a ser, no mínimo, profissionais, deixam-nos muito mais incertos. Não é de saber, pronto, será que alguém está a olhar? Será que alguém está a ver? Será que tem esse aspecto? Acho que é bom, é bom estar aqui. E estar noutros sítios, em grande circunstância, estou satisfeita com a minha escolha. Estou segura também. Que não estaria melhor em outro sítio.",Normalmente é uma coisa boa.,normalmente,1,True,True,,Normalmente é uma coisa boa.,7,7_manter_correu_positiva_manter positiva,"['manter', 'correu', 'positiva', 'manter positiva', 'dentro', 'positivo', 'normal', 'normal dentro', 'positivo razão', 'positiva neste']","['Bem, dentro do normal, bem, dentro das circunstâncias', 'Eu acho que é importante a pessoa manter-se positiva.', 'O esforço é manter-se sempre positiva e neste nível de positividade.']",manter - correu - positiva - manter positiva - dentro - positivo - normal - normal dentro - positivo razão - positiva neste,0.2168230288445189,False,Positive appraisal and optimism
345,164,44,Q3,Que aspetos do cuidado prestado foram mais importantes para si?,3,1,VR Art,"Eu acho que não tenho nada a dizer. Normalmente é uma coisa boa. Correu tudo bem. Acho que foi tudo bem. As pessoas com quem encontrei, acho que foram todas muito atenciosas. Acho que sem parecer aquela coisa falsa ou exagerada, porque às vezes... Não, acho que foi tudo muito cordial e acho que foi tudo muito profissional e... E educado e simpático e não tenho nada, aliás, não tenho nada, só o seja, não tenho nada de mal, mas tenho tudo bem a dizer. Só se alentar, porque acho que sinto-me segura de estar aqui. Às vezes parece que das experiências que eu tive, não só da minha parte, mas do acompanhamento que fiz a outros doentes, nomeadamente os meus pais, Às vezes nós não sabermos se as pessoas estão a ser, no mínimo, profissionais, deixam-nos muito mais incertos. Não é de saber, pronto, será que alguém está a olhar? Será que alguém está a ver? Será que tem esse aspecto? Acho que é bom, é bom estar aqui. E estar noutros sítios, em grande circunstância, estou satisfeita com a minha escolha. Estou segura também. Que não estaria melhor em outro sítio.",Correu tudo bem.,correu,1,True,True,,Correu tudo bem.,7,7_manter_correu_positiva_manter positiva,"['manter', 'correu', 'positiva', 'manter positiva', 'dentro', 'positivo', 'normal', 'normal dentro', 'positivo razão', 'positiva neste']","['Bem, dentro do normal, bem, dentro das circunstâncias', 'Eu acho que é importante a pessoa manter-se positiva.', 'O esforço é manter-se sempre positiva e neste nível de positividade.']",manter - correu - positiva - manter positiva - dentro - positivo - normal - normal dentro - positivo razão - positiva neste,1.0,False,Positive appraisal and optimism
347,164,44,Q3,Que aspetos do cuidado prestado foram mais importantes para si?,5,1,VR Art,"Eu acho que não tenho nada a dizer. Normalmente é uma coisa boa. Correu tudo bem. Acho que foi tudo bem. As pessoas com quem encontrei, acho que foram todas muito atenciosas. Acho que sem parecer aquela coisa falsa ou exagerada, porque às vezes... Não, acho que foi tudo muito cordial e acho que foi tudo muito profissional e... E educado e simpático e não tenho nada, aliás, não tenho nada, só o seja, não tenho nada de mal, mas tenho tudo bem a dizer. Só se alentar, porque acho que sinto-me segura de estar aqui. Às vezes parece que das experiências que eu tive, não só da minha parte, mas do acompanhamento que fiz a outros doentes, nomeadamente os meus pais, Às vezes nós não sabermos se as pessoas estão a ser, no mínimo, profissionais, deixam-nos muito mais incertos. Não é de saber, pronto, será que alguém está a olhar? Será que alguém está a ver? Será que tem esse aspecto? Acho que é bom, é bom estar aqui. E estar noutros sítios, em grande circunstância, estou satisfeita com a minha escolha. Estou segura também. Que não estaria melhor em outro sítio.","As pessoas com quem encontrei, acho que foram todas muito atenciosas.",pessoas encontrei todas atenciosas,4,True,True,,"As pessoas com quem encontrei, acho que foram todas muito atenciosas.",1,1_pessoas_cuidado_doentes_todas,"['pessoas', 'cuidado', 'doentes', 'todas', 'simpático', 'tratada', 'preocupação', 'às', 'mundo simpático', 'outra enfermeira']","['Portanto, esta forma atenciosa com que pedem autorização para colocar os procedimentos, ou avisar que vai ser desagradável, ou pedir desculpa, tudo isso é muito humanizante.', 'Às vezes parece que das experiências que eu tive, não só da minha parte, mas do acompanhamento que fiz a outros doentes, nomeadamente os meus pais, Às vezes nós não sabermos se as pessoas estão a ser, no mínimo, profissionais, deixam-nos muito mais incertos.', 'O cuidado no detalhe, a preocupação com que sempre nos tratam, o rigor no trato das pessoas é muito importante e faz-nos sentir muito bem.']",pessoas - cuidado - doentes - todas - simpático - tratada - preocupação - às - mundo simpático - outra enfermeira,0.2349942588396298,False,Compassionate and professional care
348,164,44,Q3,Que aspetos do cuidado prestado foram mais importantes para si?,6,1,VR Art,"Eu acho que não tenho nada a dizer. Normalmente é uma coisa boa. Correu tudo bem. Acho que foi tudo bem. As pessoas com quem encontrei, acho que foram todas muito atenciosas. Acho que sem parecer aquela coisa falsa ou exagerada, porque às vezes... Não, acho que foi tudo muito cordial e acho que foi tudo muito profissional e... E educado e simpático e não tenho nada, aliás, não tenho nada, só o seja, não tenho nada de mal, mas tenho tudo bem a dizer. Só se alentar, porque acho que sinto-me segura de estar aqui. Às vezes parece que das experiências que eu tive, não só da minha parte, mas do acompanhamento que fiz a outros doentes, nomeadamente os meus pais, Às vezes nós não sabermos se as pessoas estão a ser, no mínimo, profissionais, deixam-nos muito mais incertos. Não é de saber, pronto, será que alguém está a olhar? Será que alguém está a ver? Será que tem esse aspecto? Acho que é bom, é bom estar aqui. E estar noutros sítios, em grande circunstância, estou satisfeita com a minha escolha. Estou segura também. Que não estaria melhor em outro sítio.","Acho que sem parecer aquela coisa falsa ou exagerada, porque às vezes...",parecer falsa exagerada às vezes,5,True,True,,"Acho que sem parecer aquela coisa falsa ou exagerada, porque às vezes...",6,6_tempo_espera_tempo espera_agora,"['tempo', 'espera', 'tempo espera', 'agora', 'minutos', 'vez', 'eventualmente', 'voltei', 'rápido', 'realidade']","['E depois passei o tempo todo à espera.', 'eventualmente sim este tempo de espera seria muito mais para mim sofreria mais porque estaria mais entregue a mim própria eventualmente e E a pensar não nos problemas e não em outras coisas, que foi o que aconteceu aqui.', 'O tempo de espera.']",tempo - espera - tempo espera - agora - minutos - vez - eventualmente - voltei - rápido - realidade,0.169848483348911,False,Waiting experience
349,164,44,Q3,Que aspetos do cuidado prestado foram mais importantes para si?,7,1,VR Art,"Eu acho que não tenho nada a dizer. Normalmente é uma coisa boa. Correu tudo bem. Acho que foi tudo bem. As pessoas com quem encontrei, acho que foram todas muito atenciosas. Acho que sem parecer aquela coisa falsa ou exagerada, porque às vezes... Não, acho que foi tudo muito cordial e acho que foi tudo muito profissional e... E educado e simpático e não tenho nada, aliás, não tenho nada, só o seja, não tenho nada de mal, mas tenho tudo bem a dizer. Só se alentar, porque acho que sinto-me segura de estar aqui. Às vezes parece que das experiências que eu tive, não só da minha parte, mas do acompanhamento que fiz a outros doentes, nomeadamente os meus pais, Às vezes nós não sabermos se as pessoas estão a ser, no mínimo, profissionais, deixam-nos muito mais incertos. Não é de saber, pronto, será que alguém está a olhar? Será que alguém está a ver? Será que tem esse aspecto? Acho que é bom, é bom estar aqui. E estar noutros sítios, em grande circunstância, estou satisfeita com a minha escolha. Estou segura também. Que não estaria melhor em outro sítio.","Não, acho que foi tudo muito cordial e acho que foi tudo muito profissional e...",cordial profissional,2,True,True,,"Não, acho que foi tudo muito cordial e acho que foi tudo muito profissional e...",1,1_pessoas_cuidado_doentes_todas,"['pessoas', 'cuidado', 'doentes', 'todas', 'simpático', 'tratada', 'preocupação', 'às', 'mundo simpático', 'outra enfermeira']","['Portanto, esta forma atenciosa com que pedem autorização para colocar os procedimentos, ou avisar que vai ser desagradável, ou pedir desculpa, tudo isso é muito humanizante.', 'Às vezes parece que das experiências que eu tive, não só da minha parte, mas do acompanhamento que fiz a outros doentes, nomeadamente os meus pais, Às vezes nós não sabermos se as pessoas estão a ser, no mínimo, profissionais, deixam-nos muito mais incertos.', 'O cuidado no detalhe, a preocupação com que sempre nos tratam, o rigor no trato das pessoas é muito importante e faz-nos sentir muito bem.']",pessoas - cuidado - doentes - todas - simpático - tratada - preocupação - às - mundo simpático - outra enfermeira,0.570751960093785,False,Compassionate and professional care
350,164,44,Q3,Que aspetos do cuidado prestado foram mais importantes para si?,8,1,VR Art,"Eu acho que não tenho nada a dizer. Normalmente é uma coisa boa. Correu tudo bem. Acho que foi tudo bem. As pessoas com quem encontrei, acho que foram todas muito atenciosas. Acho que sem parecer aquela coisa falsa ou exagerada, porque às vezes... Não, acho que foi tudo muito cordial e acho que foi tudo muito profissional e... E educado e simpático e não tenho nada, aliás, não tenho nada, só o seja, não tenho nada de mal, mas tenho tudo bem a dizer. Só se alentar, porque acho que sinto-me segura de estar aqui. Às vezes parece que das experiências que eu tive, não só da minha parte, mas do acompanhamento que fiz a outros doentes, nomeadamente os meus pais, Às vezes nós não sabermos se as pessoas estão a ser, no mínimo, profissionais, deixam-nos muito mais incertos. Não é de saber, pronto, será que alguém está a olhar? Será que alguém está a ver? Será que tem esse aspecto? Acho que é bom, é bom estar aqui. E estar noutros sítios, em grande circunstância, estou satisfeita com a minha escolha. Estou segura também. Que não estaria melhor em outro sítio.","E educado e simpático e não tenho nada, aliás, não tenho nada, só o seja, não tenho nada de mal, mas tenho tudo bem a dizer.",educado simpático aliás seja mal,5,True,True,,"E educado e simpático e não tenho nada, aliás, não tenho nada, só o seja, não tenho nada de mal, mas tenho tudo bem a dizer.",1,1_pessoas_cuidado_doentes_todas,"['pessoas', 'cuidado', 'doentes', 'todas', 'simpático', 'tratada', 'preocupação', 'às', 'mundo simpático', 'outra enfermeira']","['Portanto, esta forma atenciosa com que pedem autorização para colocar os procedimentos, ou avisar que vai ser desagradável, ou pedir desculpa, tudo isso é muito humanizante.', 'Às vezes parece que das experiências que eu tive, não só da minha parte, mas do acompanhamento que fiz a outros doentes, nomeadamente os meus pais, Às vezes nós não sabermos se as pessoas estão a ser, no mínimo, profissionais, deixam-nos muito mais incertos.', 'O cuidado no detalhe, a preocupação com que sempre nos tratam, o rigor no trato das pessoas é muito importante e faz-nos sentir muito bem.']",pessoas - cuidado - doentes - todas - simpático - tratada - preocupação - às - mundo simpático - outra enfermeira,0.2034704358032174,False,Compassionate and professional care
351,164,44,Q3,Que aspetos do cuidado prestado foram mais importantes para si?,9,1,VR Art,"Eu acho que não tenho nada a dizer. Normalmente é uma coisa boa. Correu tudo bem. Acho que foi tudo bem. As pessoas com quem encontrei, acho que foram todas muito atenciosas. Acho que sem parecer aquela coisa falsa ou exagerada, porque às vezes... Não, acho que foi tudo muito cordial e acho que foi tudo muito profissional e... E educado e simpático e não tenho nada, aliás, não tenho nada, só o seja, não tenho nada de mal, mas tenho tudo bem a dizer. Só se alentar, porque acho que sinto-me segura de estar aqui. Às vezes parece que das experiências que eu tive, não só da minha parte, mas do acompanhamento que fiz a outros doentes, nomeadamente os meus pais, Às vezes nós não sabermos se as pessoas estão a ser, no mínimo, profissionais, deixam-nos muito mais incertos. Não é de saber, pronto, será que alguém está a olhar? Será que alguém está a ver? Será que tem esse aspecto? Acho que é bom, é bom estar aqui. E estar noutros sítios, em grande circunstância, estou satisfeita com a minha escolha. Estou segura também. Que não estaria melhor em outro sítio.","Só se alentar, porque acho que sinto-me segura de estar aqui.",alentar sinto segura,3,True,True,,"Só se alentar, porque acho que sinto-me segura de estar aqui.",0,0_tranquila_calma_relaxada_sinto,"['tranquila', 'calma', 'relaxada', 'sinto', 'bocadinho', 'bocadinho calma', 'filme', 'sinto tranquila', 'imagens', 'tranquilidade']","['Um bocadinho mais calma.', 'um bocadinho mais calma.', 'Sim, sinto-me mais tranquila.']",tranquila - calma - relaxada - sinto - bocadinho - bocadinho calma - filme - sinto tranquila - imagens - tranquilidade,1.0,False,Calm and relaxation
352,164,44,Q3,Que aspetos do cuidado prestado foram mais importantes para si?,10,1,VR Art,"Eu acho que não tenho nada a dizer. Normalmente é uma coisa boa. Correu tudo bem. Acho que foi tudo bem. As pessoas com quem encontrei, acho que foram todas muito atenciosas. Acho que sem parecer aquela coisa falsa ou exagerada, porque às vezes... Não, acho que foi tudo muito cordial e acho que foi tudo muito profissional e... E educado e simpático e não tenho nada, aliás, não tenho nada, só o seja, não tenho nada de mal, mas tenho tudo bem a dizer. Só se alentar, porque acho que sinto-me segura de estar aqui. Às vezes parece que das experiências que eu tive, não só da minha parte, mas do acompanhamento que fiz a outros doentes, nomeadamente os meus pais, Às vezes nós não sabermos se as pessoas estão a ser, no mínimo, profissionais, deixam-nos muito mais incertos. Não é de saber, pronto, será que alguém está a olhar? Será que alguém está a ver? Será que tem esse aspecto? Acho que é bom, é bom estar aqui. E estar noutros sítios, em grande circunstância, estou satisfeita com a minha escolha. Estou segura também. Que não estaria melhor em outro sítio.","Às vezes parece que das experiências que eu tive, não só da minha parte, mas do acompanhamento que fiz a outros doentes, nomeadamente os meus pais, Às vezes nós não sabermos se as pessoas estão a ser, no mínimo, profissionais, deixam-nos muito mais incertos.",às vezes parece experiências parte acompanhamento fiz outros doentes nomeadamente meus pais às vezes sabermos pessoas mínimo profissionais deixam incertos,20,True,True,,"Às vezes parece que das experiências que eu tive, não só da minha parte, mas do acompanhamento que fiz a outros doentes, nomeadamente os meus pais, Às vezes nós não sabermos se as pessoas estão a ser, no mínimo, profissionais, deixam-nos muito mais incertos.",1,1_pessoas_cuidado_doentes_todas,"['pessoas', 'cuidado', 'doentes', 'todas', 'simpático', 'tratada', 'preocupação', 'às', 'mundo simpático', 'outra enfermeira']","['Portanto, esta forma atenciosa com que pedem autorização para colocar os procedimentos, ou avisar que vai ser desagradável, ou pedir desculpa, tudo isso é muito humanizante.', 'Às vezes parece que das experiências que eu tive, não só da minha parte, mas do acompanhamento que fiz a outros doentes, nomeadamente os meus pais, Às vezes nós não sabermos se as pessoas estão a ser, no mínimo, profissionais, deixam-nos muito mais incertos.', 'O cuidado no detalhe, a preocupação com que sempre nos tratam, o rigor no trato das pessoas é muito importante e faz-nos sentir muito bem.']",pessoas - cuidado - doentes - todas - simpático - tratada - preocupação - às - mundo simpático - outra enfermeira,0.1554229893661109,True,Compassionate and professional care
353,164,44,Q3,Que aspetos do cuidado prestado foram mais importantes para si?,11,1,VR Art,"Eu acho que não tenho nada a dizer. Normalmente é uma coisa boa. Correu tudo bem. Acho que foi tudo bem. As pessoas com quem encontrei, acho que foram todas muito atenciosas. Acho que sem parecer aquela coisa falsa ou exagerada, porque às vezes... Não, acho que foi tudo muito cordial e acho que foi tudo muito profissional e... E educado e simpático e não tenho nada, aliás, não tenho nada, só o seja, não tenho nada de mal, mas tenho tudo bem a dizer. Só se alentar, porque acho que sinto-me segura de estar aqui. Às vezes parece que das experiências que eu tive, não só da minha parte, mas do acompanhamento que fiz a outros doentes, nomeadamente os meus pais, Às vezes nós não sabermos se as pessoas estão a ser, no mínimo, profissionais, deixam-nos muito mais incertos. Não é de saber, pronto, será que alguém está a olhar? Será que alguém está a ver? Será que tem esse aspecto? Acho que é bom, é bom estar aqui. E estar noutros sítios, em grande circunstância, estou satisfeita com a minha escolha. Estou segura também. Que não estaria melhor em outro sítio.","Não é de saber, pronto, será que alguém está a olhar?",saber será alguém olhar,4,True,True,,"Não é de saber, pronto, será que alguém está a olhar?",-1,-1_será_será alguém_alguém_família,"['será', 'será alguém', 'alguém', 'família', 'valia', 'saber será', 'saber', 'olhar será', 'olha acolhimento', 'olha']","['Olha, o acolhimento é excelente, mas esta experiência, no meu entender, é uma mais-valia.', 'Não é de saber, pronto, será que alguém está a olhar?', 'Será que alguém está a ver?']",será - será alguém - alguém - família - valia - saber será - saber - olhar será - olha acolhimento - olha,0.6443509818911658,True,Unassigned or mixed content
354,164,44,Q3,Que aspetos do cuidado prestado foram mais importantes para si?,12,1,VR Art,"Eu acho que não tenho nada a dizer. Normalmente é uma coisa boa. Correu tudo bem. Acho que foi tudo bem. As pessoas com quem encontrei, acho que foram todas muito atenciosas. Acho que sem parecer aquela coisa falsa ou exagerada, porque às vezes... Não, acho que foi tudo muito cordial e acho que foi tudo muito profissional e... E educado e simpático e não tenho nada, aliás, não tenho nada, só o seja, não tenho nada de mal, mas tenho tudo bem a dizer. Só se alentar, porque acho que sinto-me segura de estar aqui. Às vezes parece que das experiências que eu tive, não só da minha parte, mas do acompanhamento que fiz a outros doentes, nomeadamente os meus pais, Às vezes nós não sabermos se as pessoas estão a ser, no mínimo, profissionais, deixam-nos muito mais incertos. Não é de saber, pronto, será que alguém está a olhar? Será que alguém está a ver? Será que tem esse aspecto? Acho que é bom, é bom estar aqui. E estar noutros sítios, em grande circunstância, estou satisfeita com a minha escolha. Estou segura também. Que não estaria melhor em outro sítio.",Será que alguém está a ver?,será alguém ver,3,True,True,,Será que alguém está a ver?,-1,-1_será_será alguém_alguém_família,"['será', 'será alguém', 'alguém', 'família', 'valia', 'saber será', 'saber', 'olhar será', 'olha acolhimento', 'olha']","['Olha, o acolhimento é excelente, mas esta experiência, no meu entender, é uma mais-valia.', 'Não é de saber, pronto, será que alguém está a olhar?', 'Será que alguém está a ver?']",será - será alguém - alguém - família - valia - saber será - saber - olhar será - olha acolhimento - olha,0.6443509818911657,True,Unassigned or mixed content
355,164,44,Q3,Que aspetos do cuidado prestado foram mais importantes para si?,13,1,VR Art,"Eu acho que não tenho nada a dizer. Normalmente é uma coisa boa. Correu tudo bem. Acho que foi tudo bem. As pessoas com quem encontrei, acho que foram todas muito atenciosas. Acho que sem parecer aquela coisa falsa ou exagerada, porque às vezes... Não, acho que foi tudo muito cordial e acho que foi tudo muito profissional e... E educado e simpático e não tenho nada, aliás, não tenho nada, só o seja, não tenho nada de mal, mas tenho tudo bem a dizer. Só se alentar, porque acho que sinto-me segura de estar aqui. Às vezes parece que das experiências que eu tive, não só da minha parte, mas do acompanhamento que fiz a outros doentes, nomeadamente os meus pais, Às vezes nós não sabermos se as pessoas estão a ser, no mínimo, profissionais, deixam-nos muito mais incertos. Não é de saber, pronto, será que alguém está a olhar? Será que alguém está a ver? Será que tem esse aspecto? Acho que é bom, é bom estar aqui. E estar noutros sítios, em grande circunstância, estou satisfeita com a minha escolha. Estou segura também. Que não estaria melhor em outro sítio.",Será que tem esse aspecto?,será aspecto,2,True,True,,Será que tem esse aspecto?,-1,-1_será_será alguém_alguém_família,"['será', 'será alguém', 'alguém', 'família', 'valia', 'saber será', 'saber', 'olhar será', 'olha acolhimento', 'olha']","['Olha, o acolhimento é excelente, mas esta experiência, no meu entender, é uma mais-valia.', 'Não é de saber, pronto, será que alguém está a olhar?', 'Será que alguém está a ver?']",será - será alguém - alguém - família - valia - saber será - saber - olhar será - olha acolhimento - olha,0.6443509818911657,False,Unassigned or mixed content
357,164,44,Q3,Que aspetos do cuidado prestado foram mais importantes para si?,15,1,VR Art,"Eu acho que não tenho nada a dizer. Normalmente é uma coisa boa. Correu tudo bem. Acho que foi tudo bem. As pessoas com quem encontrei, acho que foram todas muito atenciosas. Acho que sem parecer aquela coisa falsa ou exagerada, porque às vezes... Não, acho que foi tudo muito cordial e acho que foi tudo muito profissional e... E educado e simpático e não tenho nada, aliás, não tenho nada, só o seja, não tenho nada de mal, mas tenho tudo bem a dizer. Só se alentar, porque acho que sinto-me segura de estar aqui. Às vezes parece que das experiências que eu tive, não só da minha parte, mas do acompanhamento que fiz a outros doentes, nomeadamente os meus pais, Às vezes nós não sabermos se as pessoas estão a ser, no mínimo, profissionais, deixam-nos muito mais incertos. Não é de saber, pronto, será que alguém está a olhar? Será que alguém está a ver? Será que tem esse aspecto? Acho que é bom, é bom estar aqui. E estar noutros sítios, em grande circunstância, estou satisfeita com a minha escolha. Estou segura também. Que não estaria melhor em outro sítio.","E estar noutros sítios, em grande circunstância, estou satisfeita com a minha escolha.",noutros sítios grande circunstância satisfeita escolha,6,True,True,,"E estar noutros sítios, em grande circunstância, estou satisfeita com a minha escolha.",4,4_cima_ir_sítio_abaixo,"['cima', 'ir', 'sítio', 'abaixo', 'outro sítio', 'outro', 'vamos', 'despachar', 'trabalho', 'quero despachar']","['Eu houve ali mal um sítio que nós vamos e parece que vamos cair.', 'obrigou-me a ir lá acima e depois vim cá abaixo e depois pude ir para cima.', 'No meu caso, porque quero despachar as coisas, quero mesmo despachar, e portanto não é totalmente transportar para aquele lado e não se lembrar do que é que vai.']",cima - ir - sítio - abaixo - outro sítio - outro - vamos - despachar - trabalho - quero despachar,1.0,False,Movement and sense of place
358,164,44,Q3,Que aspetos do cuidado prestado foram mais importantes para si?,16,1,VR Art,"Eu acho que não tenho nada a dizer. Normalmente é uma coisa boa. Correu tudo bem. Acho que foi tudo bem. As pessoas com quem encontrei, acho que foram todas muito atenciosas. Acho que sem parecer aquela coisa falsa ou exagerada, porque às vezes... Não, acho que foi tudo muito cordial e acho que foi tudo muito profissional e... E educado e simpático e não tenho nada, aliás, não tenho nada, só o seja, não tenho nada de mal, mas tenho tudo bem a dizer. Só se alentar, porque acho que sinto-me segura de estar aqui. Às vezes parece que das experiências que eu tive, não só da minha parte, mas do acompanhamento que fiz a outros doentes, nomeadamente os meus pais, Às vezes nós não sabermos se as pessoas estão a ser, no mínimo, profissionais, deixam-nos muito mais incertos. Não é de saber, pronto, será que alguém está a olhar? Será que alguém está a ver? Será que tem esse aspecto? Acho que é bom, é bom estar aqui. E estar noutros sítios, em grande circunstância, estou satisfeita com a minha escolha. Estou segura também. Que não estaria melhor em outro sítio.",Estou segura também.,segura,1,True,True,,Estou segura também.,0,0_tranquila_calma_relaxada_sinto,"['tranquila', 'calma', 'relaxada', 'sinto', 'bocadinho', 'bocadinho calma', 'filme', 'sinto tranquila', 'imagens', 'tranquilidade']","['Um bocadinho mais calma.', 'um bocadinho mais calma.', 'Sim, sinto-me mais tranquila.']",tranquila - calma - relaxada - sinto - bocadinho - bocadinho calma - filme - sinto tranquila - imagens - tranquilidade,1.0,False,Calm and relaxation
359,164,44,Q3,Que aspetos do cuidado prestado foram mais importantes para si?,17,1,VR Art,"Eu acho que não tenho nada a dizer. Normalmente é uma coisa boa. Correu tudo bem. Acho que foi tudo bem. As pessoas com quem encontrei, acho que foram todas muito atenciosas. Acho que sem parecer aquela coisa falsa ou exagerada, porque às vezes... Não, acho que foi tudo muito cordial e acho que foi tudo muito profissional e... E educado e simpático e não tenho nada, aliás, não tenho nada, só o seja, não tenho nada de mal, mas tenho tudo bem a dizer. Só se alentar, porque acho que sinto-me segura de estar aqui. Às vezes parece que das experiências que eu tive, não só da minha parte, mas do acompanhamento que fiz a outros doentes, nomeadamente os meus pais, Às vezes nós não sabermos se as pessoas estão a ser, no mínimo, profissionais, deixam-nos muito mais incertos. Não é de saber, pronto, será que alguém está a olhar? Será que alguém está a ver? Será que tem esse aspecto? Acho que é bom, é bom estar aqui. E estar noutros sítios, em grande circunstância, estou satisfeita com a minha escolha. Estou segura também. Que não estaria melhor em outro sítio.",Que não estaria melhor em outro sítio.,estaria melhor outro sítio,4,True,True,,Que não estaria melhor em outro sítio.,4,4_cima_ir_sítio_abaixo,"['cima', 'ir', 'sítio', 'abaixo', 'outro sítio', 'outro', 'vamos', 'despachar', 'trabalho', 'quero despachar']","['Eu houve ali mal um sítio que nós vamos e parece que vamos cair.', 'obrigou-me a ir lá acima e depois vim cá abaixo e depois pude ir para cima.', 'No meu caso, porque quero despachar as coisas, quero mesmo despachar, e portanto não é totalmente transportar para aquele lado e não se lembrar do que é que vai.']",cima - ir - sítio - abaixo - outro sítio - outro - vamos - despachar - trabalho - quero despachar,1.0,False,Movement and sense of place
361,166,46,Q3,Que aspetos do cuidado prestado foram mais importantes para si?,1,2,VR Only,"Não, tudo impecável como sempre, já é a sexta vez, portanto...","Não, tudo impecável como sempre, já é a sexta vez, portanto...",impecável sexta vez,3,True,True,,"Não, tudo impecável como sempre, já é a sexta vez, portanto...",6,6_tempo_espera_tempo espera_agora,"['tempo', 'espera', 'tempo espera', 'agora', 'minutos', 'vez', 'eventualmente', 'voltei', 'rápido', 'realidade']","['E depois passei o tempo todo à espera.', 'eventualmente sim este tempo de espera seria muito mais para mim sofreria mais porque estaria mais entregue a mim própria eventualmente e E a pensar não nos problemas e não em outras coisas, que foi o que aconteceu aqui.', 'O tempo de espera.']",tempo - espera - tempo espera - agora - minutos - vez - eventualmente - voltei - rápido - realidade,0.179220562911372,False,Waiting experience
362,167,47,Q3,Que aspetos do cuidado prestado foram mais importantes para si?,1,1,VR Art,Sempre isto aqui é outro sítio.,Sempre isto aqui é outro sítio.,outro sítio,2,True,True,,Sempre isto aqui é outro sítio.,4,4_cima_ir_sítio_abaixo,"['cima', 'ir', 'sítio', 'abaixo', 'outro sítio', 'outro', 'vamos', 'despachar', 'trabalho', 'quero despachar']","['Eu houve ali mal um sítio que nós vamos e parece que vamos cair.', 'obrigou-me a ir lá acima e depois vim cá abaixo e depois pude ir para cima.', 'No meu caso, porque quero despachar as coisas, quero mesmo despachar, e portanto não é totalmente transportar para aquele lado e não se lembrar do que é que vai.']",cima - ir - sítio - abaixo - outro sítio - outro - vamos - despachar - trabalho - quero despachar,1.0,False,Movement and sense of place
363,169,49,Q3,Que aspetos do cuidado prestado foram mais importantes para si?,1,2,VR Only,O tempo de espera. Isso não se pode dizer. Eu fiz um exame às nove e meia e a cirurgia era para ser às três e meia.,O tempo de espera.,tempo espera,2,True,True,,O tempo de espera.,6,6_tempo_espera_tempo espera_agora,"['tempo', 'espera', 'tempo espera', 'agora', 'minutos', 'vez', 'eventualmente', 'voltei', 'rápido', 'realidade']","['E depois passei o tempo todo à espera.', 'eventualmente sim este tempo de espera seria muito mais para mim sofreria mais porque estaria mais entregue a mim própria eventualmente e E a pensar não nos problemas e não em outras coisas, que foi o que aconteceu aqui.', 'O tempo de espera.']",tempo - espera - tempo espera - agora - minutos - vez - eventualmente - voltei - rápido - realidade,1.0,True,Waiting experience
364,169,49,Q3,Que aspetos do cuidado prestado foram mais importantes para si?,2,2,VR Only,O tempo de espera. Isso não se pode dizer. Eu fiz um exame às nove e meia e a cirurgia era para ser às três e meia.,Isso não se pode dizer.,pode,1,True,True,,Isso não se pode dizer.,8,8_cinco_estrelas_cinco estrelas_mesma,"['cinco', 'estrelas', 'cinco estrelas', 'mesma', 'seja', 'mudou', 'seja falar', 'significativo pensamento', 'sempr', 'similar']","['O acolhimento é cinco estrelas.', 'Não, cinco estrelas.', 'Não, acho que aqui são cinco estrelas.']",cinco - estrelas - cinco estrelas - mesma - seja - mudou - seja falar - significativo pensamento - sempr - similar,1.0,False,No perceived change and brief appraisals
365,169,49,Q3,Que aspetos do cuidado prestado foram mais importantes para si?,3,2,VR Only,O tempo de espera. Isso não se pode dizer. Eu fiz um exame às nove e meia e a cirurgia era para ser às três e meia.,Eu fiz um exame às nove e meia e a cirurgia era para ser às três e meia.,fiz exame às nove meia cirurgia às três meia,9,True,True,,Eu fiz um exame às nove e meia e a cirurgia era para ser às três e meia.,3,3_cirurgia_vai_fazer_pode depressa,"['cirurgia', 'vai', 'fazer', 'pode depressa', 'óculos', 'exame', 'doutor', 'sou', 'depressa', 'sei']","['A minha técnica consta em fazer uma revisão do que tenho para fazer depois da cirurgia e organizar os meus pensamentos, organizar os meus planos, de maneira a que não foque no que realmente me preocupa no imediato que vai acontecer.', 'É mesmo só essa ansiosa, ansiosa, pode mais depressa melhor, pode mais depressa isto, pode mais depressa sai, mas é mesmo, a preocupação é mesmo o cuidado e o pós, o que é que vai vir a seguir, vai correr tudo bem, é certo, mas não deixa de ser uma cirurgia, não deixa de ser...', 'durante o vídeo eu abstraí-me completamente do sítio onde estava estava completamente envolvida no vídeo após tirar os óculos senti-me um bocadinho mais calma mas como entretanto entrou o doutor Pedro o meu pensamento voltou outra vez para a cirurgia mas acho que o facto desse vídeo ser neste momento eu acho que sim que faz muito sentido principalmente para quem está com descansamentos']",cirurgia - vai - fazer - pode depressa - óculos - exame - doutor - sou - depressa - sei,1.0,False,Surgical concerns and coping
367,172,52,Q3,Que aspetos do cuidado prestado foram mais importantes para si?,1,2,VR Only,Fui bem acolhida.,Fui bem acolhida.,acolhida,1,True,True,,Fui bem acolhida.,11,11_acolhida_acolhimento_acolhida acolhida_sentir,"['acolhida', 'acolhimento', 'acolhida acolhida', 'sentir', 'acolhida gente', 'cá acolhida', 'chegar cá', 'única acolhida', 'chegar', 'acarinhada']","['Não, sempre fui bem acolhida aqui.', 'Fui bem acolhida.', 'O facto de depois chegar cá e ser acolhida e de estar já em tratamento pré-operatório, sinto muito, muito bem acolhida.']",acolhida - acolhimento - acolhida acolhida - sentir - acolhida gente - cá acolhida - chegar cá - única acolhida - chegar - acarinhada,1.0,True,Feeling welcomed
369,174,54,Q3,Que aspetos do cuidado prestado foram mais importantes para si?,1,2,VR Only,Está tudo perfeito.,Está tudo perfeito.,perfeito,1,True,True,,Está tudo perfeito.,7,7_manter_correu_positiva_manter positiva,"['manter', 'correu', 'positiva', 'manter positiva', 'dentro', 'positivo', 'normal', 'normal dentro', 'positivo razão', 'positiva neste']","['Bem, dentro do normal, bem, dentro das circunstâncias', 'Eu acho que é importante a pessoa manter-se positiva.', 'O esforço é manter-se sempre positiva e neste nível de positividade.']",manter - correu - positiva - manter positiva - dentro - positivo - normal - normal dentro - positivo razão - positiva neste,1.0,False,Positive appraisal and optimism
371,177,57,Q3,Que aspetos do cuidado prestado foram mais importantes para si?,1,2,VR Only,"Não, estou sempre bem cuidada desde que cheguei.","Não, estou sempre bem cuidada desde que cheguei.",cuidada desde cheguei,3,True,True,,"Não, estou sempre bem cuidada desde que cheguei.",10,10_sinto_sinto sinto_estável sinto_desde cheguei,"['sinto', 'sinto sinto', 'estável sinto', 'desde cheguei', 'sentindo sinto', 'quentinha cuidada', 'quentinha', 'fiquei sinto', 'sinto disposta', 'estável']","['Sinto bem.', 'Sinto-me bem.', 'Sinto-me bem, sinto-me estável.']",sinto - sinto sinto - estável sinto - desde cheguei - sentindo sinto - quentinha cuidada - quentinha - fiquei sinto - sinto disposta - estável,0.2281155862455596,False,Feeling well and stable
373,179,59,Q3,Que aspetos do cuidado prestado foram mais importantes para si?,1,1,VR Art,"Não, estou contente. Não tenho nada a reclamar.","Não, estou contente.",contente,1,True,True,,"Não, estou contente.",10,10_sinto_sinto sinto_estável sinto_desde cheguei,"['sinto', 'sinto sinto', 'estável sinto', 'desde cheguei', 'sentindo sinto', 'quentinha cuidada', 'quentinha', 'fiquei sinto', 'sinto disposta', 'estável']","['Sinto bem.', 'Sinto-me bem.', 'Sinto-me bem, sinto-me estável.']",sinto - sinto sinto - estável sinto - desde cheguei - sentindo sinto - quentinha cuidada - quentinha - fiquei sinto - sinto disposta - estável,0.5201101587530139,False,Feeling well and stable
374,179,59,Q3,Que aspetos do cuidado prestado foram mais importantes para si?,2,1,VR Art,"Não, estou contente. Não tenho nada a reclamar.",Não tenho nada a reclamar.,reclamar,1,True,True,,Não tenho nada a reclamar.,7,7_manter_correu_positiva_manter positiva,"['manter', 'correu', 'positiva', 'manter positiva', 'dentro', 'positivo', 'normal', 'normal dentro', 'positivo razão', 'positiva neste']","['Bem, dentro do normal, bem, dentro das circunstâncias', 'Eu acho que é importante a pessoa manter-se positiva.', 'O esforço é manter-se sempre positiva e neste nível de positividade.']",manter - correu - positiva - manter positiva - dentro - positivo - normal - normal dentro - positivo razão - positiva neste,1.0,False,Positive appraisal and optimism
375,180,60,Q3,Que aspetos do cuidado prestado foram mais importantes para si?,1,3,Control,Acho que é toda a gente muito amável e sensível ao meu estar.,Acho que é toda a gente muito amável e sensível ao meu estar.,gente amável sensível,3,True,True,,Acho que é toda a gente muito amável e sensível ao meu estar.,1,1_pessoas_cuidado_doentes_todas,"['pessoas', 'cuidado', 'doentes', 'todas', 'simpático', 'tratada', 'preocupação', 'às', 'mundo simpático', 'outra enfermeira']","['Portanto, esta forma atenciosa com que pedem autorização para colocar os procedimentos, ou avisar que vai ser desagradável, ou pedir desculpa, tudo isso é muito humanizante.', 'Às vezes parece que das experiências que eu tive, não só da minha parte, mas do acompanhamento que fiz a outros doentes, nomeadamente os meus pais, Às vezes nós não sabermos se as pessoas estão a ser, no mínimo, profissionais, deixam-nos muito mais incertos.', 'O cuidado no detalhe, a preocupação com que sempre nos tratam, o rigor no trato das pessoas é muito importante e faz-nos sentir muito bem.']",pessoas - cuidado - doentes - todas - simpático - tratada - preocupação - às - mundo simpático - outra enfermeira,0.2491285810647921,False,Compassionate and professional care
