document_id,response_id,participant_id,sentence_number,condition_number,condition_label,response,sentence,content_text,content_token_count,has_condition,included_in_model,exclusion_reason,Document,Topic,Name,Representation,Representative_Docs,Top_n_words,Probability,Representative_document
1,1,1,1,3,Control,Não tenho razão de queixa. foi tudo bom.,Não tenho razão de queixa.,razão queixa,2,True,True,,Não tenho razão de queixa.,0,0_senti_cinco_cinco estrelas_estrelas,"['senti', 'cinco', 'cinco estrelas', 'estrelas', 'razão queixa', 'falha', 'outra palavra', 'palavra', 'palavra usar', 'parecer']","['Acho que sem parecer aquela coisa falsa ou exagerada, porque às vezes...', 'Não, cinco estrelas.', 'Não, acho que aqui são cinco estrelas.']",senti - cinco - cinco estrelas - estrelas - razão queixa - falha - outra palavra - palavra - palavra usar - parecer,1.0,False
3,2,2,1,2,VR Only,"Com muita atenção, muita disponibilidade, com algum carinho ou muito carinho, muita preocupação. Não, acho que aqui são cinco estrelas.","Com muita atenção, muita disponibilidade, com algum carinho ou muito carinho, muita preocupação.",atenção disponibilidade carinho carinho preocupação,5,True,True,,"Com muita atenção, muita disponibilidade, com algum carinho ou muito carinho, muita preocupação.",3,3_cuidado_preocupação_atenção_carinho,"['cuidado', 'preocupação', 'atenção', 'carinho', 'alguma', 'situações perguntamos', 'relação humana', 'tratam rigor', 'todas situações', 'relação']","['Com muita atenção, muita disponibilidade, com algum carinho ou muito carinho, muita preocupação.', 'quando perguntamos alguma coisa, a preocupação em esclarecer tudo com simpatia, com amabilidade, que é uma das coisas mais importantes destes momentos.', 'O cuidado no detalhe, a preocupação com que sempre nos tratam, o rigor no trato das pessoas é muito importante e faz-nos sentir muito bem.']",cuidado - preocupação - atenção - carinho - alguma - situações perguntamos - relação humana - tratam rigor - todas situações - relação,1.0,True
4,2,2,2,2,VR Only,"Com muita atenção, muita disponibilidade, com algum carinho ou muito carinho, muita preocupação. Não, acho que aqui são cinco estrelas.","Não, acho que aqui são cinco estrelas.",cinco estrelas,2,True,True,,"Não, acho que aqui são cinco estrelas.",0,0_senti_cinco_cinco estrelas_estrelas,"['senti', 'cinco', 'cinco estrelas', 'estrelas', 'razão queixa', 'falha', 'outra palavra', 'palavra', 'palavra usar', 'parecer']","['Acho que sem parecer aquela coisa falsa ou exagerada, porque às vezes...', 'Não, cinco estrelas.', 'Não, acho que aqui são cinco estrelas.']",senti - cinco - cinco estrelas - estrelas - razão queixa - falha - outra palavra - palavra - palavra usar - parecer,0.269050055634586,True
5,3,3,1,1,VR Art,"Não, cinco estrelas. Não tenho nada a dizer, não. Acolhida, acolhida, acarinhada. 100%.","Não, cinco estrelas.",cinco estrelas,2,True,True,,"Não, cinco estrelas.",0,0_senti_cinco_cinco estrelas_estrelas,"['senti', 'cinco', 'cinco estrelas', 'estrelas', 'razão queixa', 'falha', 'outra palavra', 'palavra', 'palavra usar', 'parecer']","['Acho que sem parecer aquela coisa falsa ou exagerada, porque às vezes...', 'Não, cinco estrelas.', 'Não, acho que aqui são cinco estrelas.']",senti - cinco - cinco estrelas - estrelas - razão queixa - falha - outra palavra - palavra - palavra usar - parecer,0.3182394071368867,True
7,3,3,3,1,VR Art,"Não, cinco estrelas. Não tenho nada a dizer, não. Acolhida, acolhida, acarinhada. 100%.","Acolhida, acolhida, acarinhada.",acolhida acolhida acarinhada,3,True,True,,"Acolhida, acolhida, acarinhada.",1,1_acolhida_acolhida acolhida_sentir_acarinhada,"['acolhida', 'acolhida acolhida', 'sentir', 'acarinhada', 'única', 'acolhidos', 'acolhida acolhimento', 'cá acolhida', 'acolhida facto', 'acolhida gente']","['Não, sempre fui bem acolhida aqui.', 'Fui bem acolhida.', 'O facto de depois chegar cá e ser acolhida e de estar já em tratamento pré-operatório, sinto muito, muito bem acolhida.']",acolhida - acolhida acolhida - sentir - acarinhada - única - acolhidos - acolhida acolhimento - cá acolhida - acolhida facto - acolhida gente,0.2976759934280115,False
9,4,4,1,3,Control,"A atenciosidade de todas as pessoas. As pessoas apresentarem-se pelo nome. Acho que dá um caráter mais pessoal, mais personalizado. Serem todos muito cuidadosos. Acho que foi assim o que eu mais valorizei. A componente humana das pessoas.",A atenciosidade de todas as pessoas.,atenciosidade todas pessoas,3,True,True,,A atenciosidade de todas as pessoas.,5,5_pessoas_todas_amável_perguntando trataram,"['pessoas', 'todas', 'amável', 'perguntando trataram', 'humana pessoas', 'gente amável', 'componente', 'fazer pessoas', 'atenciosidade todas', 'encontrei todas']","['A atenciosidade de todas as pessoas.', 'As pessoas com quem encontrei, acho que foram todas muito atenciosas.', 'Todos me trataram bem, todos responderam às perguntas que eu tinha para fazer.']",pessoas - todas - amável - perguntando trataram - humana pessoas - gente amável - componente - fazer pessoas - atenciosidade todas - encontrei todas,1.0,True
10,4,4,2,3,Control,"A atenciosidade de todas as pessoas. As pessoas apresentarem-se pelo nome. Acho que dá um caráter mais pessoal, mais personalizado. Serem todos muito cuidadosos. Acho que foi assim o que eu mais valorizei. A componente humana das pessoas.",As pessoas apresentarem-se pelo nome.,pessoas apresentarem nome,3,True,True,,As pessoas apresentarem-se pelo nome.,-1,-1_melhor_amiga_vai_sítio,"['melhor', 'amiga', 'vai', 'sítio', 'pacientes', 'agradável', 'outro sítio', 'outro', 'operar', 'grande']","['Sempre acho que toda a pessoa que trabalha nesta instituição tem sempre uma delicadeza e um cuidado para tratar com os pacientes.', 'Portanto, esta forma atenciosa com que pedem autorização para colocar os procedimentos, ou avisar que vai ser desagradável, ou pedir desculpa, tudo isso é muito humanizante.', 'Às vezes parece que das experiências que eu tive, não só da minha parte, mas do acompanhamento que fiz a outros doentes, nomeadamente os meus pais, Às vezes nós não sabermos se as pessoas estão a ser, no mínimo, profissionais, deixam-nos muito mais incertos.']",melhor - amiga - vai - sítio - pacientes - agradável - outro sítio - outro - operar - grande,0.24694051643507453,False
11,4,4,3,3,Control,"A atenciosidade de todas as pessoas. As pessoas apresentarem-se pelo nome. Acho que dá um caráter mais pessoal, mais personalizado. Serem todos muito cuidadosos. Acho que foi assim o que eu mais valorizei. A componente humana das pessoas.","Acho que dá um caráter mais pessoal, mais personalizado.",dá caráter pessoal personalizado,4,True,True,,"Acho que dá um caráter mais pessoal, mais personalizado.",-1,-1_melhor_amiga_vai_sítio,"['melhor', 'amiga', 'vai', 'sítio', 'pacientes', 'agradável', 'outro sítio', 'outro', 'operar', 'grande']","['Sempre acho que toda a pessoa que trabalha nesta instituição tem sempre uma delicadeza e um cuidado para tratar com os pacientes.', 'Portanto, esta forma atenciosa com que pedem autorização para colocar os procedimentos, ou avisar que vai ser desagradável, ou pedir desculpa, tudo isso é muito humanizante.', 'Às vezes parece que das experiências que eu tive, não só da minha parte, mas do acompanhamento que fiz a outros doentes, nomeadamente os meus pais, Às vezes nós não sabermos se as pessoas estão a ser, no mínimo, profissionais, deixam-nos muito mais incertos.']",melhor - amiga - vai - sítio - pacientes - agradável - outro sítio - outro - operar - grande,0.5778571939410293,False
12,4,4,4,3,Control,"A atenciosidade de todas as pessoas. As pessoas apresentarem-se pelo nome. Acho que dá um caráter mais pessoal, mais personalizado. Serem todos muito cuidadosos. Acho que foi assim o que eu mais valorizei. A componente humana das pessoas.",Serem todos muito cuidadosos.,serem cuidadosos,2,True,True,,Serem todos muito cuidadosos.,3,3_cuidado_preocupação_atenção_carinho,"['cuidado', 'preocupação', 'atenção', 'carinho', 'alguma', 'situações perguntamos', 'relação humana', 'tratam rigor', 'todas situações', 'relação']","['Com muita atenção, muita disponibilidade, com algum carinho ou muito carinho, muita preocupação.', 'quando perguntamos alguma coisa, a preocupação em esclarecer tudo com simpatia, com amabilidade, que é uma das coisas mais importantes destes momentos.', 'O cuidado no detalhe, a preocupação com que sempre nos tratam, o rigor no trato das pessoas é muito importante e faz-nos sentir muito bem.']",cuidado - preocupação - atenção - carinho - alguma - situações perguntamos - relação humana - tratam rigor - todas situações - relação,1.0,False
13,4,4,5,3,Control,"A atenciosidade de todas as pessoas. As pessoas apresentarem-se pelo nome. Acho que dá um caráter mais pessoal, mais personalizado. Serem todos muito cuidadosos. Acho que foi assim o que eu mais valorizei. A componente humana das pessoas.",Acho que foi assim o que eu mais valorizei.,valorizei,1,True,True,,Acho que foi assim o que eu mais valorizei.,7,7_maravilhoso_realçar_realmente_positivo olha,"['maravilhoso', 'realçar', 'realmente', 'positivo olha', 'olha acolhimento', 'olha', 'mim', 'maravilhoso mim', 'realçar positivo', 'experiência entender']","['Tem sido maravilhoso para mim.', 'Olha, o acolhimento é excelente, mas esta experiência, no meu entender, é uma mais-valia.', 'E realmente aí há muito mais coisas a realçar de positivo.']",maravilhoso - realçar - realmente - positivo olha - olha acolhimento - olha - mim - maravilhoso mim - realçar positivo - experiência entender,1.0,False
14,4,4,6,3,Control,"A atenciosidade de todas as pessoas. As pessoas apresentarem-se pelo nome. Acho que dá um caráter mais pessoal, mais personalizado. Serem todos muito cuidadosos. Acho que foi assim o que eu mais valorizei. A componente humana das pessoas.",A componente humana das pessoas.,componente humana pessoas,3,True,True,,A componente humana das pessoas.,5,5_pessoas_todas_amável_perguntando trataram,"['pessoas', 'todas', 'amável', 'perguntando trataram', 'humana pessoas', 'gente amável', 'componente', 'fazer pessoas', 'atenciosidade todas', 'encontrei todas']","['A atenciosidade de todas as pessoas.', 'As pessoas com quem encontrei, acho que foram todas muito atenciosas.', 'Todos me trataram bem, todos responderam às perguntas que eu tinha para fazer.']",pessoas - todas - amável - perguntando trataram - humana pessoas - gente amável - componente - fazer pessoas - atenciosidade todas - encontrei todas,0.25402648244407805,False
15,5,5,1,2,VR Only,"Sim, todo o acolhimento é um acolhimento de excelência. O cuidado no detalhe, a preocupação com que sempre nos tratam, o rigor no trato das pessoas é muito importante e faz-nos sentir muito bem. Faz-nos sentir muito bem acolhidos.","Sim, todo o acolhimento é um acolhimento de excelência.",acolhimento acolhimento excelência,3,True,True,,"Sim, todo o acolhimento é um acolhimento de excelência.",-1,-1_melhor_amiga_vai_sítio,"['melhor', 'amiga', 'vai', 'sítio', 'pacientes', 'agradável', 'outro sítio', 'outro', 'operar', 'grande']","['Sempre acho que toda a pessoa que trabalha nesta instituição tem sempre uma delicadeza e um cuidado para tratar com os pacientes.', 'Portanto, esta forma atenciosa com que pedem autorização para colocar os procedimentos, ou avisar que vai ser desagradável, ou pedir desculpa, tudo isso é muito humanizante.', 'Às vezes parece que das experiências que eu tive, não só da minha parte, mas do acompanhamento que fiz a outros doentes, nomeadamente os meus pais, Às vezes nós não sabermos se as pessoas estão a ser, no mínimo, profissionais, deixam-nos muito mais incertos.']",melhor - amiga - vai - sítio - pacientes - agradável - outro sítio - outro - operar - grande,0.22637212213579794,False
16,5,5,2,2,VR Only,"Sim, todo o acolhimento é um acolhimento de excelência. O cuidado no detalhe, a preocupação com que sempre nos tratam, o rigor no trato das pessoas é muito importante e faz-nos sentir muito bem. Faz-nos sentir muito bem acolhidos.","O cuidado no detalhe, a preocupação com que sempre nos tratam, o rigor no trato das pessoas é muito importante e faz-nos sentir muito bem.",cuidado detalhe preocupação tratam rigor trato pessoas importante faz sentir,10,True,True,,"O cuidado no detalhe, a preocupação com que sempre nos tratam, o rigor no trato das pessoas é muito importante e faz-nos sentir muito bem.",3,3_cuidado_preocupação_atenção_carinho,"['cuidado', 'preocupação', 'atenção', 'carinho', 'alguma', 'situações perguntamos', 'relação humana', 'tratam rigor', 'todas situações', 'relação']","['Com muita atenção, muita disponibilidade, com algum carinho ou muito carinho, muita preocupação.', 'quando perguntamos alguma coisa, a preocupação em esclarecer tudo com simpatia, com amabilidade, que é uma das coisas mais importantes destes momentos.', 'O cuidado no detalhe, a preocupação com que sempre nos tratam, o rigor no trato das pessoas é muito importante e faz-nos sentir muito bem.']",cuidado - preocupação - atenção - carinho - alguma - situações perguntamos - relação humana - tratam rigor - todas situações - relação,0.2843707333489542,True
17,5,5,3,2,VR Only,"Sim, todo o acolhimento é um acolhimento de excelência. O cuidado no detalhe, a preocupação com que sempre nos tratam, o rigor no trato das pessoas é muito importante e faz-nos sentir muito bem. Faz-nos sentir muito bem acolhidos.",Faz-nos sentir muito bem acolhidos.,faz sentir acolhidos,3,True,True,,Faz-nos sentir muito bem acolhidos.,1,1_acolhida_acolhida acolhida_sentir_acarinhada,"['acolhida', 'acolhida acolhida', 'sentir', 'acarinhada', 'única', 'acolhidos', 'acolhida acolhimento', 'cá acolhida', 'acolhida facto', 'acolhida gente']","['Não, sempre fui bem acolhida aqui.', 'Fui bem acolhida.', 'O facto de depois chegar cá e ser acolhida e de estar já em tratamento pré-operatório, sinto muito, muito bem acolhida.']",acolhida - acolhida acolhida - sentir - acarinhada - única - acolhidos - acolhida acolhimento - cá acolhida - acolhida facto - acolhida gente,1.0,False
19,7,7,2,2,VR Only,"Acho que assim, eu fui... Todo mundo sempre muito simpático, sempre muito perguntando. Não teve uma coisa muito... Não me senti... Não tenho outra palavra para usar. Não me senti no açougue. É isso. Acontece muito em muitos hospitais simplesmente verem como um corpo, uma máquina que está ali para ser consertada. Então as pessoas olharam, perguntaram como eu estava me sentindo. Teve a preocupação quando eu falei que eu estava com espada e tal. Então teve toda uma...","Todo mundo sempre muito simpático, sempre muito perguntando.",mundo simpático perguntando,3,True,True,,"Todo mundo sempre muito simpático, sempre muito perguntando.",5,5_pessoas_todas_amável_perguntando trataram,"['pessoas', 'todas', 'amável', 'perguntando trataram', 'humana pessoas', 'gente amável', 'componente', 'fazer pessoas', 'atenciosidade todas', 'encontrei todas']","['A atenciosidade de todas as pessoas.', 'As pessoas com quem encontrei, acho que foram todas muito atenciosas.', 'Todos me trataram bem, todos responderam às perguntas que eu tinha para fazer.']",pessoas - todas - amável - perguntando trataram - humana pessoas - gente amável - componente - fazer pessoas - atenciosidade todas - encontrei todas,1.0,False
21,7,7,4,2,VR Only,"Acho que assim, eu fui... Todo mundo sempre muito simpático, sempre muito perguntando. Não teve uma coisa muito... Não me senti... Não tenho outra palavra para usar. Não me senti no açougue. É isso. Acontece muito em muitos hospitais simplesmente verem como um corpo, uma máquina que está ali para ser consertada. Então as pessoas olharam, perguntaram como eu estava me sentindo. Teve a preocupação quando eu falei que eu estava com espada e tal. Então teve toda uma...",Não me senti...,senti,1,True,True,,Não me senti...,0,0_senti_cinco_cinco estrelas_estrelas,"['senti', 'cinco', 'cinco estrelas', 'estrelas', 'razão queixa', 'falha', 'outra palavra', 'palavra', 'palavra usar', 'parecer']","['Acho que sem parecer aquela coisa falsa ou exagerada, porque às vezes...', 'Não, cinco estrelas.', 'Não, acho que aqui são cinco estrelas.']",senti - cinco - cinco estrelas - estrelas - razão queixa - falha - outra palavra - palavra - palavra usar - parecer,1.0,False
22,7,7,5,2,VR Only,"Acho que assim, eu fui... Todo mundo sempre muito simpático, sempre muito perguntando. Não teve uma coisa muito... Não me senti... Não tenho outra palavra para usar. Não me senti no açougue. É isso. Acontece muito em muitos hospitais simplesmente verem como um corpo, uma máquina que está ali para ser consertada. Então as pessoas olharam, perguntaram como eu estava me sentindo. Teve a preocupação quando eu falei que eu estava com espada e tal. Então teve toda uma...",Não tenho outra palavra para usar.,outra palavra usar,3,True,True,,Não tenho outra palavra para usar.,0,0_senti_cinco_cinco estrelas_estrelas,"['senti', 'cinco', 'cinco estrelas', 'estrelas', 'razão queixa', 'falha', 'outra palavra', 'palavra', 'palavra usar', 'parecer']","['Acho que sem parecer aquela coisa falsa ou exagerada, porque às vezes...', 'Não, cinco estrelas.', 'Não, acho que aqui são cinco estrelas.']",senti - cinco - cinco estrelas - estrelas - razão queixa - falha - outra palavra - palavra - palavra usar - parecer,1.0,False
23,7,7,6,2,VR Only,"Acho que assim, eu fui... Todo mundo sempre muito simpático, sempre muito perguntando. Não teve uma coisa muito... Não me senti... Não tenho outra palavra para usar. Não me senti no açougue. É isso. Acontece muito em muitos hospitais simplesmente verem como um corpo, uma máquina que está ali para ser consertada. Então as pessoas olharam, perguntaram como eu estava me sentindo. Teve a preocupação quando eu falei que eu estava com espada e tal. Então teve toda uma...",Não me senti no açougue.,senti açougue,2,True,True,,Não me senti no açougue.,0,0_senti_cinco_cinco estrelas_estrelas,"['senti', 'cinco', 'cinco estrelas', 'estrelas', 'razão queixa', 'falha', 'outra palavra', 'palavra', 'palavra usar', 'parecer']","['Acho que sem parecer aquela coisa falsa ou exagerada, porque às vezes...', 'Não, cinco estrelas.', 'Não, acho que aqui são cinco estrelas.']",senti - cinco - cinco estrelas - estrelas - razão queixa - falha - outra palavra - palavra - palavra usar - parecer,0.22218614781012883,False
25,7,7,8,2,VR Only,"Acho que assim, eu fui... Todo mundo sempre muito simpático, sempre muito perguntando. Não teve uma coisa muito... Não me senti... Não tenho outra palavra para usar. Não me senti no açougue. É isso. Acontece muito em muitos hospitais simplesmente verem como um corpo, uma máquina que está ali para ser consertada. Então as pessoas olharam, perguntaram como eu estava me sentindo. Teve a preocupação quando eu falei que eu estava com espada e tal. Então teve toda uma...","Acontece muito em muitos hospitais simplesmente verem como um corpo, uma máquina que está ali para ser consertada.",acontece hospitais verem corpo máquina ali consertada,7,True,True,,"Acontece muito em muitos hospitais simplesmente verem como um corpo, uma máquina que está ali para ser consertada.",-1,-1_melhor_amiga_vai_sítio,"['melhor', 'amiga', 'vai', 'sítio', 'pacientes', 'agradável', 'outro sítio', 'outro', 'operar', 'grande']","['Sempre acho que toda a pessoa que trabalha nesta instituição tem sempre uma delicadeza e um cuidado para tratar com os pacientes.', 'Portanto, esta forma atenciosa com que pedem autorização para colocar os procedimentos, ou avisar que vai ser desagradável, ou pedir desculpa, tudo isso é muito humanizante.', 'Às vezes parece que das experiências que eu tive, não só da minha parte, mas do acompanhamento que fiz a outros doentes, nomeadamente os meus pais, Às vezes nós não sabermos se as pessoas estão a ser, no mínimo, profissionais, deixam-nos muito mais incertos.']",melhor - amiga - vai - sítio - pacientes - agradável - outro sítio - outro - operar - grande,0.18464890446965931,False
26,7,7,9,2,VR Only,"Acho que assim, eu fui... Todo mundo sempre muito simpático, sempre muito perguntando. Não teve uma coisa muito... Não me senti... Não tenho outra palavra para usar. Não me senti no açougue. É isso. Acontece muito em muitos hospitais simplesmente verem como um corpo, uma máquina que está ali para ser consertada. Então as pessoas olharam, perguntaram como eu estava me sentindo. Teve a preocupação quando eu falei que eu estava com espada e tal. Então teve toda uma...","Então as pessoas olharam, perguntaram como eu estava me sentindo.",pessoas olharam perguntaram sentindo,4,True,True,,"Então as pessoas olharam, perguntaram como eu estava me sentindo.",6,6_será_será alguém_alguém_ver será,"['será', 'será alguém', 'alguém', 'ver será', 'perguntaram', 'tal', 'será aspecto', 'sentindo preocupação', 'sentindo', 'saber será']","['Teve a preocupação quando eu falei que eu estava com espada e tal.', 'Será que alguém está a ver?', 'Não é de saber, pronto, será que alguém está a olhar?']",será - será alguém - alguém - ver será - perguntaram - tal - será aspecto - sentindo preocupação - sentindo - saber será,1.0,False
27,7,7,10,2,VR Only,"Acho que assim, eu fui... Todo mundo sempre muito simpático, sempre muito perguntando. Não teve uma coisa muito... Não me senti... Não tenho outra palavra para usar. Não me senti no açougue. É isso. Acontece muito em muitos hospitais simplesmente verem como um corpo, uma máquina que está ali para ser consertada. Então as pessoas olharam, perguntaram como eu estava me sentindo. Teve a preocupação quando eu falei que eu estava com espada e tal. Então teve toda uma...",Teve a preocupação quando eu falei que eu estava com espada e tal.,preocupação falei espada tal,4,True,True,,Teve a preocupação quando eu falei que eu estava com espada e tal.,6,6_será_será alguém_alguém_ver será,"['será', 'será alguém', 'alguém', 'ver será', 'perguntaram', 'tal', 'será aspecto', 'sentindo preocupação', 'sentindo', 'saber será']","['Teve a preocupação quando eu falei que eu estava com espada e tal.', 'Será que alguém está a ver?', 'Não é de saber, pronto, será que alguém está a olhar?']",será - será alguém - alguém - ver será - perguntaram - tal - será aspecto - sentindo preocupação - sentindo - saber será,0.43608269016360085,True
29,12,12,1,1,VR Art,"Hoje não tive nada de especial, foi fazer o exame, a serigrafia, ou não sei quanto, é difícil dizer. E depois passei o tempo todo à espera. Estava dedicada para as 13. Não tem nada assim a... Foi normal o exame de manhã. Sempre com muito cuidado para picar. Mas, quer dizer, houve aí dias que eu tive 4, 5, 6 exames de fazer. E realmente aí há muito mais coisas a realçar de positivo. Hoje não. Hoje tive aquilo de manhã e depois fiquei à espera.","Hoje não tive nada de especial, foi fazer o exame, a serigrafia, ou não sei quanto, é difícil dizer.",hoje especial fazer exame serigrafia sei quanto difícil,8,True,True,,"Hoje não tive nada de especial, foi fazer o exame, a serigrafia, ou não sei quanto, é difícil dizer.",8,8_exame_meia_fazer_às,"['exame', 'meia', 'fazer', 'às', 'às três', 'serigrafia', 'fazer fiz', 'difícil', 'dias exames', 'dias']","['Mas, quer dizer, houve aí dias que eu tive 4, 5, 6 exames de fazer.', 'Eu fiz um exame às nove e meia e a cirurgia era para ser às três e meia.', 'Hoje não tive nada de especial, foi fazer o exame, a serigrafia, ou não sei quanto, é difícil dizer.']",exame - meia - fazer - às - às três - serigrafia - fazer fiz - difícil - dias exames - dias,1.0,True
30,12,12,2,1,VR Art,"Hoje não tive nada de especial, foi fazer o exame, a serigrafia, ou não sei quanto, é difícil dizer. E depois passei o tempo todo à espera. Estava dedicada para as 13. Não tem nada assim a... Foi normal o exame de manhã. Sempre com muito cuidado para picar. Mas, quer dizer, houve aí dias que eu tive 4, 5, 6 exames de fazer. E realmente aí há muito mais coisas a realçar de positivo. Hoje não. Hoje tive aquilo de manhã e depois fiquei à espera.",E depois passei o tempo todo à espera.,passei tempo espera,3,True,True,,E depois passei o tempo todo à espera.,4,4_espera_tempo espera_tempo_ansiedade,"['espera', 'tempo espera', 'tempo', 'ansiedade', 'pensava', 'nervosismo tempo', 'dedicada', 'dedicada hoje', 'desde primeira', 'espera dedicada']","['O tempo de espera.', 'E depois passei o tempo todo à espera.', 'Pois, o início, houve aquela tribulação nos timings que eu não tinha compreendido bem e que me provocou aqui uns picos e uns aumentos de ansiedade e de nervosismo.']",espera - tempo espera - tempo - ansiedade - pensava - nervosismo tempo - dedicada - dedicada hoje - desde primeira - espera dedicada,1.0,True
31,12,12,3,1,VR Art,"Hoje não tive nada de especial, foi fazer o exame, a serigrafia, ou não sei quanto, é difícil dizer. E depois passei o tempo todo à espera. Estava dedicada para as 13. Não tem nada assim a... Foi normal o exame de manhã. Sempre com muito cuidado para picar. Mas, quer dizer, houve aí dias que eu tive 4, 5, 6 exames de fazer. E realmente aí há muito mais coisas a realçar de positivo. Hoje não. Hoje tive aquilo de manhã e depois fiquei à espera.",Estava dedicada para as 13.,dedicada,1,True,True,,Estava dedicada para as 13.,4,4_espera_tempo espera_tempo_ansiedade,"['espera', 'tempo espera', 'tempo', 'ansiedade', 'pensava', 'nervosismo tempo', 'dedicada', 'dedicada hoje', 'desde primeira', 'espera dedicada']","['O tempo de espera.', 'E depois passei o tempo todo à espera.', 'Pois, o início, houve aquela tribulação nos timings que eu não tinha compreendido bem e que me provocou aqui uns picos e uns aumentos de ansiedade e de nervosismo.']",espera - tempo espera - tempo - ansiedade - pensava - nervosismo tempo - dedicada - dedicada hoje - desde primeira - espera dedicada,0.2955009905207844,False
33,12,12,5,1,VR Art,"Hoje não tive nada de especial, foi fazer o exame, a serigrafia, ou não sei quanto, é difícil dizer. E depois passei o tempo todo à espera. Estava dedicada para as 13. Não tem nada assim a... Foi normal o exame de manhã. Sempre com muito cuidado para picar. Mas, quer dizer, houve aí dias que eu tive 4, 5, 6 exames de fazer. E realmente aí há muito mais coisas a realçar de positivo. Hoje não. Hoje tive aquilo de manhã e depois fiquei à espera.",Foi normal o exame de manhã.,normal exame manhã,3,True,True,,Foi normal o exame de manhã.,8,8_exame_meia_fazer_às,"['exame', 'meia', 'fazer', 'às', 'às três', 'serigrafia', 'fazer fiz', 'difícil', 'dias exames', 'dias']","['Mas, quer dizer, houve aí dias que eu tive 4, 5, 6 exames de fazer.', 'Eu fiz um exame às nove e meia e a cirurgia era para ser às três e meia.', 'Hoje não tive nada de especial, foi fazer o exame, a serigrafia, ou não sei quanto, é difícil dizer.']",exame - meia - fazer - às - às três - serigrafia - fazer fiz - difícil - dias exames - dias,1.0,False
34,12,12,6,1,VR Art,"Hoje não tive nada de especial, foi fazer o exame, a serigrafia, ou não sei quanto, é difícil dizer. E depois passei o tempo todo à espera. Estava dedicada para as 13. Não tem nada assim a... Foi normal o exame de manhã. Sempre com muito cuidado para picar. Mas, quer dizer, houve aí dias que eu tive 4, 5, 6 exames de fazer. E realmente aí há muito mais coisas a realçar de positivo. Hoje não. Hoje tive aquilo de manhã e depois fiquei à espera.",Sempre com muito cuidado para picar.,cuidado picar,2,True,True,,Sempre com muito cuidado para picar.,3,3_cuidado_preocupação_atenção_carinho,"['cuidado', 'preocupação', 'atenção', 'carinho', 'alguma', 'situações perguntamos', 'relação humana', 'tratam rigor', 'todas situações', 'relação']","['Com muita atenção, muita disponibilidade, com algum carinho ou muito carinho, muita preocupação.', 'quando perguntamos alguma coisa, a preocupação em esclarecer tudo com simpatia, com amabilidade, que é uma das coisas mais importantes destes momentos.', 'O cuidado no detalhe, a preocupação com que sempre nos tratam, o rigor no trato das pessoas é muito importante e faz-nos sentir muito bem.']",cuidado - preocupação - atenção - carinho - alguma - situações perguntamos - relação humana - tratam rigor - todas situações - relação,1.0,False
35,12,12,7,1,VR Art,"Hoje não tive nada de especial, foi fazer o exame, a serigrafia, ou não sei quanto, é difícil dizer. E depois passei o tempo todo à espera. Estava dedicada para as 13. Não tem nada assim a... Foi normal o exame de manhã. Sempre com muito cuidado para picar. Mas, quer dizer, houve aí dias que eu tive 4, 5, 6 exames de fazer. E realmente aí há muito mais coisas a realçar de positivo. Hoje não. Hoje tive aquilo de manhã e depois fiquei à espera.","Mas, quer dizer, houve aí dias que eu tive 4, 5, 6 exames de fazer.",aí dias exames fazer,4,True,True,,"Mas, quer dizer, houve aí dias que eu tive 4, 5, 6 exames de fazer.",8,8_exame_meia_fazer_às,"['exame', 'meia', 'fazer', 'às', 'às três', 'serigrafia', 'fazer fiz', 'difícil', 'dias exames', 'dias']","['Mas, quer dizer, houve aí dias que eu tive 4, 5, 6 exames de fazer.', 'Eu fiz um exame às nove e meia e a cirurgia era para ser às três e meia.', 'Hoje não tive nada de especial, foi fazer o exame, a serigrafia, ou não sei quanto, é difícil dizer.']",exame - meia - fazer - às - às três - serigrafia - fazer fiz - difícil - dias exames - dias,1.0,True
36,12,12,8,1,VR Art,"Hoje não tive nada de especial, foi fazer o exame, a serigrafia, ou não sei quanto, é difícil dizer. E depois passei o tempo todo à espera. Estava dedicada para as 13. Não tem nada assim a... Foi normal o exame de manhã. Sempre com muito cuidado para picar. Mas, quer dizer, houve aí dias que eu tive 4, 5, 6 exames de fazer. E realmente aí há muito mais coisas a realçar de positivo. Hoje não. Hoje tive aquilo de manhã e depois fiquei à espera.",E realmente aí há muito mais coisas a realçar de positivo.,realmente aí realçar positivo,4,True,True,,E realmente aí há muito mais coisas a realçar de positivo.,7,7_maravilhoso_realçar_realmente_positivo olha,"['maravilhoso', 'realçar', 'realmente', 'positivo olha', 'olha acolhimento', 'olha', 'mim', 'maravilhoso mim', 'realçar positivo', 'experiência entender']","['Tem sido maravilhoso para mim.', 'Olha, o acolhimento é excelente, mas esta experiência, no meu entender, é uma mais-valia.', 'E realmente aí há muito mais coisas a realçar de positivo.']",maravilhoso - realçar - realmente - positivo olha - olha acolhimento - olha - mim - maravilhoso mim - realçar positivo - experiência entender,1.0,True
37,12,12,9,1,VR Art,"Hoje não tive nada de especial, foi fazer o exame, a serigrafia, ou não sei quanto, é difícil dizer. E depois passei o tempo todo à espera. Estava dedicada para as 13. Não tem nada assim a... Foi normal o exame de manhã. Sempre com muito cuidado para picar. Mas, quer dizer, houve aí dias que eu tive 4, 5, 6 exames de fazer. E realmente aí há muito mais coisas a realçar de positivo. Hoje não. Hoje tive aquilo de manhã e depois fiquei à espera.",Hoje não.,hoje,1,True,True,,Hoje não.,0,0_senti_cinco_cinco estrelas_estrelas,"['senti', 'cinco', 'cinco estrelas', 'estrelas', 'razão queixa', 'falha', 'outra palavra', 'palavra', 'palavra usar', 'parecer']","['Acho que sem parecer aquela coisa falsa ou exagerada, porque às vezes...', 'Não, cinco estrelas.', 'Não, acho que aqui são cinco estrelas.']",senti - cinco - cinco estrelas - estrelas - razão queixa - falha - outra palavra - palavra - palavra usar - parecer,0.3667484970681734,False
38,12,12,10,1,VR Art,"Hoje não tive nada de especial, foi fazer o exame, a serigrafia, ou não sei quanto, é difícil dizer. E depois passei o tempo todo à espera. Estava dedicada para as 13. Não tem nada assim a... Foi normal o exame de manhã. Sempre com muito cuidado para picar. Mas, quer dizer, houve aí dias que eu tive 4, 5, 6 exames de fazer. E realmente aí há muito mais coisas a realçar de positivo. Hoje não. Hoje tive aquilo de manhã e depois fiquei à espera.",Hoje tive aquilo de manhã e depois fiquei à espera.,hoje manhã fiquei espera,4,True,True,,Hoje tive aquilo de manhã e depois fiquei à espera.,4,4_espera_tempo espera_tempo_ansiedade,"['espera', 'tempo espera', 'tempo', 'ansiedade', 'pensava', 'nervosismo tempo', 'dedicada', 'dedicada hoje', 'desde primeira', 'espera dedicada']","['O tempo de espera.', 'E depois passei o tempo todo à espera.', 'Pois, o início, houve aquela tribulação nos timings que eu não tinha compreendido bem e que me provocou aqui uns picos e uns aumentos de ansiedade e de nervosismo.']",espera - tempo espera - tempo - ansiedade - pensava - nervosismo tempo - dedicada - dedicada hoje - desde primeira - espera dedicada,1.0,False
40,13,13,2,3,Control,Muito bom. Sempre acho que toda a pessoa que trabalha nesta instituição tem sempre uma delicadeza e um cuidado para tratar com os pacientes. E isso faz esta tranquilidade também.,Sempre acho que toda a pessoa que trabalha nesta instituição tem sempre uma delicadeza e um cuidado para tratar com os pacientes.,pessoa trabalha nesta instituição delicadeza cuidado tratar pacientes,8,True,True,,Sempre acho que toda a pessoa que trabalha nesta instituição tem sempre uma delicadeza e um cuidado para tratar com os pacientes.,-1,-1_melhor_amiga_vai_sítio,"['melhor', 'amiga', 'vai', 'sítio', 'pacientes', 'agradável', 'outro sítio', 'outro', 'operar', 'grande']","['Sempre acho que toda a pessoa que trabalha nesta instituição tem sempre uma delicadeza e um cuidado para tratar com os pacientes.', 'Portanto, esta forma atenciosa com que pedem autorização para colocar os procedimentos, ou avisar que vai ser desagradável, ou pedir desculpa, tudo isso é muito humanizante.', 'Às vezes parece que das experiências que eu tive, não só da minha parte, mas do acompanhamento que fiz a outros doentes, nomeadamente os meus pais, Às vezes nós não sabermos se as pessoas estão a ser, no mínimo, profissionais, deixam-nos muito mais incertos.']",melhor - amiga - vai - sítio - pacientes - agradável - outro sítio - outro - operar - grande,0.18464890446965954,True
41,13,13,3,3,Control,Muito bom. Sempre acho que toda a pessoa que trabalha nesta instituição tem sempre uma delicadeza e um cuidado para tratar com os pacientes. E isso faz esta tranquilidade também.,E isso faz esta tranquilidade também.,faz tranquilidade,2,True,True,,E isso faz esta tranquilidade também.,9,9_segura_tranquilidade_tranquilidade traz_tranquilidade alentar,"['segura', 'tranquilidade', 'tranquilidade traz', 'tranquilidade alentar', 'sinto segura', 'segura segura', 'faz tranquilidade', 'alentar sinto', 'alentar', 'traz']","['Isso traz-nos tranquilidade.', 'E isso faz esta tranquilidade também.', 'Só se alentar, porque acho que sinto-me segura de estar aqui.']",segura - tranquilidade - tranquilidade traz - tranquilidade alentar - sinto segura - segura segura - faz tranquilidade - alentar sinto - alentar - traz,1.0,True
42,14,14,1,1,VR Art,"tudo excelente.Foram todos muito atenciosos, totalmente excelentes.",tudo excelente.,excelente,1,True,True,,tudo excelente.,2,2_fantástico_correu_fantásticos_fantástico fantástico,"['fantástico', 'correu', 'fantásticos', 'fantástico fantástico', 'espetacular', 'correu perfeito', 'correu espetacular', 'fantástico normal', 'espetacular ótimo', 'excelente fantásticos']","['Correu tudo bem.', 'Correu tudo bem.', 'Foi fantástico, foi mesmo fantástico.']",fantástico - correu - fantásticos - fantástico fantástico - espetacular - correu perfeito - correu espetacular - fantástico normal - espetacular ótimo - excelente fantásticos,0.36668962947177597,False
43,14,14,2,1,VR Art,"tudo excelente.Foram todos muito atenciosos, totalmente excelentes.","Foram todos muito atenciosos, totalmente excelentes.",atenciosos totalmente excelentes,3,True,True,,"Foram todos muito atenciosos, totalmente excelentes.",-1,-1_melhor_amiga_vai_sítio,"['melhor', 'amiga', 'vai', 'sítio', 'pacientes', 'agradável', 'outro sítio', 'outro', 'operar', 'grande']","['Sempre acho que toda a pessoa que trabalha nesta instituição tem sempre uma delicadeza e um cuidado para tratar com os pacientes.', 'Portanto, esta forma atenciosa com que pedem autorização para colocar os procedimentos, ou avisar que vai ser desagradável, ou pedir desculpa, tudo isso é muito humanizante.', 'Às vezes parece que das experiências que eu tive, não só da minha parte, mas do acompanhamento que fiz a outros doentes, nomeadamente os meus pais, Às vezes nós não sabermos se as pessoas estão a ser, no mínimo, profissionais, deixam-nos muito mais incertos.']",melhor - amiga - vai - sítio - pacientes - agradável - outro sítio - outro - operar - grande,0.36584137748251266,False
44,15,15,1,2,VR Only,"Todos me trataram bem, todos responderam às perguntas que eu tinha para fazer. Acho que não houve nenhuma falha.","Todos me trataram bem, todos responderam às perguntas que eu tinha para fazer.",trataram responderam às perguntas tinha fazer,6,True,True,,"Todos me trataram bem, todos responderam às perguntas que eu tinha para fazer.",5,5_pessoas_todas_amável_perguntando trataram,"['pessoas', 'todas', 'amável', 'perguntando trataram', 'humana pessoas', 'gente amável', 'componente', 'fazer pessoas', 'atenciosidade todas', 'encontrei todas']","['A atenciosidade de todas as pessoas.', 'As pessoas com quem encontrei, acho que foram todas muito atenciosas.', 'Todos me trataram bem, todos responderam às perguntas que eu tinha para fazer.']",pessoas - todas - amável - perguntando trataram - humana pessoas - gente amável - componente - fazer pessoas - atenciosidade todas - encontrei todas,1.0,True
45,15,15,2,2,VR Only,"Todos me trataram bem, todos responderam às perguntas que eu tinha para fazer. Acho que não houve nenhuma falha.",Acho que não houve nenhuma falha.,nenhuma falha,2,True,True,,Acho que não houve nenhuma falha.,0,0_senti_cinco_cinco estrelas_estrelas,"['senti', 'cinco', 'cinco estrelas', 'estrelas', 'razão queixa', 'falha', 'outra palavra', 'palavra', 'palavra usar', 'parecer']","['Acho que sem parecer aquela coisa falsa ou exagerada, porque às vezes...', 'Não, cinco estrelas.', 'Não, acho que aqui são cinco estrelas.']",senti - cinco - cinco estrelas - estrelas - razão queixa - falha - outra palavra - palavra - palavra usar - parecer,0.468818372572296,False
46,16,16,1,3,Control,são todos fantásticos,são todos fantásticos,fantásticos,1,True,True,,são todos fantásticos,2,2_fantástico_correu_fantásticos_fantástico fantástico,"['fantástico', 'correu', 'fantásticos', 'fantástico fantástico', 'espetacular', 'correu perfeito', 'correu espetacular', 'fantástico normal', 'espetacular ótimo', 'excelente fantásticos']","['Correu tudo bem.', 'Correu tudo bem.', 'Foi fantástico, foi mesmo fantástico.']",fantástico - correu - fantásticos - fantástico fantástico - espetacular - correu perfeito - correu espetacular - fantástico normal - espetacular ótimo - excelente fantásticos,0.1716232803194842,False
47,17,17,1,1,VR Art,"Olha, o acolhimento é excelente, mas esta experiência, no meu entender, é uma mais-valia. Foi fantástico, foi mesmo fantástico.","Olha, o acolhimento é excelente, mas esta experiência, no meu entender, é uma mais-valia.",olha acolhimento excelente experiência entender valia,6,True,True,,"Olha, o acolhimento é excelente, mas esta experiência, no meu entender, é uma mais-valia.",7,7_maravilhoso_realçar_realmente_positivo olha,"['maravilhoso', 'realçar', 'realmente', 'positivo olha', 'olha acolhimento', 'olha', 'mim', 'maravilhoso mim', 'realçar positivo', 'experiência entender']","['Tem sido maravilhoso para mim.', 'Olha, o acolhimento é excelente, mas esta experiência, no meu entender, é uma mais-valia.', 'E realmente aí há muito mais coisas a realçar de positivo.']",maravilhoso - realçar - realmente - positivo olha - olha acolhimento - olha - mim - maravilhoso mim - realçar positivo - experiência entender,1.0,True
48,17,17,2,1,VR Art,"Olha, o acolhimento é excelente, mas esta experiência, no meu entender, é uma mais-valia. Foi fantástico, foi mesmo fantástico.","Foi fantástico, foi mesmo fantástico.",fantástico fantástico,2,True,True,,"Foi fantástico, foi mesmo fantástico.",2,2_fantástico_correu_fantásticos_fantástico fantástico,"['fantástico', 'correu', 'fantásticos', 'fantástico fantástico', 'espetacular', 'correu perfeito', 'correu espetacular', 'fantástico normal', 'espetacular ótimo', 'excelente fantásticos']","['Correu tudo bem.', 'Correu tudo bem.', 'Foi fantástico, foi mesmo fantástico.']",fantástico - correu - fantásticos - fantástico fantástico - espetacular - correu perfeito - correu espetacular - fantástico normal - espetacular ótimo - excelente fantásticos,0.1910438638356495,True
49,18,18,1,2,VR Only,A única coisa que eu tenho a dizer é que estou bem acolhida.,A única coisa que eu tenho a dizer é que estou bem acolhida.,única acolhida,2,True,True,,A única coisa que eu tenho a dizer é que estou bem acolhida.,1,1_acolhida_acolhida acolhida_sentir_acarinhada,"['acolhida', 'acolhida acolhida', 'sentir', 'acarinhada', 'única', 'acolhidos', 'acolhida acolhimento', 'cá acolhida', 'acolhida facto', 'acolhida gente']","['Não, sempre fui bem acolhida aqui.', 'Fui bem acolhida.', 'O facto de depois chegar cá e ser acolhida e de estar já em tratamento pré-operatório, sinto muito, muito bem acolhida.']",acolhida - acolhida acolhida - sentir - acarinhada - única - acolhidos - acolhida acolhimento - cá acolhida - acolhida facto - acolhida gente,1.0,False
50,19,19,1,2,VR Only,"a relação humana, a empatia e a constante presença. Nada, são fora de sério.","a relação humana, a empatia e a constante presença.",relação humana empatia constante presença,5,True,True,,"a relação humana, a empatia e a constante presença.",3,3_cuidado_preocupação_atenção_carinho,"['cuidado', 'preocupação', 'atenção', 'carinho', 'alguma', 'situações perguntamos', 'relação humana', 'tratam rigor', 'todas situações', 'relação']","['Com muita atenção, muita disponibilidade, com algum carinho ou muito carinho, muita preocupação.', 'quando perguntamos alguma coisa, a preocupação em esclarecer tudo com simpatia, com amabilidade, que é uma das coisas mais importantes destes momentos.', 'O cuidado no detalhe, a preocupação com que sempre nos tratam, o rigor no trato das pessoas é muito importante e faz-nos sentir muito bem.']",cuidado - preocupação - atenção - carinho - alguma - situações perguntamos - relação humana - tratam rigor - todas situações - relação,0.20107608131385796,False
51,19,19,2,2,VR Only,"a relação humana, a empatia e a constante presença. Nada, são fora de sério.","Nada, são fora de sério.",fora sério,2,True,True,,"Nada, são fora de sério.",0,0_senti_cinco_cinco estrelas_estrelas,"['senti', 'cinco', 'cinco estrelas', 'estrelas', 'razão queixa', 'falha', 'outra palavra', 'palavra', 'palavra usar', 'parecer']","['Acho que sem parecer aquela coisa falsa ou exagerada, porque às vezes...', 'Não, cinco estrelas.', 'Não, acho que aqui são cinco estrelas.']",senti - cinco - cinco estrelas - estrelas - razão queixa - falha - outra palavra - palavra - palavra usar - parecer,0.31604481142533675,False
52,20,20,1,3,Control,"Eu penso que todo mundo aqui é muito simpático e agradável e faz a experiência agradável, tranquila. Desde a primeira, porque está a terceira operação. A primeira operação, que era mais grande, eu estava nas nuvens da felicidade, que me iam operar.","Eu penso que todo mundo aqui é muito simpático e agradável e faz a experiência agradável, tranquila.",penso mundo simpático agradável faz experiência agradável tranquila,8,True,True,,"Eu penso que todo mundo aqui é muito simpático e agradável e faz a experiência agradável, tranquila.",-1,-1_melhor_amiga_vai_sítio,"['melhor', 'amiga', 'vai', 'sítio', 'pacientes', 'agradável', 'outro sítio', 'outro', 'operar', 'grande']","['Sempre acho que toda a pessoa que trabalha nesta instituição tem sempre uma delicadeza e um cuidado para tratar com os pacientes.', 'Portanto, esta forma atenciosa com que pedem autorização para colocar os procedimentos, ou avisar que vai ser desagradável, ou pedir desculpa, tudo isso é muito humanizante.', 'Às vezes parece que das experiências que eu tive, não só da minha parte, mas do acompanhamento que fiz a outros doentes, nomeadamente os meus pais, Às vezes nós não sabermos se as pessoas estão a ser, no mínimo, profissionais, deixam-nos muito mais incertos.']",melhor - amiga - vai - sítio - pacientes - agradável - outro sítio - outro - operar - grande,0.1683401462299885,False
53,20,20,2,3,Control,"Eu penso que todo mundo aqui é muito simpático e agradável e faz a experiência agradável, tranquila. Desde a primeira, porque está a terceira operação. A primeira operação, que era mais grande, eu estava nas nuvens da felicidade, que me iam operar.","Desde a primeira, porque está a terceira operação.",desde primeira terceira operação,4,True,True,,"Desde a primeira, porque está a terceira operação.",4,4_espera_tempo espera_tempo_ansiedade,"['espera', 'tempo espera', 'tempo', 'ansiedade', 'pensava', 'nervosismo tempo', 'dedicada', 'dedicada hoje', 'desde primeira', 'espera dedicada']","['O tempo de espera.', 'E depois passei o tempo todo à espera.', 'Pois, o início, houve aquela tribulação nos timings que eu não tinha compreendido bem e que me provocou aqui uns picos e uns aumentos de ansiedade e de nervosismo.']",espera - tempo espera - tempo - ansiedade - pensava - nervosismo tempo - dedicada - dedicada hoje - desde primeira - espera dedicada,0.2397695729913564,False
54,20,20,3,3,Control,"Eu penso que todo mundo aqui é muito simpático e agradável e faz a experiência agradável, tranquila. Desde a primeira, porque está a terceira operação. A primeira operação, que era mais grande, eu estava nas nuvens da felicidade, que me iam operar.","A primeira operação, que era mais grande, eu estava nas nuvens da felicidade, que me iam operar.",primeira operação grande nuvens felicidade iam operar,7,True,True,,"A primeira operação, que era mais grande, eu estava nas nuvens da felicidade, que me iam operar.",-1,-1_melhor_amiga_vai_sítio,"['melhor', 'amiga', 'vai', 'sítio', 'pacientes', 'agradável', 'outro sítio', 'outro', 'operar', 'grande']","['Sempre acho que toda a pessoa que trabalha nesta instituição tem sempre uma delicadeza e um cuidado para tratar com os pacientes.', 'Portanto, esta forma atenciosa com que pedem autorização para colocar os procedimentos, ou avisar que vai ser desagradável, ou pedir desculpa, tudo isso é muito humanizante.', 'Às vezes parece que das experiências que eu tive, não só da minha parte, mas do acompanhamento que fiz a outros doentes, nomeadamente os meus pais, Às vezes nós não sabermos se as pessoas estão a ser, no mínimo, profissionais, deixam-nos muito mais incertos.']",melhor - amiga - vai - sítio - pacientes - agradável - outro sítio - outro - operar - grande,0.019117546205313696,False
55,21,21,1,1,VR Art,Que é normal.,Que é normal.,normal,1,True,True,,Que é normal.,2,2_fantástico_correu_fantásticos_fantástico fantástico,"['fantástico', 'correu', 'fantásticos', 'fantástico fantástico', 'espetacular', 'correu perfeito', 'correu espetacular', 'fantástico normal', 'espetacular ótimo', 'excelente fantásticos']","['Correu tudo bem.', 'Correu tudo bem.', 'Foi fantástico, foi mesmo fantástico.']",fantástico - correu - fantásticos - fantástico fantástico - espetacular - correu perfeito - correu espetacular - fantástico normal - espetacular ótimo - excelente fantásticos,0.298202829253099,False
56,22,22,1,3,Control,"Correu tudo bem.Tudo bem, não tem nada a dizer. Bem tratada. As pessoas tratam muito bem os doentes, os pacientes. Mas tem de ser simplesmente bem tratado.",Correu tudo bem.,correu,1,True,True,,Correu tudo bem.,2,2_fantástico_correu_fantásticos_fantástico fantástico,"['fantástico', 'correu', 'fantásticos', 'fantástico fantástico', 'espetacular', 'correu perfeito', 'correu espetacular', 'fantástico normal', 'espetacular ótimo', 'excelente fantásticos']","['Correu tudo bem.', 'Correu tudo bem.', 'Foi fantástico, foi mesmo fantástico.']",fantástico - correu - fantásticos - fantástico fantástico - espetacular - correu perfeito - correu espetacular - fantástico normal - espetacular ótimo - excelente fantásticos,1.0,True
58,22,22,3,3,Control,"Correu tudo bem.Tudo bem, não tem nada a dizer. Bem tratada. As pessoas tratam muito bem os doentes, os pacientes. Mas tem de ser simplesmente bem tratado.",Bem tratada.,tratada,1,True,True,,Bem tratada.,10,10_tratada_tratado tratada_tratado_tratada tratado,"['tratada', 'tratado tratada', 'tratado', 'tratada tratado', 'tratada tratada', 'tratada igual', 'igual', '', '', '']","['Bem tratada', 'Acho que fui tratada igual.', 'Bem tratada.']",tratada - tratado tratada - tratado - tratada tratado - tratada tratada - tratada igual - igual -  -  - ,1.0,True
59,22,22,4,3,Control,"Correu tudo bem.Tudo bem, não tem nada a dizer. Bem tratada. As pessoas tratam muito bem os doentes, os pacientes. Mas tem de ser simplesmente bem tratado.","As pessoas tratam muito bem os doentes, os pacientes.",pessoas tratam doentes pacientes,4,True,True,,"As pessoas tratam muito bem os doentes, os pacientes.",-1,-1_melhor_amiga_vai_sítio,"['melhor', 'amiga', 'vai', 'sítio', 'pacientes', 'agradável', 'outro sítio', 'outro', 'operar', 'grande']","['Sempre acho que toda a pessoa que trabalha nesta instituição tem sempre uma delicadeza e um cuidado para tratar com os pacientes.', 'Portanto, esta forma atenciosa com que pedem autorização para colocar os procedimentos, ou avisar que vai ser desagradável, ou pedir desculpa, tudo isso é muito humanizante.', 'Às vezes parece que das experiências que eu tive, não só da minha parte, mas do acompanhamento que fiz a outros doentes, nomeadamente os meus pais, Às vezes nós não sabermos se as pessoas estão a ser, no mínimo, profissionais, deixam-nos muito mais incertos.']",melhor - amiga - vai - sítio - pacientes - agradável - outro sítio - outro - operar - grande,0.18464890446965931,False
60,22,22,5,3,Control,"Correu tudo bem.Tudo bem, não tem nada a dizer. Bem tratada. As pessoas tratam muito bem os doentes, os pacientes. Mas tem de ser simplesmente bem tratado.",Mas tem de ser simplesmente bem tratado.,tratado,1,True,True,,Mas tem de ser simplesmente bem tratado.,10,10_tratada_tratado tratada_tratado_tratada tratado,"['tratada', 'tratado tratada', 'tratado', 'tratada tratado', 'tratada tratada', 'tratada igual', 'igual', '', '', '']","['Bem tratada', 'Acho que fui tratada igual.', 'Bem tratada.']",tratada - tratado tratada - tratado - tratada tratado - tratada tratada - tratada igual - igual -  -  - ,1.0,False
61,24,24,1,1,VR Art,Acho que devem continuar.,Acho que devem continuar.,devem continuar,2,True,True,,Acho que devem continuar.,0,0_senti_cinco_cinco estrelas_estrelas,"['senti', 'cinco', 'cinco estrelas', 'estrelas', 'razão queixa', 'falha', 'outra palavra', 'palavra', 'palavra usar', 'parecer']","['Acho que sem parecer aquela coisa falsa ou exagerada, porque às vezes...', 'Não, cinco estrelas.', 'Não, acho que aqui são cinco estrelas.']",senti - cinco - cinco estrelas - estrelas - razão queixa - falha - outra palavra - palavra - palavra usar - parecer,0.13313407855593767,False
62,25,25,1,2,VR Only,"Sim, este acolhimento caloroso, isso é muito positivo. Portanto, esta forma atenciosa com que pedem autorização para colocar os procedimentos, ou avisar que vai ser desagradável, ou pedir desculpa, tudo isso é muito humanizante.","Sim, este acolhimento caloroso, isso é muito positivo.",acolhimento caloroso positivo,3,True,True,,"Sim, este acolhimento caloroso, isso é muito positivo.",1,1_acolhida_acolhida acolhida_sentir_acarinhada,"['acolhida', 'acolhida acolhida', 'sentir', 'acarinhada', 'única', 'acolhidos', 'acolhida acolhimento', 'cá acolhida', 'acolhida facto', 'acolhida gente']","['Não, sempre fui bem acolhida aqui.', 'Fui bem acolhida.', 'O facto de depois chegar cá e ser acolhida e de estar já em tratamento pré-operatório, sinto muito, muito bem acolhida.']",acolhida - acolhida acolhida - sentir - acarinhada - única - acolhidos - acolhida acolhimento - cá acolhida - acolhida facto - acolhida gente,0.2766167534609535,False
63,25,25,2,2,VR Only,"Sim, este acolhimento caloroso, isso é muito positivo. Portanto, esta forma atenciosa com que pedem autorização para colocar os procedimentos, ou avisar que vai ser desagradável, ou pedir desculpa, tudo isso é muito humanizante.","Portanto, esta forma atenciosa com que pedem autorização para colocar os procedimentos, ou avisar que vai ser desagradável, ou pedir desculpa, tudo isso é muito humanizante.",forma atenciosa pedem autorização colocar procedimentos avisar vai desagradável pedir desculpa humanizante,12,True,True,,"Portanto, esta forma atenciosa com que pedem autorização para colocar os procedimentos, ou avisar que vai ser desagradável, ou pedir desculpa, tudo isso é muito humanizante.",-1,-1_melhor_amiga_vai_sítio,"['melhor', 'amiga', 'vai', 'sítio', 'pacientes', 'agradável', 'outro sítio', 'outro', 'operar', 'grande']","['Sempre acho que toda a pessoa que trabalha nesta instituição tem sempre uma delicadeza e um cuidado para tratar com os pacientes.', 'Portanto, esta forma atenciosa com que pedem autorização para colocar os procedimentos, ou avisar que vai ser desagradável, ou pedir desculpa, tudo isso é muito humanizante.', 'Às vezes parece que das experiências que eu tive, não só da minha parte, mas do acompanhamento que fiz a outros doentes, nomeadamente os meus pais, Às vezes nós não sabermos se as pessoas estão a ser, no mínimo, profissionais, deixam-nos muito mais incertos.']",melhor - amiga - vai - sítio - pacientes - agradável - outro sítio - outro - operar - grande,0.15638104073992254,True
64,26,26,1,3,Control,Pensava que ia ser mais rápido só.,Pensava que ia ser mais rápido só.,pensava ia rápido,3,True,True,,Pensava que ia ser mais rápido só.,4,4_espera_tempo espera_tempo_ansiedade,"['espera', 'tempo espera', 'tempo', 'ansiedade', 'pensava', 'nervosismo tempo', 'dedicada', 'dedicada hoje', 'desde primeira', 'espera dedicada']","['O tempo de espera.', 'E depois passei o tempo todo à espera.', 'Pois, o início, houve aquela tribulação nos timings que eu não tinha compreendido bem e que me provocou aqui uns picos e uns aumentos de ansiedade e de nervosismo.']",espera - tempo espera - tempo - ansiedade - pensava - nervosismo tempo - dedicada - dedicada hoje - desde primeira - espera dedicada,1.0,False
66,27,27,2,1,VR Art,"Não, tudo bom. Quero referenciar, de facto, a qualidade dos serviços que me têm sido prestados. A atenção, cuidado a explicar todas as situações, mesmo... quando perguntamos alguma coisa, a preocupação em esclarecer tudo com simpatia, com amabilidade, que é uma das coisas mais importantes destes momentos.","Quero referenciar, de facto, a qualidade dos serviços que me têm sido prestados.",quero referenciar facto qualidade serviços prestados,6,True,True,,"Quero referenciar, de facto, a qualidade dos serviços que me têm sido prestados.",-1,-1_melhor_amiga_vai_sítio,"['melhor', 'amiga', 'vai', 'sítio', 'pacientes', 'agradável', 'outro sítio', 'outro', 'operar', 'grande']","['Sempre acho que toda a pessoa que trabalha nesta instituição tem sempre uma delicadeza e um cuidado para tratar com os pacientes.', 'Portanto, esta forma atenciosa com que pedem autorização para colocar os procedimentos, ou avisar que vai ser desagradável, ou pedir desculpa, tudo isso é muito humanizante.', 'Às vezes parece que das experiências que eu tive, não só da minha parte, mas do acompanhamento que fiz a outros doentes, nomeadamente os meus pais, Às vezes nós não sabermos se as pessoas estão a ser, no mínimo, profissionais, deixam-nos muito mais incertos.']",melhor - amiga - vai - sítio - pacientes - agradável - outro sítio - outro - operar - grande,0.16812038846246213,False
67,27,27,3,1,VR Art,"Não, tudo bom. Quero referenciar, de facto, a qualidade dos serviços que me têm sido prestados. A atenção, cuidado a explicar todas as situações, mesmo... quando perguntamos alguma coisa, a preocupação em esclarecer tudo com simpatia, com amabilidade, que é uma das coisas mais importantes destes momentos.","A atenção, cuidado a explicar todas as situações, mesmo...",atenção cuidado explicar todas situações,5,True,True,,"A atenção, cuidado a explicar todas as situações, mesmo...",3,3_cuidado_preocupação_atenção_carinho,"['cuidado', 'preocupação', 'atenção', 'carinho', 'alguma', 'situações perguntamos', 'relação humana', 'tratam rigor', 'todas situações', 'relação']","['Com muita atenção, muita disponibilidade, com algum carinho ou muito carinho, muita preocupação.', 'quando perguntamos alguma coisa, a preocupação em esclarecer tudo com simpatia, com amabilidade, que é uma das coisas mais importantes destes momentos.', 'O cuidado no detalhe, a preocupação com que sempre nos tratam, o rigor no trato das pessoas é muito importante e faz-nos sentir muito bem.']",cuidado - preocupação - atenção - carinho - alguma - situações perguntamos - relação humana - tratam rigor - todas situações - relação,1.0,False
68,27,27,4,1,VR Art,"Não, tudo bom. Quero referenciar, de facto, a qualidade dos serviços que me têm sido prestados. A atenção, cuidado a explicar todas as situações, mesmo... quando perguntamos alguma coisa, a preocupação em esclarecer tudo com simpatia, com amabilidade, que é uma das coisas mais importantes destes momentos.","quando perguntamos alguma coisa, a preocupação em esclarecer tudo com simpatia, com amabilidade, que é uma das coisas mais importantes destes momentos.",perguntamos alguma preocupação esclarecer simpatia amabilidade importantes destes momentos,9,True,True,,"quando perguntamos alguma coisa, a preocupação em esclarecer tudo com simpatia, com amabilidade, que é uma das coisas mais importantes destes momentos.",3,3_cuidado_preocupação_atenção_carinho,"['cuidado', 'preocupação', 'atenção', 'carinho', 'alguma', 'situações perguntamos', 'relação humana', 'tratam rigor', 'todas situações', 'relação']","['Com muita atenção, muita disponibilidade, com algum carinho ou muito carinho, muita preocupação.', 'quando perguntamos alguma coisa, a preocupação em esclarecer tudo com simpatia, com amabilidade, que é uma das coisas mais importantes destes momentos.', 'O cuidado no detalhe, a preocupação com que sempre nos tratam, o rigor no trato das pessoas é muito importante e faz-nos sentir muito bem.']",cuidado - preocupação - atenção - carinho - alguma - situações perguntamos - relação humana - tratam rigor - todas situações - relação,0.4423946698282451,True
69,28,28,1,2,VR Only,Bem tratada,Bem tratada,tratada,1,True,True,,Bem tratada,10,10_tratada_tratado tratada_tratado_tratada tratado,"['tratada', 'tratado tratada', 'tratado', 'tratada tratado', 'tratada tratada', 'tratada igual', 'igual', '', '', '']","['Bem tratada', 'Acho que fui tratada igual.', 'Bem tratada.']",tratada - tratado tratada - tratado - tratada tratado - tratada tratada - tratada igual - igual -  -  - ,1.0,True
70,29,29,1,3,Control,"Não, sempre fui bem acolhida aqui.","Não, sempre fui bem acolhida aqui.",acolhida,1,True,True,,"Não, sempre fui bem acolhida aqui.",1,1_acolhida_acolhida acolhida_sentir_acarinhada,"['acolhida', 'acolhida acolhida', 'sentir', 'acarinhada', 'única', 'acolhidos', 'acolhida acolhimento', 'cá acolhida', 'acolhida facto', 'acolhida gente']","['Não, sempre fui bem acolhida aqui.', 'Fui bem acolhida.', 'O facto de depois chegar cá e ser acolhida e de estar já em tratamento pré-operatório, sinto muito, muito bem acolhida.']",acolhida - acolhida acolhida - sentir - acarinhada - única - acolhidos - acolhida acolhimento - cá acolhida - acolhida facto - acolhida gente,1.0,True
71,31,31,1,1,VR Art,Tem sido maravilhoso para mim.,Tem sido maravilhoso para mim.,maravilhoso mim,2,True,True,,Tem sido maravilhoso para mim.,7,7_maravilhoso_realçar_realmente_positivo olha,"['maravilhoso', 'realçar', 'realmente', 'positivo olha', 'olha acolhimento', 'olha', 'mim', 'maravilhoso mim', 'realçar positivo', 'experiência entender']","['Tem sido maravilhoso para mim.', 'Olha, o acolhimento é excelente, mas esta experiência, no meu entender, é uma mais-valia.', 'E realmente aí há muito mais coisas a realçar de positivo.']",maravilhoso - realçar - realmente - positivo olha - olha acolhimento - olha - mim - maravilhoso mim - realçar positivo - experiência entender,1.0,True
72,32,32,1,2,VR Only,Estou aqui para colaborar e para fazer o melhor possível. E é só isso.,Estou aqui para colaborar e para fazer o melhor possível.,colaborar fazer melhor possível,4,True,True,,Estou aqui para colaborar e para fazer o melhor possível.,-1,-1_melhor_amiga_vai_sítio,"['melhor', 'amiga', 'vai', 'sítio', 'pacientes', 'agradável', 'outro sítio', 'outro', 'operar', 'grande']","['Sempre acho que toda a pessoa que trabalha nesta instituição tem sempre uma delicadeza e um cuidado para tratar com os pacientes.', 'Portanto, esta forma atenciosa com que pedem autorização para colocar os procedimentos, ou avisar que vai ser desagradável, ou pedir desculpa, tudo isso é muito humanizante.', 'Às vezes parece que das experiências que eu tive, não só da minha parte, mas do acompanhamento que fiz a outros doentes, nomeadamente os meus pais, Às vezes nós não sabermos se as pessoas estão a ser, no mínimo, profissionais, deixam-nos muito mais incertos.']",melhor - amiga - vai - sítio - pacientes - agradável - outro sítio - outro - operar - grande,0.1681203884624619,False
75,34,34,1,3,Control,"Foi importante, depois a outra enfermeira, quando colocou, com assertividade, porque a assertividade traz tranquilidade. Ela foi muito assertiva, não vacilou. Isso traz-nos tranquilidade. Também me trouxe tranquilidade ver o doutor David como vai operar. Uma amiga, que temos uma amiga comum, que é anestesista, também foi cá cumprimentar. São coisas que são amistosas e boas.","Foi importante, depois a outra enfermeira, quando colocou, com assertividade, porque a assertividade traz tranquilidade.",importante outra enfermeira colocou assertividade assertividade traz tranquilidade,8,True,True,,"Foi importante, depois a outra enfermeira, quando colocou, com assertividade, porque a assertividade traz tranquilidade.",-1,-1_melhor_amiga_vai_sítio,"['melhor', 'amiga', 'vai', 'sítio', 'pacientes', 'agradável', 'outro sítio', 'outro', 'operar', 'grande']","['Sempre acho que toda a pessoa que trabalha nesta instituição tem sempre uma delicadeza e um cuidado para tratar com os pacientes.', 'Portanto, esta forma atenciosa com que pedem autorização para colocar os procedimentos, ou avisar que vai ser desagradável, ou pedir desculpa, tudo isso é muito humanizante.', 'Às vezes parece que das experiências que eu tive, não só da minha parte, mas do acompanhamento que fiz a outros doentes, nomeadamente os meus pais, Às vezes nós não sabermos se as pessoas estão a ser, no mínimo, profissionais, deixam-nos muito mais incertos.']",melhor - amiga - vai - sítio - pacientes - agradável - outro sítio - outro - operar - grande,0.36184177949820806,False
76,34,34,2,3,Control,"Foi importante, depois a outra enfermeira, quando colocou, com assertividade, porque a assertividade traz tranquilidade. Ela foi muito assertiva, não vacilou. Isso traz-nos tranquilidade. Também me trouxe tranquilidade ver o doutor David como vai operar. Uma amiga, que temos uma amiga comum, que é anestesista, também foi cá cumprimentar. São coisas que são amistosas e boas.","Ela foi muito assertiva, não vacilou.",assertiva vacilou,2,True,True,,"Ela foi muito assertiva, não vacilou.",-1,-1_melhor_amiga_vai_sítio,"['melhor', 'amiga', 'vai', 'sítio', 'pacientes', 'agradável', 'outro sítio', 'outro', 'operar', 'grande']","['Sempre acho que toda a pessoa que trabalha nesta instituição tem sempre uma delicadeza e um cuidado para tratar com os pacientes.', 'Portanto, esta forma atenciosa com que pedem autorização para colocar os procedimentos, ou avisar que vai ser desagradável, ou pedir desculpa, tudo isso é muito humanizante.', 'Às vezes parece que das experiências que eu tive, não só da minha parte, mas do acompanhamento que fiz a outros doentes, nomeadamente os meus pais, Às vezes nós não sabermos se as pessoas estão a ser, no mínimo, profissionais, deixam-nos muito mais incertos.']",melhor - amiga - vai - sítio - pacientes - agradável - outro sítio - outro - operar - grande,0.6182171555030591,False
77,34,34,3,3,Control,"Foi importante, depois a outra enfermeira, quando colocou, com assertividade, porque a assertividade traz tranquilidade. Ela foi muito assertiva, não vacilou. Isso traz-nos tranquilidade. Também me trouxe tranquilidade ver o doutor David como vai operar. Uma amiga, que temos uma amiga comum, que é anestesista, também foi cá cumprimentar. São coisas que são amistosas e boas.",Isso traz-nos tranquilidade.,traz tranquilidade,2,True,True,,Isso traz-nos tranquilidade.,9,9_segura_tranquilidade_tranquilidade traz_tranquilidade alentar,"['segura', 'tranquilidade', 'tranquilidade traz', 'tranquilidade alentar', 'sinto segura', 'segura segura', 'faz tranquilidade', 'alentar sinto', 'alentar', 'traz']","['Isso traz-nos tranquilidade.', 'E isso faz esta tranquilidade também.', 'Só se alentar, porque acho que sinto-me segura de estar aqui.']",segura - tranquilidade - tranquilidade traz - tranquilidade alentar - sinto segura - segura segura - faz tranquilidade - alentar sinto - alentar - traz,1.0,True
78,34,34,4,3,Control,"Foi importante, depois a outra enfermeira, quando colocou, com assertividade, porque a assertividade traz tranquilidade. Ela foi muito assertiva, não vacilou. Isso traz-nos tranquilidade. Também me trouxe tranquilidade ver o doutor David como vai operar. Uma amiga, que temos uma amiga comum, que é anestesista, também foi cá cumprimentar. São coisas que são amistosas e boas.",Também me trouxe tranquilidade ver o doutor David como vai operar.,trouxe tranquilidade ver doutor david vai operar,7,True,True,,Também me trouxe tranquilidade ver o doutor David como vai operar.,-1,-1_melhor_amiga_vai_sítio,"['melhor', 'amiga', 'vai', 'sítio', 'pacientes', 'agradável', 'outro sítio', 'outro', 'operar', 'grande']","['Sempre acho que toda a pessoa que trabalha nesta instituição tem sempre uma delicadeza e um cuidado para tratar com os pacientes.', 'Portanto, esta forma atenciosa com que pedem autorização para colocar os procedimentos, ou avisar que vai ser desagradável, ou pedir desculpa, tudo isso é muito humanizante.', 'Às vezes parece que das experiências que eu tive, não só da minha parte, mas do acompanhamento que fiz a outros doentes, nomeadamente os meus pais, Às vezes nós não sabermos se as pessoas estão a ser, no mínimo, profissionais, deixam-nos muito mais incertos.']",melhor - amiga - vai - sítio - pacientes - agradável - outro sítio - outro - operar - grande,0.21723554707214887,False
79,34,34,5,3,Control,"Foi importante, depois a outra enfermeira, quando colocou, com assertividade, porque a assertividade traz tranquilidade. Ela foi muito assertiva, não vacilou. Isso traz-nos tranquilidade. Também me trouxe tranquilidade ver o doutor David como vai operar. Uma amiga, que temos uma amiga comum, que é anestesista, também foi cá cumprimentar. São coisas que são amistosas e boas.","Uma amiga, que temos uma amiga comum, que é anestesista, também foi cá cumprimentar.",amiga temos amiga comum anestesista cá cumprimentar,7,True,True,,"Uma amiga, que temos uma amiga comum, que é anestesista, também foi cá cumprimentar.",-1,-1_melhor_amiga_vai_sítio,"['melhor', 'amiga', 'vai', 'sítio', 'pacientes', 'agradável', 'outro sítio', 'outro', 'operar', 'grande']","['Sempre acho que toda a pessoa que trabalha nesta instituição tem sempre uma delicadeza e um cuidado para tratar com os pacientes.', 'Portanto, esta forma atenciosa com que pedem autorização para colocar os procedimentos, ou avisar que vai ser desagradável, ou pedir desculpa, tudo isso é muito humanizante.', 'Às vezes parece que das experiências que eu tive, não só da minha parte, mas do acompanhamento que fiz a outros doentes, nomeadamente os meus pais, Às vezes nós não sabermos se as pessoas estão a ser, no mínimo, profissionais, deixam-nos muito mais incertos.']",melhor - amiga - vai - sítio - pacientes - agradável - outro sítio - outro - operar - grande,0.6168600607092424,False
80,34,34,6,3,Control,"Foi importante, depois a outra enfermeira, quando colocou, com assertividade, porque a assertividade traz tranquilidade. Ela foi muito assertiva, não vacilou. Isso traz-nos tranquilidade. Também me trouxe tranquilidade ver o doutor David como vai operar. Uma amiga, que temos uma amiga comum, que é anestesista, também foi cá cumprimentar. São coisas que são amistosas e boas.",São coisas que são amistosas e boas.,amistosas boas,2,True,True,,São coisas que são amistosas e boas.,-1,-1_melhor_amiga_vai_sítio,"['melhor', 'amiga', 'vai', 'sítio', 'pacientes', 'agradável', 'outro sítio', 'outro', 'operar', 'grande']","['Sempre acho que toda a pessoa que trabalha nesta instituição tem sempre uma delicadeza e um cuidado para tratar com os pacientes.', 'Portanto, esta forma atenciosa com que pedem autorização para colocar os procedimentos, ou avisar que vai ser desagradável, ou pedir desculpa, tudo isso é muito humanizante.', 'Às vezes parece que das experiências que eu tive, não só da minha parte, mas do acompanhamento que fiz a outros doentes, nomeadamente os meus pais, Às vezes nós não sabermos se as pessoas estão a ser, no mínimo, profissionais, deixam-nos muito mais incertos.']",melhor - amiga - vai - sítio - pacientes - agradável - outro sítio - outro - operar - grande,0.16834014622998827,False
82,35,35,2,1,VR Art,"Não, nada. Espetacular.",Espetacular.,espetacular,1,True,True,,Espetacular.,2,2_fantástico_correu_fantásticos_fantástico fantástico,"['fantástico', 'correu', 'fantásticos', 'fantástico fantástico', 'espetacular', 'correu perfeito', 'correu espetacular', 'fantástico normal', 'espetacular ótimo', 'excelente fantásticos']","['Correu tudo bem.', 'Correu tudo bem.', 'Foi fantástico, foi mesmo fantástico.']",fantástico - correu - fantásticos - fantástico fantástico - espetacular - correu perfeito - correu espetacular - fantástico normal - espetacular ótimo - excelente fantásticos,0.17584883658976047,False
83,36,36,1,3,Control,Toda a gente me acolheu.,Toda a gente me acolheu.,gente acolheu,2,True,True,,Toda a gente me acolheu.,1,1_acolhida_acolhida acolhida_sentir_acarinhada,"['acolhida', 'acolhida acolhida', 'sentir', 'acarinhada', 'única', 'acolhidos', 'acolhida acolhimento', 'cá acolhida', 'acolhida facto', 'acolhida gente']","['Não, sempre fui bem acolhida aqui.', 'Fui bem acolhida.', 'O facto de depois chegar cá e ser acolhida e de estar já em tratamento pré-operatório, sinto muito, muito bem acolhida.']",acolhida - acolhida acolhida - sentir - acarinhada - única - acolhidos - acolhida acolhimento - cá acolhida - acolhida facto - acolhida gente,0.2763036732921937,False
84,37,37,1,2,VR Only,"Estou a sentir-me acolhida. Estou bem, não tenho assim nada a dizer.",Estou a sentir-me acolhida.,sentir acolhida,2,True,True,,Estou a sentir-me acolhida.,1,1_acolhida_acolhida acolhida_sentir_acarinhada,"['acolhida', 'acolhida acolhida', 'sentir', 'acarinhada', 'única', 'acolhidos', 'acolhida acolhimento', 'cá acolhida', 'acolhida facto', 'acolhida gente']","['Não, sempre fui bem acolhida aqui.', 'Fui bem acolhida.', 'O facto de depois chegar cá e ser acolhida e de estar já em tratamento pré-operatório, sinto muito, muito bem acolhida.']",acolhida - acolhida acolhida - sentir - acarinhada - única - acolhidos - acolhida acolhimento - cá acolhida - acolhida facto - acolhida gente,1.0,False
88,39,39,2,3,Control,Não. Tudo ótimo.,Tudo ótimo.,ótimo,1,True,True,,Tudo ótimo.,2,2_fantástico_correu_fantásticos_fantástico fantástico,"['fantástico', 'correu', 'fantásticos', 'fantástico fantástico', 'espetacular', 'correu perfeito', 'correu espetacular', 'fantástico normal', 'espetacular ótimo', 'excelente fantásticos']","['Correu tudo bem.', 'Correu tudo bem.', 'Foi fantástico, foi mesmo fantástico.']",fantástico - correu - fantásticos - fantástico fantástico - espetacular - correu perfeito - correu espetacular - fantástico normal - espetacular ótimo - excelente fantásticos,1.0,False
90,41,41,1,1,VR Art,Acho que fui tratada igual.,Acho que fui tratada igual.,tratada igual,2,True,True,,Acho que fui tratada igual.,10,10_tratada_tratado tratada_tratado_tratada tratado,"['tratada', 'tratado tratada', 'tratado', 'tratada tratado', 'tratada tratada', 'tratada igual', 'igual', '', '', '']","['Bem tratada', 'Acho que fui tratada igual.', 'Bem tratada.']",tratada - tratado tratada - tratado - tratada tratado - tratada tratada - tratada igual - igual -  -  - ,1.0,True
91,42,42,1,3,Control,"Sempr 10, sempre 10","Sempr 10, sempre 10",sempr,1,True,True,,"Sempr 10, sempre 10",-1,-1_melhor_amiga_vai_sítio,"['melhor', 'amiga', 'vai', 'sítio', 'pacientes', 'agradável', 'outro sítio', 'outro', 'operar', 'grande']","['Sempre acho que toda a pessoa que trabalha nesta instituição tem sempre uma delicadeza e um cuidado para tratar com os pacientes.', 'Portanto, esta forma atenciosa com que pedem autorização para colocar os procedimentos, ou avisar que vai ser desagradável, ou pedir desculpa, tudo isso é muito humanizante.', 'Às vezes parece que das experiências que eu tive, não só da minha parte, mas do acompanhamento que fiz a outros doentes, nomeadamente os meus pais, Às vezes nós não sabermos se as pessoas estão a ser, no mínimo, profissionais, deixam-nos muito mais incertos.']",melhor - amiga - vai - sítio - pacientes - agradável - outro sítio - outro - operar - grande,0.605425432412365,False
92,43,43,1,2,VR Only,"Pois, o início, houve aquela tribulação nos timings que eu não tinha compreendido bem e que me provocou aqui uns picos e uns aumentos de ansiedade e de nervosismo. O facto de depois chegar cá e ser acolhida e de estar já em tratamento pré-operatório, sinto muito, muito bem acolhida. Muito bem.","Pois, o início, houve aquela tribulação nos timings que eu não tinha compreendido bem e que me provocou aqui uns picos e uns aumentos de ansiedade e de nervosismo.",início tribulação timings tinha compreendido provocou picos aumentos ansiedade nervosismo,10,True,True,,"Pois, o início, houve aquela tribulação nos timings que eu não tinha compreendido bem e que me provocou aqui uns picos e uns aumentos de ansiedade e de nervosismo.",4,4_espera_tempo espera_tempo_ansiedade,"['espera', 'tempo espera', 'tempo', 'ansiedade', 'pensava', 'nervosismo tempo', 'dedicada', 'dedicada hoje', 'desde primeira', 'espera dedicada']","['O tempo de espera.', 'E depois passei o tempo todo à espera.', 'Pois, o início, houve aquela tribulação nos timings que eu não tinha compreendido bem e que me provocou aqui uns picos e uns aumentos de ansiedade e de nervosismo.']",espera - tempo espera - tempo - ansiedade - pensava - nervosismo tempo - dedicada - dedicada hoje - desde primeira - espera dedicada,0.47846903256299034,True
93,43,43,2,2,VR Only,"Pois, o início, houve aquela tribulação nos timings que eu não tinha compreendido bem e que me provocou aqui uns picos e uns aumentos de ansiedade e de nervosismo. O facto de depois chegar cá e ser acolhida e de estar já em tratamento pré-operatório, sinto muito, muito bem acolhida. Muito bem.","O facto de depois chegar cá e ser acolhida e de estar já em tratamento pré-operatório, sinto muito, muito bem acolhida.",facto chegar cá acolhida tratamento pré operatório sinto acolhida,9,True,True,,"O facto de depois chegar cá e ser acolhida e de estar já em tratamento pré-operatório, sinto muito, muito bem acolhida.",1,1_acolhida_acolhida acolhida_sentir_acarinhada,"['acolhida', 'acolhida acolhida', 'sentir', 'acarinhada', 'única', 'acolhidos', 'acolhida acolhimento', 'cá acolhida', 'acolhida facto', 'acolhida gente']","['Não, sempre fui bem acolhida aqui.', 'Fui bem acolhida.', 'O facto de depois chegar cá e ser acolhida e de estar já em tratamento pré-operatório, sinto muito, muito bem acolhida.']",acolhida - acolhida acolhida - sentir - acarinhada - única - acolhidos - acolhida acolhimento - cá acolhida - acolhida facto - acolhida gente,0.29212008454277116,True
96,44,44,2,1,VR Art,"Eu acho que não tenho nada a dizer. Normalmente é uma coisa boa. Correu tudo bem. Acho que foi tudo bem. As pessoas com quem encontrei, acho que foram todas muito atenciosas. Acho que sem parecer aquela coisa falsa ou exagerada, porque às vezes... Não, acho que foi tudo muito cordial e acho que foi tudo muito profissional e... E educado e simpático e não tenho nada, aliás, não tenho nada, só o seja, não tenho nada de mal, mas tenho tudo bem a dizer. Só se alentar, porque acho que sinto-me segura de estar aqui. Às vezes parece que das experiências que eu tive, não só da minha parte, mas do acompanhamento que fiz a outros doentes, nomeadamente os meus pais, Às vezes nós não sabermos se as pessoas estão a ser, no mínimo, profissionais, deixam-nos muito mais incertos. Não é de saber, pronto, será que alguém está a olhar? Será que alguém está a ver? Será que tem esse aspecto? Acho que é bom, é bom estar aqui. E estar noutros sítios, em grande circunstância, estou satisfeita com a minha escolha. Estou segura também. Que não estaria melhor em outro sítio.",Normalmente é uma coisa boa.,normalmente,1,True,True,,Normalmente é uma coisa boa.,2,2_fantástico_correu_fantásticos_fantástico fantástico,"['fantástico', 'correu', 'fantásticos', 'fantástico fantástico', 'espetacular', 'correu perfeito', 'correu espetacular', 'fantástico normal', 'espetacular ótimo', 'excelente fantásticos']","['Correu tudo bem.', 'Correu tudo bem.', 'Foi fantástico, foi mesmo fantástico.']",fantástico - correu - fantásticos - fantástico fantástico - espetacular - correu perfeito - correu espetacular - fantástico normal - espetacular ótimo - excelente fantásticos,0.2203944596680207,False
97,44,44,3,1,VR Art,"Eu acho que não tenho nada a dizer. Normalmente é uma coisa boa. Correu tudo bem. Acho que foi tudo bem. As pessoas com quem encontrei, acho que foram todas muito atenciosas. Acho que sem parecer aquela coisa falsa ou exagerada, porque às vezes... Não, acho que foi tudo muito cordial e acho que foi tudo muito profissional e... E educado e simpático e não tenho nada, aliás, não tenho nada, só o seja, não tenho nada de mal, mas tenho tudo bem a dizer. Só se alentar, porque acho que sinto-me segura de estar aqui. Às vezes parece que das experiências que eu tive, não só da minha parte, mas do acompanhamento que fiz a outros doentes, nomeadamente os meus pais, Às vezes nós não sabermos se as pessoas estão a ser, no mínimo, profissionais, deixam-nos muito mais incertos. Não é de saber, pronto, será que alguém está a olhar? Será que alguém está a ver? Será que tem esse aspecto? Acho que é bom, é bom estar aqui. E estar noutros sítios, em grande circunstância, estou satisfeita com a minha escolha. Estou segura também. Que não estaria melhor em outro sítio.",Correu tudo bem.,correu,1,True,True,,Correu tudo bem.,2,2_fantástico_correu_fantásticos_fantástico fantástico,"['fantástico', 'correu', 'fantásticos', 'fantástico fantástico', 'espetacular', 'correu perfeito', 'correu espetacular', 'fantástico normal', 'espetacular ótimo', 'excelente fantásticos']","['Correu tudo bem.', 'Correu tudo bem.', 'Foi fantástico, foi mesmo fantástico.']",fantástico - correu - fantásticos - fantástico fantástico - espetacular - correu perfeito - correu espetacular - fantástico normal - espetacular ótimo - excelente fantásticos,1.0,True
99,44,44,5,1,VR Art,"Eu acho que não tenho nada a dizer. Normalmente é uma coisa boa. Correu tudo bem. Acho que foi tudo bem. As pessoas com quem encontrei, acho que foram todas muito atenciosas. Acho que sem parecer aquela coisa falsa ou exagerada, porque às vezes... Não, acho que foi tudo muito cordial e acho que foi tudo muito profissional e... E educado e simpático e não tenho nada, aliás, não tenho nada, só o seja, não tenho nada de mal, mas tenho tudo bem a dizer. Só se alentar, porque acho que sinto-me segura de estar aqui. Às vezes parece que das experiências que eu tive, não só da minha parte, mas do acompanhamento que fiz a outros doentes, nomeadamente os meus pais, Às vezes nós não sabermos se as pessoas estão a ser, no mínimo, profissionais, deixam-nos muito mais incertos. Não é de saber, pronto, será que alguém está a olhar? Será que alguém está a ver? Será que tem esse aspecto? Acho que é bom, é bom estar aqui. E estar noutros sítios, em grande circunstância, estou satisfeita com a minha escolha. Estou segura também. Que não estaria melhor em outro sítio.","As pessoas com quem encontrei, acho que foram todas muito atenciosas.",pessoas encontrei todas atenciosas,4,True,True,,"As pessoas com quem encontrei, acho que foram todas muito atenciosas.",5,5_pessoas_todas_amável_perguntando trataram,"['pessoas', 'todas', 'amável', 'perguntando trataram', 'humana pessoas', 'gente amável', 'componente', 'fazer pessoas', 'atenciosidade todas', 'encontrei todas']","['A atenciosidade de todas as pessoas.', 'As pessoas com quem encontrei, acho que foram todas muito atenciosas.', 'Todos me trataram bem, todos responderam às perguntas que eu tinha para fazer.']",pessoas - todas - amável - perguntando trataram - humana pessoas - gente amável - componente - fazer pessoas - atenciosidade todas - encontrei todas,1.0,True
100,44,44,6,1,VR Art,"Eu acho que não tenho nada a dizer. Normalmente é uma coisa boa. Correu tudo bem. Acho que foi tudo bem. As pessoas com quem encontrei, acho que foram todas muito atenciosas. Acho que sem parecer aquela coisa falsa ou exagerada, porque às vezes... Não, acho que foi tudo muito cordial e acho que foi tudo muito profissional e... E educado e simpático e não tenho nada, aliás, não tenho nada, só o seja, não tenho nada de mal, mas tenho tudo bem a dizer. Só se alentar, porque acho que sinto-me segura de estar aqui. Às vezes parece que das experiências que eu tive, não só da minha parte, mas do acompanhamento que fiz a outros doentes, nomeadamente os meus pais, Às vezes nós não sabermos se as pessoas estão a ser, no mínimo, profissionais, deixam-nos muito mais incertos. Não é de saber, pronto, será que alguém está a olhar? Será que alguém está a ver? Será que tem esse aspecto? Acho que é bom, é bom estar aqui. E estar noutros sítios, em grande circunstância, estou satisfeita com a minha escolha. Estou segura também. Que não estaria melhor em outro sítio.","Acho que sem parecer aquela coisa falsa ou exagerada, porque às vezes...",parecer falsa exagerada às vezes,5,True,True,,"Acho que sem parecer aquela coisa falsa ou exagerada, porque às vezes...",0,0_senti_cinco_cinco estrelas_estrelas,"['senti', 'cinco', 'cinco estrelas', 'estrelas', 'razão queixa', 'falha', 'outra palavra', 'palavra', 'palavra usar', 'parecer']","['Acho que sem parecer aquela coisa falsa ou exagerada, porque às vezes...', 'Não, cinco estrelas.', 'Não, acho que aqui são cinco estrelas.']",senti - cinco - cinco estrelas - estrelas - razão queixa - falha - outra palavra - palavra - palavra usar - parecer,0.23582375872002428,True
101,44,44,7,1,VR Art,"Eu acho que não tenho nada a dizer. Normalmente é uma coisa boa. Correu tudo bem. Acho que foi tudo bem. As pessoas com quem encontrei, acho que foram todas muito atenciosas. Acho que sem parecer aquela coisa falsa ou exagerada, porque às vezes... Não, acho que foi tudo muito cordial e acho que foi tudo muito profissional e... E educado e simpático e não tenho nada, aliás, não tenho nada, só o seja, não tenho nada de mal, mas tenho tudo bem a dizer. Só se alentar, porque acho que sinto-me segura de estar aqui. Às vezes parece que das experiências que eu tive, não só da minha parte, mas do acompanhamento que fiz a outros doentes, nomeadamente os meus pais, Às vezes nós não sabermos se as pessoas estão a ser, no mínimo, profissionais, deixam-nos muito mais incertos. Não é de saber, pronto, será que alguém está a olhar? Será que alguém está a ver? Será que tem esse aspecto? Acho que é bom, é bom estar aqui. E estar noutros sítios, em grande circunstância, estou satisfeita com a minha escolha. Estou segura também. Que não estaria melhor em outro sítio.","Não, acho que foi tudo muito cordial e acho que foi tudo muito profissional e...",cordial profissional,2,True,True,,"Não, acho que foi tudo muito cordial e acho que foi tudo muito profissional e...",-1,-1_melhor_amiga_vai_sítio,"['melhor', 'amiga', 'vai', 'sítio', 'pacientes', 'agradável', 'outro sítio', 'outro', 'operar', 'grande']","['Sempre acho que toda a pessoa que trabalha nesta instituição tem sempre uma delicadeza e um cuidado para tratar com os pacientes.', 'Portanto, esta forma atenciosa com que pedem autorização para colocar os procedimentos, ou avisar que vai ser desagradável, ou pedir desculpa, tudo isso é muito humanizante.', 'Às vezes parece que das experiências que eu tive, não só da minha parte, mas do acompanhamento que fiz a outros doentes, nomeadamente os meus pais, Às vezes nós não sabermos se as pessoas estão a ser, no mínimo, profissionais, deixam-nos muito mais incertos.']",melhor - amiga - vai - sítio - pacientes - agradável - outro sítio - outro - operar - grande,0.1681203884624618,False
102,44,44,8,1,VR Art,"Eu acho que não tenho nada a dizer. Normalmente é uma coisa boa. Correu tudo bem. Acho que foi tudo bem. As pessoas com quem encontrei, acho que foram todas muito atenciosas. Acho que sem parecer aquela coisa falsa ou exagerada, porque às vezes... Não, acho que foi tudo muito cordial e acho que foi tudo muito profissional e... E educado e simpático e não tenho nada, aliás, não tenho nada, só o seja, não tenho nada de mal, mas tenho tudo bem a dizer. Só se alentar, porque acho que sinto-me segura de estar aqui. Às vezes parece que das experiências que eu tive, não só da minha parte, mas do acompanhamento que fiz a outros doentes, nomeadamente os meus pais, Às vezes nós não sabermos se as pessoas estão a ser, no mínimo, profissionais, deixam-nos muito mais incertos. Não é de saber, pronto, será que alguém está a olhar? Será que alguém está a ver? Será que tem esse aspecto? Acho que é bom, é bom estar aqui. E estar noutros sítios, em grande circunstância, estou satisfeita com a minha escolha. Estou segura também. Que não estaria melhor em outro sítio.","E educado e simpático e não tenho nada, aliás, não tenho nada, só o seja, não tenho nada de mal, mas tenho tudo bem a dizer.",educado simpático aliás seja mal,5,True,True,,"E educado e simpático e não tenho nada, aliás, não tenho nada, só o seja, não tenho nada de mal, mas tenho tudo bem a dizer.",-1,-1_melhor_amiga_vai_sítio,"['melhor', 'amiga', 'vai', 'sítio', 'pacientes', 'agradável', 'outro sítio', 'outro', 'operar', 'grande']","['Sempre acho que toda a pessoa que trabalha nesta instituição tem sempre uma delicadeza e um cuidado para tratar com os pacientes.', 'Portanto, esta forma atenciosa com que pedem autorização para colocar os procedimentos, ou avisar que vai ser desagradável, ou pedir desculpa, tudo isso é muito humanizante.', 'Às vezes parece que das experiências que eu tive, não só da minha parte, mas do acompanhamento que fiz a outros doentes, nomeadamente os meus pais, Às vezes nós não sabermos se as pessoas estão a ser, no mínimo, profissionais, deixam-nos muito mais incertos.']",melhor - amiga - vai - sítio - pacientes - agradável - outro sítio - outro - operar - grande,0.1683401462299885,False
103,44,44,9,1,VR Art,"Eu acho que não tenho nada a dizer. Normalmente é uma coisa boa. Correu tudo bem. Acho que foi tudo bem. As pessoas com quem encontrei, acho que foram todas muito atenciosas. Acho que sem parecer aquela coisa falsa ou exagerada, porque às vezes... Não, acho que foi tudo muito cordial e acho que foi tudo muito profissional e... E educado e simpático e não tenho nada, aliás, não tenho nada, só o seja, não tenho nada de mal, mas tenho tudo bem a dizer. Só se alentar, porque acho que sinto-me segura de estar aqui. Às vezes parece que das experiências que eu tive, não só da minha parte, mas do acompanhamento que fiz a outros doentes, nomeadamente os meus pais, Às vezes nós não sabermos se as pessoas estão a ser, no mínimo, profissionais, deixam-nos muito mais incertos. Não é de saber, pronto, será que alguém está a olhar? Será que alguém está a ver? Será que tem esse aspecto? Acho que é bom, é bom estar aqui. E estar noutros sítios, em grande circunstância, estou satisfeita com a minha escolha. Estou segura também. Que não estaria melhor em outro sítio.","Só se alentar, porque acho que sinto-me segura de estar aqui.",alentar sinto segura,3,True,True,,"Só se alentar, porque acho que sinto-me segura de estar aqui.",9,9_segura_tranquilidade_tranquilidade traz_tranquilidade alentar,"['segura', 'tranquilidade', 'tranquilidade traz', 'tranquilidade alentar', 'sinto segura', 'segura segura', 'faz tranquilidade', 'alentar sinto', 'alentar', 'traz']","['Isso traz-nos tranquilidade.', 'E isso faz esta tranquilidade também.', 'Só se alentar, porque acho que sinto-me segura de estar aqui.']",segura - tranquilidade - tranquilidade traz - tranquilidade alentar - sinto segura - segura segura - faz tranquilidade - alentar sinto - alentar - traz,1.0,True
104,44,44,10,1,VR Art,"Eu acho que não tenho nada a dizer. Normalmente é uma coisa boa. Correu tudo bem. Acho que foi tudo bem. As pessoas com quem encontrei, acho que foram todas muito atenciosas. Acho que sem parecer aquela coisa falsa ou exagerada, porque às vezes... Não, acho que foi tudo muito cordial e acho que foi tudo muito profissional e... E educado e simpático e não tenho nada, aliás, não tenho nada, só o seja, não tenho nada de mal, mas tenho tudo bem a dizer. Só se alentar, porque acho que sinto-me segura de estar aqui. Às vezes parece que das experiências que eu tive, não só da minha parte, mas do acompanhamento que fiz a outros doentes, nomeadamente os meus pais, Às vezes nós não sabermos se as pessoas estão a ser, no mínimo, profissionais, deixam-nos muito mais incertos. Não é de saber, pronto, será que alguém está a olhar? Será que alguém está a ver? Será que tem esse aspecto? Acho que é bom, é bom estar aqui. E estar noutros sítios, em grande circunstância, estou satisfeita com a minha escolha. Estou segura também. Que não estaria melhor em outro sítio.","Às vezes parece que das experiências que eu tive, não só da minha parte, mas do acompanhamento que fiz a outros doentes, nomeadamente os meus pais, Às vezes nós não sabermos se as pessoas estão a ser, no mínimo, profissionais, deixam-nos muito mais incertos.",às vezes parece experiências parte acompanhamento fiz outros doentes nomeadamente meus pais às vezes sabermos pessoas mínimo profissionais deixam incertos,20,True,True,,"Às vezes parece que das experiências que eu tive, não só da minha parte, mas do acompanhamento que fiz a outros doentes, nomeadamente os meus pais, Às vezes nós não sabermos se as pessoas estão a ser, no mínimo, profissionais, deixam-nos muito mais incertos.",-1,-1_melhor_amiga_vai_sítio,"['melhor', 'amiga', 'vai', 'sítio', 'pacientes', 'agradável', 'outro sítio', 'outro', 'operar', 'grande']","['Sempre acho que toda a pessoa que trabalha nesta instituição tem sempre uma delicadeza e um cuidado para tratar com os pacientes.', 'Portanto, esta forma atenciosa com que pedem autorização para colocar os procedimentos, ou avisar que vai ser desagradável, ou pedir desculpa, tudo isso é muito humanizante.', 'Às vezes parece que das experiências que eu tive, não só da minha parte, mas do acompanhamento que fiz a outros doentes, nomeadamente os meus pais, Às vezes nós não sabermos se as pessoas estão a ser, no mínimo, profissionais, deixam-nos muito mais incertos.']",melhor - amiga - vai - sítio - pacientes - agradável - outro sítio - outro - operar - grande,0.18931103525501425,True
105,44,44,11,1,VR Art,"Eu acho que não tenho nada a dizer. Normalmente é uma coisa boa. Correu tudo bem. Acho que foi tudo bem. As pessoas com quem encontrei, acho que foram todas muito atenciosas. Acho que sem parecer aquela coisa falsa ou exagerada, porque às vezes... Não, acho que foi tudo muito cordial e acho que foi tudo muito profissional e... E educado e simpático e não tenho nada, aliás, não tenho nada, só o seja, não tenho nada de mal, mas tenho tudo bem a dizer. Só se alentar, porque acho que sinto-me segura de estar aqui. Às vezes parece que das experiências que eu tive, não só da minha parte, mas do acompanhamento que fiz a outros doentes, nomeadamente os meus pais, Às vezes nós não sabermos se as pessoas estão a ser, no mínimo, profissionais, deixam-nos muito mais incertos. Não é de saber, pronto, será que alguém está a olhar? Será que alguém está a ver? Será que tem esse aspecto? Acho que é bom, é bom estar aqui. E estar noutros sítios, em grande circunstância, estou satisfeita com a minha escolha. Estou segura também. Que não estaria melhor em outro sítio.","Não é de saber, pronto, será que alguém está a olhar?",saber será alguém olhar,4,True,True,,"Não é de saber, pronto, será que alguém está a olhar?",6,6_será_será alguém_alguém_ver será,"['será', 'será alguém', 'alguém', 'ver será', 'perguntaram', 'tal', 'será aspecto', 'sentindo preocupação', 'sentindo', 'saber será']","['Teve a preocupação quando eu falei que eu estava com espada e tal.', 'Será que alguém está a ver?', 'Não é de saber, pronto, será que alguém está a olhar?']",será - será alguém - alguém - ver será - perguntaram - tal - será aspecto - sentindo preocupação - sentindo - saber será,1.0,True
106,44,44,12,1,VR Art,"Eu acho que não tenho nada a dizer. Normalmente é uma coisa boa. Correu tudo bem. Acho que foi tudo bem. As pessoas com quem encontrei, acho que foram todas muito atenciosas. Acho que sem parecer aquela coisa falsa ou exagerada, porque às vezes... Não, acho que foi tudo muito cordial e acho que foi tudo muito profissional e... E educado e simpático e não tenho nada, aliás, não tenho nada, só o seja, não tenho nada de mal, mas tenho tudo bem a dizer. Só se alentar, porque acho que sinto-me segura de estar aqui. Às vezes parece que das experiências que eu tive, não só da minha parte, mas do acompanhamento que fiz a outros doentes, nomeadamente os meus pais, Às vezes nós não sabermos se as pessoas estão a ser, no mínimo, profissionais, deixam-nos muito mais incertos. Não é de saber, pronto, será que alguém está a olhar? Será que alguém está a ver? Será que tem esse aspecto? Acho que é bom, é bom estar aqui. E estar noutros sítios, em grande circunstância, estou satisfeita com a minha escolha. Estou segura também. Que não estaria melhor em outro sítio.",Será que alguém está a ver?,será alguém ver,3,True,True,,Será que alguém está a ver?,6,6_será_será alguém_alguém_ver será,"['será', 'será alguém', 'alguém', 'ver será', 'perguntaram', 'tal', 'será aspecto', 'sentindo preocupação', 'sentindo', 'saber será']","['Teve a preocupação quando eu falei que eu estava com espada e tal.', 'Será que alguém está a ver?', 'Não é de saber, pronto, será que alguém está a olhar?']",será - será alguém - alguém - ver será - perguntaram - tal - será aspecto - sentindo preocupação - sentindo - saber será,1.0,True
107,44,44,13,1,VR Art,"Eu acho que não tenho nada a dizer. Normalmente é uma coisa boa. Correu tudo bem. Acho que foi tudo bem. As pessoas com quem encontrei, acho que foram todas muito atenciosas. Acho que sem parecer aquela coisa falsa ou exagerada, porque às vezes... Não, acho que foi tudo muito cordial e acho que foi tudo muito profissional e... E educado e simpático e não tenho nada, aliás, não tenho nada, só o seja, não tenho nada de mal, mas tenho tudo bem a dizer. Só se alentar, porque acho que sinto-me segura de estar aqui. Às vezes parece que das experiências que eu tive, não só da minha parte, mas do acompanhamento que fiz a outros doentes, nomeadamente os meus pais, Às vezes nós não sabermos se as pessoas estão a ser, no mínimo, profissionais, deixam-nos muito mais incertos. Não é de saber, pronto, será que alguém está a olhar? Será que alguém está a ver? Será que tem esse aspecto? Acho que é bom, é bom estar aqui. E estar noutros sítios, em grande circunstância, estou satisfeita com a minha escolha. Estou segura também. Que não estaria melhor em outro sítio.",Será que tem esse aspecto?,será aspecto,2,True,True,,Será que tem esse aspecto?,6,6_será_será alguém_alguém_ver será,"['será', 'será alguém', 'alguém', 'ver será', 'perguntaram', 'tal', 'será aspecto', 'sentindo preocupação', 'sentindo', 'saber será']","['Teve a preocupação quando eu falei que eu estava com espada e tal.', 'Será que alguém está a ver?', 'Não é de saber, pronto, será que alguém está a olhar?']",será - será alguém - alguém - ver será - perguntaram - tal - será aspecto - sentindo preocupação - sentindo - saber será,1.0,False
109,44,44,15,1,VR Art,"Eu acho que não tenho nada a dizer. Normalmente é uma coisa boa. Correu tudo bem. Acho que foi tudo bem. As pessoas com quem encontrei, acho que foram todas muito atenciosas. Acho que sem parecer aquela coisa falsa ou exagerada, porque às vezes... Não, acho que foi tudo muito cordial e acho que foi tudo muito profissional e... E educado e simpático e não tenho nada, aliás, não tenho nada, só o seja, não tenho nada de mal, mas tenho tudo bem a dizer. Só se alentar, porque acho que sinto-me segura de estar aqui. Às vezes parece que das experiências que eu tive, não só da minha parte, mas do acompanhamento que fiz a outros doentes, nomeadamente os meus pais, Às vezes nós não sabermos se as pessoas estão a ser, no mínimo, profissionais, deixam-nos muito mais incertos. Não é de saber, pronto, será que alguém está a olhar? Será que alguém está a ver? Será que tem esse aspecto? Acho que é bom, é bom estar aqui. E estar noutros sítios, em grande circunstância, estou satisfeita com a minha escolha. Estou segura também. Que não estaria melhor em outro sítio.","E estar noutros sítios, em grande circunstância, estou satisfeita com a minha escolha.",noutros sítios grande circunstância satisfeita escolha,6,True,True,,"E estar noutros sítios, em grande circunstância, estou satisfeita com a minha escolha.",-1,-1_melhor_amiga_vai_sítio,"['melhor', 'amiga', 'vai', 'sítio', 'pacientes', 'agradável', 'outro sítio', 'outro', 'operar', 'grande']","['Sempre acho que toda a pessoa que trabalha nesta instituição tem sempre uma delicadeza e um cuidado para tratar com os pacientes.', 'Portanto, esta forma atenciosa com que pedem autorização para colocar os procedimentos, ou avisar que vai ser desagradável, ou pedir desculpa, tudo isso é muito humanizante.', 'Às vezes parece que das experiências que eu tive, não só da minha parte, mas do acompanhamento que fiz a outros doentes, nomeadamente os meus pais, Às vezes nós não sabermos se as pessoas estão a ser, no mínimo, profissionais, deixam-nos muito mais incertos.']",melhor - amiga - vai - sítio - pacientes - agradável - outro sítio - outro - operar - grande,0.16487075041130228,False
110,44,44,16,1,VR Art,"Eu acho que não tenho nada a dizer. Normalmente é uma coisa boa. Correu tudo bem. Acho que foi tudo bem. As pessoas com quem encontrei, acho que foram todas muito atenciosas. Acho que sem parecer aquela coisa falsa ou exagerada, porque às vezes... Não, acho que foi tudo muito cordial e acho que foi tudo muito profissional e... E educado e simpático e não tenho nada, aliás, não tenho nada, só o seja, não tenho nada de mal, mas tenho tudo bem a dizer. Só se alentar, porque acho que sinto-me segura de estar aqui. Às vezes parece que das experiências que eu tive, não só da minha parte, mas do acompanhamento que fiz a outros doentes, nomeadamente os meus pais, Às vezes nós não sabermos se as pessoas estão a ser, no mínimo, profissionais, deixam-nos muito mais incertos. Não é de saber, pronto, será que alguém está a olhar? Será que alguém está a ver? Será que tem esse aspecto? Acho que é bom, é bom estar aqui. E estar noutros sítios, em grande circunstância, estou satisfeita com a minha escolha. Estou segura também. Que não estaria melhor em outro sítio.",Estou segura também.,segura,1,True,True,,Estou segura também.,9,9_segura_tranquilidade_tranquilidade traz_tranquilidade alentar,"['segura', 'tranquilidade', 'tranquilidade traz', 'tranquilidade alentar', 'sinto segura', 'segura segura', 'faz tranquilidade', 'alentar sinto', 'alentar', 'traz']","['Isso traz-nos tranquilidade.', 'E isso faz esta tranquilidade também.', 'Só se alentar, porque acho que sinto-me segura de estar aqui.']",segura - tranquilidade - tranquilidade traz - tranquilidade alentar - sinto segura - segura segura - faz tranquilidade - alentar sinto - alentar - traz,1.0,False
111,44,44,17,1,VR Art,"Eu acho que não tenho nada a dizer. Normalmente é uma coisa boa. Correu tudo bem. Acho que foi tudo bem. As pessoas com quem encontrei, acho que foram todas muito atenciosas. Acho que sem parecer aquela coisa falsa ou exagerada, porque às vezes... Não, acho que foi tudo muito cordial e acho que foi tudo muito profissional e... E educado e simpático e não tenho nada, aliás, não tenho nada, só o seja, não tenho nada de mal, mas tenho tudo bem a dizer. Só se alentar, porque acho que sinto-me segura de estar aqui. Às vezes parece que das experiências que eu tive, não só da minha parte, mas do acompanhamento que fiz a outros doentes, nomeadamente os meus pais, Às vezes nós não sabermos se as pessoas estão a ser, no mínimo, profissionais, deixam-nos muito mais incertos. Não é de saber, pronto, será que alguém está a olhar? Será que alguém está a ver? Será que tem esse aspecto? Acho que é bom, é bom estar aqui. E estar noutros sítios, em grande circunstância, estou satisfeita com a minha escolha. Estou segura também. Que não estaria melhor em outro sítio.",Que não estaria melhor em outro sítio.,estaria melhor outro sítio,4,True,True,,Que não estaria melhor em outro sítio.,-1,-1_melhor_amiga_vai_sítio,"['melhor', 'amiga', 'vai', 'sítio', 'pacientes', 'agradável', 'outro sítio', 'outro', 'operar', 'grande']","['Sempre acho que toda a pessoa que trabalha nesta instituição tem sempre uma delicadeza e um cuidado para tratar com os pacientes.', 'Portanto, esta forma atenciosa com que pedem autorização para colocar os procedimentos, ou avisar que vai ser desagradável, ou pedir desculpa, tudo isso é muito humanizante.', 'Às vezes parece que das experiências que eu tive, não só da minha parte, mas do acompanhamento que fiz a outros doentes, nomeadamente os meus pais, Às vezes nós não sabermos se as pessoas estão a ser, no mínimo, profissionais, deixam-nos muito mais incertos.']",melhor - amiga - vai - sítio - pacientes - agradável - outro sítio - outro - operar - grande,0.16487075041130228,False
113,46,46,1,2,VR Only,"Não, tudo impecável como sempre, já é a sexta vez, portanto...","Não, tudo impecável como sempre, já é a sexta vez, portanto...",impecável sexta vez,3,True,True,,"Não, tudo impecável como sempre, já é a sexta vez, portanto...",0,0_senti_cinco_cinco estrelas_estrelas,"['senti', 'cinco', 'cinco estrelas', 'estrelas', 'razão queixa', 'falha', 'outra palavra', 'palavra', 'palavra usar', 'parecer']","['Acho que sem parecer aquela coisa falsa ou exagerada, porque às vezes...', 'Não, cinco estrelas.', 'Não, acho que aqui são cinco estrelas.']",senti - cinco - cinco estrelas - estrelas - razão queixa - falha - outra palavra - palavra - palavra usar - parecer,0.13922130113586176,False
114,47,47,1,1,VR Art,Sempre isto aqui é outro sítio.,Sempre isto aqui é outro sítio.,outro sítio,2,True,True,,Sempre isto aqui é outro sítio.,-1,-1_melhor_amiga_vai_sítio,"['melhor', 'amiga', 'vai', 'sítio', 'pacientes', 'agradável', 'outro sítio', 'outro', 'operar', 'grande']","['Sempre acho que toda a pessoa que trabalha nesta instituição tem sempre uma delicadeza e um cuidado para tratar com os pacientes.', 'Portanto, esta forma atenciosa com que pedem autorização para colocar os procedimentos, ou avisar que vai ser desagradável, ou pedir desculpa, tudo isso é muito humanizante.', 'Às vezes parece que das experiências que eu tive, não só da minha parte, mas do acompanhamento que fiz a outros doentes, nomeadamente os meus pais, Às vezes nós não sabermos se as pessoas estão a ser, no mínimo, profissionais, deixam-nos muito mais incertos.']",melhor - amiga - vai - sítio - pacientes - agradável - outro sítio - outro - operar - grande,0.16487075041130228,False
115,49,49,1,2,VR Only,O tempo de espera. Isso não se pode dizer. Eu fiz um exame às nove e meia e a cirurgia era para ser às três e meia.,O tempo de espera.,tempo espera,2,True,True,,O tempo de espera.,4,4_espera_tempo espera_tempo_ansiedade,"['espera', 'tempo espera', 'tempo', 'ansiedade', 'pensava', 'nervosismo tempo', 'dedicada', 'dedicada hoje', 'desde primeira', 'espera dedicada']","['O tempo de espera.', 'E depois passei o tempo todo à espera.', 'Pois, o início, houve aquela tribulação nos timings que eu não tinha compreendido bem e que me provocou aqui uns picos e uns aumentos de ansiedade e de nervosismo.']",espera - tempo espera - tempo - ansiedade - pensava - nervosismo tempo - dedicada - dedicada hoje - desde primeira - espera dedicada,1.0,True
116,49,49,2,2,VR Only,O tempo de espera. Isso não se pode dizer. Eu fiz um exame às nove e meia e a cirurgia era para ser às três e meia.,Isso não se pode dizer.,pode,1,True,True,,Isso não se pode dizer.,0,0_senti_cinco_cinco estrelas_estrelas,"['senti', 'cinco', 'cinco estrelas', 'estrelas', 'razão queixa', 'falha', 'outra palavra', 'palavra', 'palavra usar', 'parecer']","['Acho que sem parecer aquela coisa falsa ou exagerada, porque às vezes...', 'Não, cinco estrelas.', 'Não, acho que aqui são cinco estrelas.']",senti - cinco - cinco estrelas - estrelas - razão queixa - falha - outra palavra - palavra - palavra usar - parecer,0.32483454269775563,False
117,49,49,3,2,VR Only,O tempo de espera. Isso não se pode dizer. Eu fiz um exame às nove e meia e a cirurgia era para ser às três e meia.,Eu fiz um exame às nove e meia e a cirurgia era para ser às três e meia.,fiz exame às nove meia cirurgia às três meia,9,True,True,,Eu fiz um exame às nove e meia e a cirurgia era para ser às três e meia.,8,8_exame_meia_fazer_às,"['exame', 'meia', 'fazer', 'às', 'às três', 'serigrafia', 'fazer fiz', 'difícil', 'dias exames', 'dias']","['Mas, quer dizer, houve aí dias que eu tive 4, 5, 6 exames de fazer.', 'Eu fiz um exame às nove e meia e a cirurgia era para ser às três e meia.', 'Hoje não tive nada de especial, foi fazer o exame, a serigrafia, ou não sei quanto, é difícil dizer.']",exame - meia - fazer - às - às três - serigrafia - fazer fiz - difícil - dias exames - dias,1.0,True
119,52,52,1,2,VR Only,Fui bem acolhida.,Fui bem acolhida.,acolhida,1,True,True,,Fui bem acolhida.,1,1_acolhida_acolhida acolhida_sentir_acarinhada,"['acolhida', 'acolhida acolhida', 'sentir', 'acarinhada', 'única', 'acolhidos', 'acolhida acolhimento', 'cá acolhida', 'acolhida facto', 'acolhida gente']","['Não, sempre fui bem acolhida aqui.', 'Fui bem acolhida.', 'O facto de depois chegar cá e ser acolhida e de estar já em tratamento pré-operatório, sinto muito, muito bem acolhida.']",acolhida - acolhida acolhida - sentir - acarinhada - única - acolhidos - acolhida acolhimento - cá acolhida - acolhida facto - acolhida gente,1.0,True
121,54,54,1,2,VR Only,Está tudo perfeito.,Está tudo perfeito.,perfeito,1,True,True,,Está tudo perfeito.,2,2_fantástico_correu_fantásticos_fantástico fantástico,"['fantástico', 'correu', 'fantásticos', 'fantástico fantástico', 'espetacular', 'correu perfeito', 'correu espetacular', 'fantástico normal', 'espetacular ótimo', 'excelente fantásticos']","['Correu tudo bem.', 'Correu tudo bem.', 'Foi fantástico, foi mesmo fantástico.']",fantástico - correu - fantásticos - fantástico fantástico - espetacular - correu perfeito - correu espetacular - fantástico normal - espetacular ótimo - excelente fantásticos,1.0,False
123,57,57,1,2,VR Only,"Não, estou sempre bem cuidada desde que cheguei.","Não, estou sempre bem cuidada desde que cheguei.",cuidada desde cheguei,3,True,True,,"Não, estou sempre bem cuidada desde que cheguei.",1,1_acolhida_acolhida acolhida_sentir_acarinhada,"['acolhida', 'acolhida acolhida', 'sentir', 'acarinhada', 'única', 'acolhidos', 'acolhida acolhimento', 'cá acolhida', 'acolhida facto', 'acolhida gente']","['Não, sempre fui bem acolhida aqui.', 'Fui bem acolhida.', 'O facto de depois chegar cá e ser acolhida e de estar já em tratamento pré-operatório, sinto muito, muito bem acolhida.']",acolhida - acolhida acolhida - sentir - acarinhada - única - acolhidos - acolhida acolhimento - cá acolhida - acolhida facto - acolhida gente,0.36287886654738655,False
125,59,59,1,1,VR Art,"Não, estou contente. Não tenho nada a reclamar.","Não, estou contente.",contente,1,True,True,,"Não, estou contente.",-1,-1_melhor_amiga_vai_sítio,"['melhor', 'amiga', 'vai', 'sítio', 'pacientes', 'agradável', 'outro sítio', 'outro', 'operar', 'grande']","['Sempre acho que toda a pessoa que trabalha nesta instituição tem sempre uma delicadeza e um cuidado para tratar com os pacientes.', 'Portanto, esta forma atenciosa com que pedem autorização para colocar os procedimentos, ou avisar que vai ser desagradável, ou pedir desculpa, tudo isso é muito humanizante.', 'Às vezes parece que das experiências que eu tive, não só da minha parte, mas do acompanhamento que fiz a outros doentes, nomeadamente os meus pais, Às vezes nós não sabermos se as pessoas estão a ser, no mínimo, profissionais, deixam-nos muito mais incertos.']",melhor - amiga - vai - sítio - pacientes - agradável - outro sítio - outro - operar - grande,0.09263249593602407,False
126,59,59,2,1,VR Art,"Não, estou contente. Não tenho nada a reclamar.",Não tenho nada a reclamar.,reclamar,1,True,True,,Não tenho nada a reclamar.,0,0_senti_cinco_cinco estrelas_estrelas,"['senti', 'cinco', 'cinco estrelas', 'estrelas', 'razão queixa', 'falha', 'outra palavra', 'palavra', 'palavra usar', 'parecer']","['Acho que sem parecer aquela coisa falsa ou exagerada, porque às vezes...', 'Não, cinco estrelas.', 'Não, acho que aqui são cinco estrelas.']",senti - cinco - cinco estrelas - estrelas - razão queixa - falha - outra palavra - palavra - palavra usar - parecer,1.0,False
127,60,60,1,3,Control,Acho que é toda a gente muito amável e sensível ao meu estar.,Acho que é toda a gente muito amável e sensível ao meu estar.,gente amável sensível,3,True,True,,Acho que é toda a gente muito amável e sensível ao meu estar.,5,5_pessoas_todas_amável_perguntando trataram,"['pessoas', 'todas', 'amável', 'perguntando trataram', 'humana pessoas', 'gente amável', 'componente', 'fazer pessoas', 'atenciosidade todas', 'encontrei todas']","['A atenciosidade de todas as pessoas.', 'As pessoas com quem encontrei, acho que foram todas muito atenciosas.', 'Todos me trataram bem, todos responderam às perguntas que eu tinha para fazer.']",pessoas - todas - amável - perguntando trataram - humana pessoas - gente amável - componente - fazer pessoas - atenciosidade todas - encontrei todas,0.4716963096317237,False
